AlertID,CreatedAt,CreatedDate,AcknowledgedAt,ClosedAt,Severity,SeverityOrder,RuleName,Source,MITRETechniqueCandidate,Host,Analyst,Status,Disposition,AckTargetMinutes,AckMinutes,ResolutionMinutes,AckSLAStatus,SnapshotAt,DataOrigin
ALT-00001,2026-09-30 02:25:00,2026-09-30,2026-09-30 02:55:00,2026-09-30 07:50:00,High,2,Unusual remote access,Identity,T1078,WS-044,Analyst A,Closed,False Positive,30,30,325,Met,2026-10-01 00:00:00,Synthetic
ALT-00002,2026-09-27 20:58:00,2026-09-27,2026-09-27 22:59:00,2026-09-28 16:23:00,Medium,3,Repeated authentication failures,Identity,T1110,WS-036,Analyst B,Closed,False Positive,120,121,1165,Breached,2026-10-01 00:00:00,Synthetic
ALT-00003,2026-09-30 13:50:00,2026-09-30,2026-09-30 18:53:00,,Medium,3,Large outbound transfer,Network,T1041,WS-052,Analyst A,In Progress,Pending,120,303,,Breached,2026-10-01 00:00:00,Synthetic
ALT-00004,2026-09-08 06:23:00,2026-09-08,2026-09-08 08:15:00,2026-09-08 19:54:00,Medium,3,Periodic outbound connection,Network,T1071.001,WS-025,Analyst A,Closed,True Positive,120,112,811,Met,2026-10-01 00:00:00,Synthetic
ALT-00005,2026-09-17 08:06:00,2026-09-17,2026-09-17 08:52:00,2026-09-18 00:42:00,Low,4,Suspicious email attachment,Email,T1566.001,WS-060,Analyst D,Closed,False Positive,240,46,996,Met,2026-10-01 00:00:00,Synthetic
ALT-00006,2026-09-04 14:04:00,2026-09-04,2026-09-04 17:11:00,2026-09-05 13:03:00,Medium,3,Unusual remote access,Identity,T1078,WS-005,Analyst A,Closed,True Positive,120,187,1379,Breached,2026-10-01 00:00:00,Synthetic
ALT-00007,2026-09-11 08:55:00,2026-09-11,2026-09-11 10:40:00,,Low,4,Repeated authentication failures,Identity,T1110,WS-025,Analyst C,In Progress,Pending,240,105,,Met,2026-10-01 00:00:00,Synthetic
ALT-00008,2026-09-21 15:14:00,2026-09-21,2026-09-21 18:17:00,2026-09-22 01:36:00,Medium,3,Periodic outbound connection,Network,T1071.001,WS-045,Analyst A,Closed,False Positive,120,183,622,Breached,2026-10-01 00:00:00,Synthetic
ALT-00009,2026-09-28 17:20:00,2026-09-28,2026-09-28 18:45:00,,Medium,3,Suspicious email attachment,Email,T1566.001,WS-030,Analyst D,In Progress,Pending,120,85,,Met,2026-10-01 00:00:00,Synthetic
ALT-00010,2026-09-13 06:51:00,2026-09-13,2026-09-13 10:37:00,2026-09-14 10:09:00,Low,4,Unusual remote access,Identity,T1078,WS-050,Analyst A,Closed,False Positive,240,226,1638,Met,2026-10-01 00:00:00,Synthetic
ALT-00011,2026-09-11 10:10:00,2026-09-11,2026-09-11 11:19:00,2026-09-11 18:41:00,Low,4,Periodic outbound connection,Network,T1071.001,WS-037,Analyst C,Closed,Benign Positive,240,69,511,Met,2026-10-01 00:00:00,Synthetic
ALT-00012,2026-09-10 16:14:00,2026-09-10,2026-09-10 21:45:00,,Medium,3,Large outbound transfer,Network,T1041,WS-030,Analyst B,In Progress,Pending,120,331,,Breached,2026-10-01 00:00:00,Synthetic
ALT-00013,2026-09-13 01:19:00,2026-09-13,2026-09-13 01:54:00,2026-09-13 22:01:00,High,2,Unusual remote access,Identity,T1078,WS-038,Analyst D,Closed,False Positive,30,35,1242,Breached,2026-10-01 00:00:00,Synthetic
ALT-00014,2026-09-17 11:23:00,2026-09-17,2026-09-17 11:36:00,2026-09-17 13:22:00,High,2,Suspicious PowerShell,Endpoint,T1059.001,WS-010,Analyst B,Closed,Benign Positive,30,13,119,Met,2026-10-01 00:00:00,Synthetic
ALT-00015,2026-09-20 05:06:00,2026-09-20,2026-09-20 09:07:00,2026-09-21 03:20:00,Medium,3,Large outbound transfer,Network,T1041,WS-036,Analyst A,Closed,True Positive,120,241,1334,Breached,2026-10-01 00:00:00,Synthetic
ALT-00016,2026-09-06 05:07:00,2026-09-06,2026-09-06 10:37:00,,Medium,3,Suspicious email attachment,Email,T1566.001,WS-022,Analyst A,In Progress,Pending,120,330,,Breached,2026-10-01 00:00:00,Synthetic
ALT-00017,2026-09-14 08:34:00,2026-09-14,2026-09-14 10:50:00,2026-09-15 04:05:00,Medium,3,Large outbound transfer,Network,T1041,WS-033,Analyst A,Closed,False Positive,120,136,1171,Breached,2026-10-01 00:00:00,Synthetic
ALT-00018,2026-09-29 10:59:00,2026-09-29,2026-09-29 11:26:00,2026-09-29 16:49:00,High,2,Unusual remote access,Identity,T1078,WS-011,Analyst A,Closed,False Positive,30,27,350,Met,2026-10-01 00:00:00,Synthetic
ALT-00019,2026-09-28 06:12:00,2026-09-28,2026-09-28 09:19:00,2026-09-28 19:58:00,Medium,3,Repeated authentication failures,Identity,T1110,WS-016,Analyst A,Closed,True Positive,120,187,826,Breached,2026-10-01 00:00:00,Synthetic
ALT-00020,2026-09-04 21:33:00,2026-09-04,,,Medium,3,Repeated authentication failures,Identity,T1110,WS-035,Unassigned,New,Pending,120,,,Breached,2026-10-01 00:00:00,Synthetic
ALT-00021,2026-09-06 17:21:00,2026-09-06,,,High,2,Large outbound transfer,Network,T1041,WS-011,Unassigned,New,Pending,30,,,Breached,2026-10-01 00:00:00,Synthetic
ALT-00022,2026-09-13 01:30:00,2026-09-13,2026-09-13 03:20:00,2026-09-13 21:54:00,Medium,3,Suspicious email attachment,Email,T1566.001,WS-045,Analyst B,Closed,False Positive,120,110,1224,Met,2026-10-01 00:00:00,Synthetic
ALT-00023,2026-09-15 04:28:00,2026-09-15,2026-09-15 08:14:00,2026-09-16 02:03:00,Medium,3,Unusual remote access,Identity,T1078,WS-016,Analyst B,Closed,False Positive,120,226,1295,Breached,2026-10-01 00:00:00,Synthetic
ALT-00024,2026-09-03 21:56:00,2026-09-03,2026-09-04 02:59:00,2026-09-04 10:40:00,Medium,3,Suspicious email attachment,Email,T1566.001,WS-046,Analyst A,Closed,True Positive,120,303,764,Breached,2026-10-01 00:00:00,Synthetic
ALT-00025,2026-09-11 10:03:00,2026-09-11,2026-09-11 10:09:00,,Critical,1,Repeated authentication failures,Identity,T1110,WS-033,Analyst B,In Progress,Pending,15,6,,Met,2026-10-01 00:00:00,Synthetic
ALT-00026,2026-09-13 16:10:00,2026-09-13,2026-09-13 21:04:00,2026-09-14 16:54:00,Medium,3,Suspicious PowerShell,Endpoint,T1059.001,WS-051,Analyst D,Closed,False Positive,120,294,1484,Breached,2026-10-01 00:00:00,Synthetic
ALT-00027,2026-09-19 12:37:00,2026-09-19,2026-09-19 13:24:00,2026-09-20 04:01:00,High,2,Repeated authentication failures,Identity,T1110,WS-056,Analyst A,Closed,False Positive,30,47,924,Breached,2026-10-01 00:00:00,Synthetic
ALT-00028,2026-09-30 17:44:00,2026-09-30,2026-09-30 23:33:00,,Low,4,Repeated authentication failures,Identity,T1110,WS-016,Analyst B,In Progress,Pending,240,349,,Breached,2026-10-01 00:00:00,Synthetic
ALT-00029,2026-09-09 15:45:00,2026-09-09,2026-09-09 18:09:00,2026-09-10 10:06:00,Medium,3,Suspicious PowerShell,Endpoint,T1059.001,WS-060,Analyst A,Closed,True Positive,120,144,1101,Breached,2026-10-01 00:00:00,Synthetic
ALT-00030,2026-09-21 04:01:00,2026-09-21,2026-09-21 15:10:00,2026-09-22 09:47:00,Low,4,Suspicious email attachment,Email,T1566.001,WS-006,Analyst B,Closed,Benign Positive,240,669,1786,Breached,2026-10-01 00:00:00,Synthetic
ALT-00031,2026-09-08 13:39:00,2026-09-08,2026-09-08 17:06:00,2026-09-08 19:16:00,Medium,3,Large outbound transfer,Network,T1041,WS-001,Analyst D,Closed,True Positive,120,207,337,Breached,2026-10-01 00:00:00,Synthetic
ALT-00032,2026-09-13 01:40:00,2026-09-13,2026-09-13 13:35:00,2026-09-14 08:43:00,Low,4,Large outbound transfer,Network,T1041,WS-032,Analyst B,Closed,False Positive,240,715,1863,Breached,2026-10-01 00:00:00,Synthetic
ALT-00033,2026-09-09 15:25:00,2026-09-09,2026-09-09 16:36:00,2026-09-09 18:50:00,High,2,Repeated authentication failures,Identity,T1110,WS-004,Analyst A,Closed,False Positive,30,71,205,Breached,2026-10-01 00:00:00,Synthetic
ALT-00034,2026-09-27 14:04:00,2026-09-27,2026-09-27 18:26:00,2026-09-27 21:20:00,Medium,3,Suspicious email attachment,Email,T1566.001,WS-005,Analyst A,Closed,Benign Positive,120,262,436,Breached,2026-10-01 00:00:00,Synthetic
ALT-00035,2026-09-11 16:54:00,2026-09-11,2026-09-11 22:00:00,2026-09-11 23:31:00,Medium,3,Suspicious email attachment,Email,T1566.001,WS-027,Analyst C,Closed,False Positive,120,306,397,Breached,2026-10-01 00:00:00,Synthetic
ALT-00036,2026-09-12 20:49:00,2026-09-12,2026-09-12 21:24:00,2026-09-13 11:04:00,High,2,Unusual remote access,Identity,T1078,WS-042,Analyst C,Closed,True Positive,30,35,855,Breached,2026-10-01 00:00:00,Synthetic
ALT-00037,2026-09-21 19:24:00,2026-09-21,2026-09-22 00:44:00,2026-09-22 20:07:00,Medium,3,Repeated authentication failures,Identity,T1110,WS-005,Analyst B,Closed,Benign Positive,120,320,1483,Breached,2026-10-01 00:00:00,Synthetic
ALT-00038,2026-09-24 00:33:00,2026-09-24,2026-09-24 01:06:00,,High,2,Periodic outbound connection,Network,T1071.001,WS-024,Analyst C,In Progress,Pending,30,33,,Breached,2026-10-01 00:00:00,Synthetic
ALT-00039,2026-09-08 04:18:00,2026-09-08,2026-09-08 09:33:00,2026-09-09 08:02:00,Medium,3,Suspicious email attachment,Email,T1566.001,WS-043,Analyst C,Closed,False Positive,120,315,1664,Breached,2026-10-01 00:00:00,Synthetic
ALT-00040,2026-09-05 17:08:00,2026-09-05,2026-09-05 18:59:00,2026-09-06 14:02:00,Low,4,Suspicious PowerShell,Endpoint,T1059.001,WS-019,Analyst B,Closed,True Positive,240,111,1254,Met,2026-10-01 00:00:00,Synthetic
ALT-00041,2026-09-16 14:31:00,2026-09-16,2026-09-16 15:37:00,,High,2,Unusual remote access,Identity,T1078,WS-032,Analyst C,In Progress,Pending,30,66,,Breached,2026-10-01 00:00:00,Synthetic
ALT-00042,2026-09-03 07:29:00,2026-09-03,2026-09-03 07:36:00,,High,2,Large outbound transfer,Network,T1041,WS-001,Analyst C,In Progress,Pending,30,7,,Met,2026-10-01 00:00:00,Synthetic
ALT-00043,2026-09-06 22:53:00,2026-09-06,2026-09-07 02:41:00,2026-09-07 21:40:00,Medium,3,Periodic outbound connection,Network,T1071.001,WS-036,Analyst A,Closed,False Positive,120,228,1367,Breached,2026-10-01 00:00:00,Synthetic
ALT-00044,2026-09-06 02:11:00,2026-09-06,,,Critical,1,Unusual remote access,Identity,T1078,WS-035,Unassigned,New,Pending,15,,,Breached,2026-10-01 00:00:00,Synthetic
ALT-00045,2026-09-02 15:21:00,2026-09-02,2026-09-02 22:43:00,2026-09-03 03:14:00,Low,4,Suspicious email attachment,Email,T1566.001,WS-024,Analyst A,Closed,True Positive,240,442,713,Breached,2026-10-01 00:00:00,Synthetic
ALT-00046,2026-09-17 06:49:00,2026-09-17,2026-09-17 07:36:00,2026-09-18 02:52:00,High,2,Suspicious PowerShell,Endpoint,T1059.001,WS-027,Analyst B,Closed,Benign Positive,30,47,1203,Breached,2026-10-01 00:00:00,Synthetic
ALT-00047,2026-09-11 18:34:00,2026-09-11,2026-09-11 19:01:00,,Low,4,Suspicious PowerShell,Endpoint,T1059.001,WS-012,Analyst C,In Progress,Pending,240,27,,Met,2026-10-01 00:00:00,Synthetic
ALT-00048,2026-09-19 17:42:00,2026-09-19,2026-09-19 22:17:00,,Low,4,Unusual remote access,Identity,T1078,WS-011,Analyst A,In Progress,Pending,240,275,,Breached,2026-10-01 00:00:00,Synthetic
ALT-00049,2026-09-18 09:50:00,2026-09-18,2026-09-18 17:43:00,2026-09-19 05:49:00,Low,4,Large outbound transfer,Network,T1041,WS-051,Analyst B,Closed,True Positive,240,473,1199,Breached,2026-10-01 00:00:00,Synthetic
ALT-00050,2026-09-11 03:29:00,2026-09-11,2026-09-11 03:48:00,2026-09-11 06:20:00,Critical,1,Suspicious PowerShell,Endpoint,T1059.001,WS-018,Analyst C,Closed,Benign Positive,15,19,171,Breached,2026-10-01 00:00:00,Synthetic
ALT-00051,2026-09-30 04:40:00,2026-09-30,,,Medium,3,Unusual remote access,Identity,T1078,WS-035,Unassigned,New,Pending,120,,,Breached,2026-10-01 00:00:00,Synthetic
ALT-00052,2026-09-16 01:42:00,2026-09-16,2026-09-16 06:11:00,,Low,4,Repeated authentication failures,Identity,T1110,WS-012,Analyst C,In Progress,Pending,240,269,,Breached,2026-10-01 00:00:00,Synthetic
ALT-00053,2026-09-02 17:47:00,2026-09-02,2026-09-02 18:29:00,2026-09-03 09:32:00,High,2,Large outbound transfer,Network,T1041,WS-033,Analyst A,Closed,False Positive,30,42,945,Breached,2026-10-01 00:00:00,Synthetic
ALT-00054,2026-09-18 12:44:00,2026-09-18,2026-09-18 20:12:00,2026-09-18 20:25:00,Low,4,Suspicious PowerShell,Endpoint,T1059.001,WS-052,Analyst B,Closed,False Positive,240,448,461,Breached,2026-10-01 00:00:00,Synthetic
ALT-00055,2026-09-17 13:49:00,2026-09-17,,,Medium,3,Unusual remote access,Identity,T1078,WS-040,Unassigned,New,Pending,120,,,Breached,2026-10-01 00:00:00,Synthetic
ALT-00056,2026-09-15 06:52:00,2026-09-15,2026-09-15 09:27:00,2026-09-16 02:55:00,Medium,3,Repeated authentication failures,Identity,T1110,WS-027,Analyst C,Closed,True Positive,120,155,1203,Breached,2026-10-01 00:00:00,Synthetic
ALT-00057,2026-09-19 07:31:00,2026-09-19,2026-09-19 11:08:00,2026-09-20 09:59:00,Medium,3,Suspicious email attachment,Email,T1566.001,WS-044,Analyst B,Closed,Benign Positive,120,217,1588,Breached,2026-10-01 00:00:00,Synthetic
ALT-00058,2026-09-29 00:18:00,2026-09-29,2026-09-29 00:20:00,2026-09-29 10:52:00,Medium,3,Large outbound transfer,Network,T1041,WS-028,Analyst C,Closed,True Positive,120,2,634,Met,2026-10-01 00:00:00,Synthetic
ALT-00059,2026-09-22 03:53:00,2026-09-22,2026-09-22 07:57:00,2026-09-22 13:54:00,Medium,3,Unusual remote access,Identity,T1078,WS-019,Analyst C,Closed,False Positive,120,244,601,Breached,2026-10-01 00:00:00,Synthetic
ALT-00060,2026-09-05 06:00:00,2026-09-05,2026-09-05 09:52:00,2026-09-05 16:49:00,Low,4,Suspicious PowerShell,Endpoint,T1059.001,WS-003,Analyst B,Closed,True Positive,240,232,649,Met,2026-10-01 00:00:00,Synthetic
ALT-00061,2026-09-22 14:58:00,2026-09-22,2026-09-22 20:22:00,2026-09-23 16:10:00,Medium,3,Repeated authentication failures,Identity,T1110,WS-045,Analyst D,Closed,True Positive,120,324,1512,Breached,2026-10-01 00:00:00,Synthetic
ALT-00062,2026-09-23 11:59:00,2026-09-23,2026-09-23 12:03:00,2026-09-23 15:51:00,Medium,3,Suspicious PowerShell,Endpoint,T1059.001,WS-015,Analyst B,Closed,False Positive,120,4,232,Met,2026-10-01 00:00:00,Synthetic
ALT-00063,2026-09-24 13:44:00,2026-09-24,2026-09-24 14:48:00,2026-09-25 06:32:00,Medium,3,Suspicious email attachment,Email,T1566.001,WS-030,Analyst C,Closed,True Positive,120,64,1008,Met,2026-10-01 00:00:00,Synthetic
ALT-00064,2026-09-21 03:24:00,2026-09-21,2026-09-21 07:04:00,,Medium,3,Unusual remote access,Identity,T1078,WS-054,Analyst D,In Progress,Pending,120,220,,Breached,2026-10-01 00:00:00,Synthetic
ALT-00065,2026-09-08 05:50:00,2026-09-08,2026-09-08 07:58:00,2026-09-09 05:53:00,Medium,3,Large outbound transfer,Network,T1041,WS-050,Analyst D,Closed,True Positive,120,128,1443,Breached,2026-10-01 00:00:00,Synthetic
ALT-00066,2026-09-29 12:34:00,2026-09-29,2026-09-29 13:12:00,2026-09-29 21:22:00,High,2,Large outbound transfer,Network,T1041,WS-021,Analyst A,Closed,True Positive,30,38,528,Breached,2026-10-01 00:00:00,Synthetic
ALT-00067,2026-09-07 07:08:00,2026-09-07,2026-09-07 07:37:00,2026-09-07 09:58:00,High,2,Large outbound transfer,Network,T1041,WS-022,Analyst D,Closed,False Positive,30,29,170,Met,2026-10-01 00:00:00,Synthetic
ALT-00068,2026-09-19 22:08:00,2026-09-19,2026-09-19 22:47:00,2026-09-20 22:41:00,Critical,1,Large outbound transfer,Network,T1041,WS-057,Analyst D,Closed,True Positive,15,39,1473,Breached,2026-10-01 00:00:00,Synthetic
ALT-00069,2026-09-22 16:59:00,2026-09-22,2026-09-22 17:25:00,2026-09-23 07:53:00,Critical,1,Periodic outbound connection,Network,T1071.001,WS-048,Analyst B,Closed,False Positive,15,26,894,Breached,2026-10-01 00:00:00,Synthetic
ALT-00070,2026-09-23 05:16:00,2026-09-23,2026-09-23 06:07:00,2026-09-23 17:45:00,High,2,Large outbound transfer,Network,T1041,WS-052,Analyst D,Closed,False Positive,30,51,749,Breached,2026-10-01 00:00:00,Synthetic
ALT-00071,2026-09-08 12:16:00,2026-09-08,,,Low,4,Suspicious PowerShell,Endpoint,T1059.001,WS-035,Unassigned,New,Pending,240,,,Breached,2026-10-01 00:00:00,Synthetic
ALT-00072,2026-09-02 05:27:00,2026-09-02,2026-09-02 05:56:00,2026-09-02 08:57:00,Low,4,Suspicious email attachment,Email,T1566.001,WS-009,Analyst D,Closed,False Positive,240,29,210,Met,2026-10-01 00:00:00,Synthetic
ALT-00073,2026-09-09 06:29:00,2026-09-09,2026-09-09 07:00:00,2026-09-09 18:19:00,Critical,1,Large outbound transfer,Network,T1041,WS-057,Analyst D,Closed,False Positive,15,31,710,Breached,2026-10-01 00:00:00,Synthetic
ALT-00074,2026-09-13 15:55:00,2026-09-13,2026-09-13 17:20:00,2026-09-14 09:33:00,Low,4,Large outbound transfer,Network,T1041,WS-035,Analyst A,Closed,True Positive,240,85,1058,Met,2026-10-01 00:00:00,Synthetic
ALT-00075,2026-09-16 22:15:00,2026-09-16,2026-09-16 23:40:00,,High,2,Repeated authentication failures,Identity,T1110,WS-003,Analyst A,In Progress,Pending,30,85,,Breached,2026-10-01 00:00:00,Synthetic
ALT-00076,2026-09-12 06:05:00,2026-09-12,2026-09-12 06:37:00,2026-09-12 11:05:00,High,2,Repeated authentication failures,Identity,T1110,WS-008,Analyst B,Closed,False Positive,30,32,300,Breached,2026-10-01 00:00:00,Synthetic
ALT-00077,2026-09-22 03:56:00,2026-09-22,2026-09-22 09:08:00,2026-09-22 13:12:00,Medium,3,Periodic outbound connection,Network,T1071.001,WS-011,Analyst C,Closed,False Positive,120,312,556,Breached,2026-10-01 00:00:00,Synthetic
ALT-00078,2026-09-05 22:04:00,2026-09-05,2026-09-06 01:18:00,2026-09-06 15:00:00,Medium,3,Periodic outbound connection,Network,T1071.001,WS-013,Analyst A,Closed,Benign Positive,120,194,1016,Breached,2026-10-01 00:00:00,Synthetic
ALT-00079,2026-09-27 22:43:00,2026-09-27,2026-09-28 04:41:00,2026-09-28 15:08:00,Medium,3,Unusual remote access,Identity,T1078,WS-039,Analyst A,Closed,Benign Positive,120,358,985,Breached,2026-10-01 00:00:00,Synthetic
ALT-00080,2026-09-26 18:08:00,2026-09-26,2026-09-27 05:27:00,2026-09-27 18:15:00,Low,4,Periodic outbound connection,Network,T1071.001,WS-042,Analyst C,Closed,True Positive,240,679,1447,Breached,2026-10-01 00:00:00,Synthetic
ALT-00081,2026-09-01 13:49:00,2026-09-01,2026-09-01 20:01:00,2026-09-02 17:52:00,Low,4,Large outbound transfer,Network,T1041,WS-030,Analyst B,Closed,Benign Positive,240,372,1683,Breached,2026-10-01 00:00:00,Synthetic
ALT-00082,2026-09-20 19:40:00,2026-09-20,,,High,2,Suspicious email attachment,Email,T1566.001,WS-018,Unassigned,New,Pending,30,,,Breached,2026-10-01 00:00:00,Synthetic
ALT-00083,2026-09-29 00:44:00,2026-09-29,2026-09-29 08:42:00,,Low,4,Suspicious email attachment,Email,T1566.001,WS-028,Analyst C,In Progress,Pending,240,478,,Breached,2026-10-01 00:00:00,Synthetic
ALT-00084,2026-09-15 16:02:00,2026-09-15,2026-09-15 23:45:00,2026-09-16 08:14:00,Low,4,Repeated authentication failures,Identity,T1110,WS-037,Analyst D,Closed,False Positive,240,463,972,Breached,2026-10-01 00:00:00,Synthetic
ALT-00085,2026-09-16 07:26:00,2026-09-16,2026-09-16 07:41:00,2026-09-16 19:57:00,Critical,1,Periodic outbound connection,Network,T1071.001,WS-022,Analyst C,Closed,False Positive,15,15,751,Met,2026-10-01 00:00:00,Synthetic
ALT-00086,2026-09-28 03:09:00,2026-09-28,2026-09-28 07:35:00,2026-09-28 14:16:00,Medium,3,Periodic outbound connection,Network,T1071.001,WS-047,Analyst D,Closed,True Positive,120,266,667,Breached,2026-10-01 00:00:00,Synthetic
ALT-00087,2026-09-23 05:39:00,2026-09-23,2026-09-23 11:11:00,2026-09-24 04:06:00,Medium,3,Suspicious PowerShell,Endpoint,T1059.001,WS-002,Analyst A,Closed,False Positive,120,332,1347,Breached,2026-10-01 00:00:00,Synthetic
ALT-00088,2026-09-14 09:23:00,2026-09-14,2026-09-14 10:49:00,2026-09-15 06:50:00,High,2,Unusual remote access,Identity,T1078,WS-036,Analyst C,Closed,False Positive,30,86,1287,Breached,2026-10-01 00:00:00,Synthetic
ALT-00089,2026-09-20 08:45:00,2026-09-20,2026-09-20 16:31:00,2026-09-21 01:55:00,Low,4,Suspicious email attachment,Email,T1566.001,WS-015,Analyst A,Closed,True Positive,240,466,1030,Breached,2026-10-01 00:00:00,Synthetic
ALT-00090,2026-09-09 18:21:00,2026-09-09,2026-09-10 00:16:00,2026-09-10 06:45:00,Medium,3,Unusual remote access,Identity,T1078,WS-048,Analyst D,Closed,True Positive,120,355,744,Breached,2026-10-01 00:00:00,Synthetic
ALT-00091,2026-09-13 14:00:00,2026-09-13,2026-09-13 14:53:00,2026-09-13 21:40:00,Medium,3,Suspicious email attachment,Email,T1566.001,WS-024,Analyst B,Closed,True Positive,120,53,460,Met,2026-10-01 00:00:00,Synthetic
ALT-00092,2026-09-14 18:09:00,2026-09-14,2026-09-14 18:13:00,2026-09-14 20:14:00,Critical,1,Suspicious email attachment,Email,T1566.001,WS-045,Analyst B,Closed,False Positive,15,4,125,Met,2026-10-01 00:00:00,Synthetic
ALT-00093,2026-09-30 00:43:00,2026-09-30,2026-09-30 00:57:00,2026-09-30 20:42:00,Low,4,Large outbound transfer,Network,T1041,WS-031,Analyst D,Closed,True Positive,240,14,1199,Met,2026-10-01 00:00:00,Synthetic
ALT-00094,2026-09-16 12:08:00,2026-09-16,2026-09-16 13:11:00,2026-09-16 17:14:00,High,2,Repeated authentication failures,Identity,T1110,WS-026,Analyst D,Closed,Benign Positive,30,63,306,Breached,2026-10-01 00:00:00,Synthetic
ALT-00095,2026-09-04 08:55:00,2026-09-04,2026-09-04 10:13:00,2026-09-05 05:35:00,Medium,3,Unusual remote access,Identity,T1078,WS-006,Analyst B,Closed,Benign Positive,120,78,1240,Met,2026-10-01 00:00:00,Synthetic
ALT-00096,2026-09-06 09:22:00,2026-09-06,2026-09-06 14:40:00,2026-09-06 22:32:00,Medium,3,Large outbound transfer,Network,T1041,WS-025,Analyst D,Closed,False Positive,120,318,790,Breached,2026-10-01 00:00:00,Synthetic
ALT-00097,2026-09-21 03:34:00,2026-09-21,,,High,2,Suspicious email attachment,Email,T1566.001,WS-020,Unassigned,New,Pending,30,,,Breached,2026-10-01 00:00:00,Synthetic
ALT-00098,2026-09-26 21:05:00,2026-09-26,,,Medium,3,Suspicious email attachment,Email,T1566.001,WS-007,Unassigned,New,Pending,120,,,Breached,2026-10-01 00:00:00,Synthetic
ALT-00099,2026-09-10 10:57:00,2026-09-10,2026-09-10 12:19:00,2026-09-10 20:40:00,Medium,3,Periodic outbound connection,Network,T1071.001,WS-005,Analyst B,Closed,True Positive,120,82,583,Met,2026-10-01 00:00:00,Synthetic
ALT-00100,2026-09-01 02:55:00,2026-09-01,2026-09-01 05:26:00,2026-09-01 06:42:00,Medium,3,Unusual remote access,Identity,T1078,WS-046,Analyst C,Closed,True Positive,120,151,227,Breached,2026-10-01 00:00:00,Synthetic
ALT-00101,2026-09-21 15:55:00,2026-09-21,,,Critical,1,Suspicious PowerShell,Endpoint,T1059.001,WS-051,Unassigned,New,Pending,15,,,Breached,2026-10-01 00:00:00,Synthetic
ALT-00102,2026-09-29 10:43:00,2026-09-29,2026-09-29 15:23:00,2026-09-29 23:13:00,Medium,3,Suspicious PowerShell,Endpoint,T1059.001,WS-059,Analyst C,Closed,False Positive,120,280,750,Breached,2026-10-01 00:00:00,Synthetic
ALT-00103,2026-09-07 11:21:00,2026-09-07,2026-09-07 12:01:00,,Critical,1,Suspicious PowerShell,Endpoint,T1059.001,WS-048,Analyst C,In Progress,Pending,15,40,,Breached,2026-10-01 00:00:00,Synthetic
ALT-00104,2026-09-20 23:40:00,2026-09-20,2026-09-21 00:33:00,2026-09-21 10:00:00,High,2,Unusual remote access,Identity,T1078,WS-032,Analyst D,Closed,False Positive,30,53,620,Breached,2026-10-01 00:00:00,Synthetic
ALT-00105,2026-09-04 15:51:00,2026-09-04,2026-09-04 21:02:00,,Medium,3,Large outbound transfer,Network,T1041,WS-017,Analyst A,In Progress,Pending,120,311,,Breached,2026-10-01 00:00:00,Synthetic
ALT-00106,2026-09-05 03:45:00,2026-09-05,2026-09-05 05:00:00,,High,2,Unusual remote access,Identity,T1078,WS-038,Analyst A,In Progress,Pending,30,75,,Breached,2026-10-01 00:00:00,Synthetic
ALT-00107,2026-09-13 06:22:00,2026-09-13,2026-09-13 11:57:00,2026-09-14 03:12:00,Medium,3,Suspicious PowerShell,Endpoint,T1059.001,WS-012,Analyst D,Closed,Benign Positive,120,335,1250,Breached,2026-10-01 00:00:00,Synthetic
ALT-00108,2026-09-29 21:21:00,2026-09-29,2026-09-30 04:21:00,2026-09-30 15:53:00,Low,4,Repeated authentication failures,Identity,T1110,WS-007,Analyst B,Closed,False Positive,240,420,1112,Breached,2026-10-01 00:00:00,Synthetic
ALT-00109,2026-09-16 00:14:00,2026-09-16,2026-09-16 03:41:00,2026-09-16 22:37:00,Medium,3,Large outbound transfer,Network,T1041,WS-006,Analyst C,Closed,True Positive,120,207,1343,Breached,2026-10-01 00:00:00,Synthetic
ALT-00110,2026-09-12 11:41:00,2026-09-12,2026-09-12 11:43:00,,Medium,3,Large outbound transfer,Network,T1041,WS-043,Analyst D,In Progress,Pending,120,2,,Met,2026-10-01 00:00:00,Synthetic
ALT-00111,2026-09-19 19:22:00,2026-09-19,2026-09-19 19:55:00,2026-09-20 17:25:00,Critical,1,Suspicious email attachment,Email,T1566.001,WS-004,Analyst B,Closed,False Positive,15,33,1323,Breached,2026-10-01 00:00:00,Synthetic
ALT-00112,2026-09-13 03:41:00,2026-09-13,2026-09-13 09:40:00,2026-09-14 02:22:00,Medium,3,Periodic outbound connection,Network,T1071.001,WS-041,Analyst B,Closed,True Positive,120,359,1361,Breached,2026-10-01 00:00:00,Synthetic
ALT-00113,2026-09-08 04:59:00,2026-09-08,2026-09-08 05:48:00,2026-09-08 13:38:00,Medium,3,Repeated authentication failures,Identity,T1110,WS-059,Analyst A,Closed,Benign Positive,120,49,519,Met,2026-10-01 00:00:00,Synthetic
ALT-00114,2026-09-22 00:01:00,2026-09-22,2026-09-22 08:33:00,,Low,4,Unusual remote access,Identity,T1078,WS-060,Analyst C,In Progress,Pending,240,512,,Breached,2026-10-01 00:00:00,Synthetic
ALT-00115,2026-09-24 03:49:00,2026-09-24,2026-09-24 07:52:00,,Medium,3,Large outbound transfer,Network,T1041,WS-016,Analyst D,In Progress,Pending,120,243,,Breached,2026-10-01 00:00:00,Synthetic
ALT-00116,2026-09-26 02:07:00,2026-09-26,,,High,2,Suspicious PowerShell,Endpoint,T1059.001,WS-033,Unassigned,New,Pending,30,,,Breached,2026-10-01 00:00:00,Synthetic
ALT-00117,2026-09-07 05:06:00,2026-09-07,2026-09-07 12:12:00,,Low,4,Periodic outbound connection,Network,T1071.001,WS-022,Analyst C,In Progress,Pending,240,426,,Breached,2026-10-01 00:00:00,Synthetic
ALT-00118,2026-09-01 02:48:00,2026-09-01,2026-09-01 04:04:00,,High,2,Periodic outbound connection,Network,T1071.001,WS-043,Analyst D,In Progress,Pending,30,76,,Breached,2026-10-01 00:00:00,Synthetic
ALT-00119,2026-09-07 18:18:00,2026-09-07,2026-09-07 23:02:00,2026-09-08 17:44:00,Medium,3,Large outbound transfer,Network,T1041,WS-060,Analyst C,Closed,False Positive,120,284,1406,Breached,2026-10-01 00:00:00,Synthetic
ALT-00120,2026-09-09 14:03:00,2026-09-09,2026-09-09 18:04:00,2026-09-10 08:15:00,Low,4,Suspicious PowerShell,Endpoint,T1059.001,WS-048,Analyst D,Closed,True Positive,240,241,1092,Breached,2026-10-01 00:00:00,Synthetic
ALT-00121,2026-09-18 08:24:00,2026-09-18,2026-09-18 13:59:00,,Medium,3,Unusual remote access,Identity,T1078,WS-010,Analyst D,In Progress,Pending,120,335,,Breached,2026-10-01 00:00:00,Synthetic
ALT-00122,2026-09-02 16:26:00,2026-09-02,2026-09-02 16:40:00,2026-09-03 07:51:00,High,2,Suspicious email attachment,Email,T1566.001,WS-059,Analyst D,Closed,True Positive,30,14,925,Met,2026-10-01 00:00:00,Synthetic
ALT-00123,2026-09-01 16:45:00,2026-09-01,2026-09-01 18:06:00,,Medium,3,Large outbound transfer,Network,T1041,WS-005,Analyst D,In Progress,Pending,120,81,,Met,2026-10-01 00:00:00,Synthetic
ALT-00124,2026-09-13 01:28:00,2026-09-13,2026-09-13 02:11:00,2026-09-13 13:33:00,Medium,3,Unusual remote access,Identity,T1078,WS-055,Analyst D,Closed,Benign Positive,120,43,725,Met,2026-10-01 00:00:00,Synthetic
ALT-00125,2026-09-15 09:52:00,2026-09-15,2026-09-15 10:12:00,,Medium,3,Large outbound transfer,Network,T1041,WS-040,Analyst A,In Progress,Pending,120,20,,Met,2026-10-01 00:00:00,Synthetic
ALT-00126,2026-09-11 16:25:00,2026-09-11,,,Medium,3,Periodic outbound connection,Network,T1071.001,WS-048,Unassigned,New,Pending,120,,,Breached,2026-10-01 00:00:00,Synthetic
ALT-00127,2026-09-05 02:43:00,2026-09-05,2026-09-05 03:36:00,,Medium,3,Repeated authentication failures,Identity,T1110,WS-029,Analyst B,In Progress,Pending,120,53,,Met,2026-10-01 00:00:00,Synthetic
ALT-00128,2026-09-14 15:05:00,2026-09-14,2026-09-14 16:04:00,2026-09-15 02:14:00,Low,4,Repeated authentication failures,Identity,T1110,WS-028,Analyst B,Closed,False Positive,240,59,669,Met,2026-10-01 00:00:00,Synthetic
ALT-00129,2026-09-12 02:43:00,2026-09-12,2026-09-12 04:17:00,2026-09-12 10:15:00,Medium,3,Suspicious email attachment,Email,T1566.001,WS-040,Analyst D,Closed,True Positive,120,94,452,Met,2026-10-01 00:00:00,Synthetic
ALT-00130,2026-09-29 04:53:00,2026-09-29,,,Medium,3,Large outbound transfer,Network,T1041,WS-010,Unassigned,New,Pending,120,,,Breached,2026-10-01 00:00:00,Synthetic
ALT-00131,2026-09-11 13:36:00,2026-09-11,2026-09-11 19:19:00,2026-09-11 19:48:00,Medium,3,Periodic outbound connection,Network,T1071.001,WS-030,Analyst C,Closed,Benign Positive,120,343,372,Breached,2026-10-01 00:00:00,Synthetic
ALT-00132,2026-09-25 21:01:00,2026-09-25,,,High,2,Large outbound transfer,Network,T1041,WS-038,Unassigned,New,Pending,30,,,Breached,2026-10-01 00:00:00,Synthetic
ALT-00133,2026-09-14 14:45:00,2026-09-14,2026-09-14 18:40:00,2026-09-15 05:08:00,Medium,3,Large outbound transfer,Network,T1041,WS-025,Analyst D,Closed,True Positive,120,235,863,Breached,2026-10-01 00:00:00,Synthetic
ALT-00134,2026-09-05 20:29:00,2026-09-05,2026-09-05 21:08:00,2026-09-06 07:22:00,High,2,Suspicious email attachment,Email,T1566.001,WS-054,Analyst D,Closed,True Positive,30,39,653,Breached,2026-10-01 00:00:00,Synthetic
ALT-00135,2026-09-13 11:48:00,2026-09-13,2026-09-13 11:53:00,,Critical,1,Unusual remote access,Identity,T1078,WS-059,Analyst D,In Progress,Pending,15,5,,Met,2026-10-01 00:00:00,Synthetic
ALT-00136,2026-09-14 00:36:00,2026-09-14,2026-09-14 06:38:00,2026-09-14 14:16:00,Low,4,Suspicious PowerShell,Endpoint,T1059.001,WS-040,Analyst C,Closed,False Positive,240,362,820,Breached,2026-10-01 00:00:00,Synthetic
ALT-00137,2026-09-07 05:23:00,2026-09-07,2026-09-07 08:03:00,2026-09-07 23:15:00,Medium,3,Unusual remote access,Identity,T1078,WS-024,Analyst B,Closed,True Positive,120,160,1072,Breached,2026-10-01 00:00:00,Synthetic
ALT-00138,2026-09-05 02:26:00,2026-09-05,2026-09-05 05:27:00,,Low,4,Periodic outbound connection,Network,T1071.001,WS-013,Analyst B,In Progress,Pending,240,181,,Met,2026-10-01 00:00:00,Synthetic
ALT-00139,2026-09-25 13:10:00,2026-09-25,2026-09-25 17:51:00,2026-09-25 23:37:00,Low,4,Periodic outbound connection,Network,T1071.001,WS-053,Analyst D,Closed,True Positive,240,281,627,Breached,2026-10-01 00:00:00,Synthetic
ALT-00140,2026-09-14 10:22:00,2026-09-14,2026-09-14 14:23:00,,Medium,3,Periodic outbound connection,Network,T1071.001,WS-005,Analyst B,In Progress,Pending,120,241,,Breached,2026-10-01 00:00:00,Synthetic
ALT-00141,2026-09-11 06:25:00,2026-09-11,2026-09-11 13:13:00,2026-09-12 08:24:00,Low,4,Unusual remote access,Identity,T1078,WS-051,Analyst D,Closed,False Positive,240,408,1559,Breached,2026-10-01 00:00:00,Synthetic
ALT-00142,2026-09-01 15:12:00,2026-09-01,2026-09-01 16:40:00,2026-09-02 15:46:00,High,2,Repeated authentication failures,Identity,T1110,WS-025,Analyst C,Closed,True Positive,30,88,1474,Breached,2026-10-01 00:00:00,Synthetic
ALT-00143,2026-09-05 22:20:00,2026-09-05,2026-09-06 03:09:00,2026-09-06 14:30:00,Medium,3,Large outbound transfer,Network,T1041,WS-015,Analyst A,Closed,Benign Positive,120,289,970,Breached,2026-10-01 00:00:00,Synthetic
ALT-00144,2026-09-29 22:01:00,2026-09-29,2026-09-30 05:01:00,2026-09-30 09:09:00,Low,4,Unusual remote access,Identity,T1078,WS-003,Analyst C,Closed,True Positive,240,420,668,Breached,2026-10-01 00:00:00,Synthetic
ALT-00145,2026-09-23 10:04:00,2026-09-23,2026-09-23 10:23:00,,High,2,Suspicious PowerShell,Endpoint,T1059.001,WS-025,Analyst D,In Progress,Pending,30,19,,Met,2026-10-01 00:00:00,Synthetic
ALT-00146,2026-09-17 21:14:00,2026-09-17,2026-09-18 01:52:00,2026-09-18 16:20:00,Medium,3,Unusual remote access,Identity,T1078,WS-047,Analyst B,Closed,False Positive,120,278,1146,Breached,2026-10-01 00:00:00,Synthetic
ALT-00147,2026-09-19 21:09:00,2026-09-19,2026-09-19 23:34:00,2026-09-20 00:51:00,Medium,3,Large outbound transfer,Network,T1041,WS-014,Analyst D,Closed,False Positive,120,145,222,Breached,2026-10-01 00:00:00,Synthetic
ALT-00148,2026-09-21 05:43:00,2026-09-21,2026-09-21 17:27:00,2026-09-22 06:09:00,Low,4,Periodic outbound connection,Network,T1071.001,WS-042,Analyst C,Closed,False Positive,240,704,1466,Breached,2026-10-01 00:00:00,Synthetic
ALT-00149,2026-09-03 18:08:00,2026-09-03,,,Medium,3,Suspicious PowerShell,Endpoint,T1059.001,WS-055,Unassigned,New,Pending,120,,,Breached,2026-10-01 00:00:00,Synthetic
ALT-00150,2026-09-21 16:40:00,2026-09-21,2026-09-21 17:58:00,2026-09-21 18:51:00,High,2,Suspicious PowerShell,Endpoint,T1059.001,WS-022,Analyst B,Closed,True Positive,30,78,131,Breached,2026-10-01 00:00:00,Synthetic
ALT-00151,2026-09-06 17:32:00,2026-09-06,2026-09-07 03:01:00,2026-09-07 10:15:00,Low,4,Suspicious PowerShell,Endpoint,T1059.001,WS-053,Analyst B,Closed,False Positive,240,569,1003,Breached,2026-10-01 00:00:00,Synthetic
ALT-00152,2026-09-15 22:52:00,2026-09-15,2026-09-16 01:22:00,2026-09-16 05:58:00,Low,4,Suspicious email attachment,Email,T1566.001,WS-052,Analyst B,Closed,False Positive,240,150,426,Met,2026-10-01 00:00:00,Synthetic
ALT-00153,2026-09-06 00:04:00,2026-09-06,2026-09-06 03:09:00,2026-09-06 11:26:00,Medium,3,Repeated authentication failures,Identity,T1110,WS-002,Analyst B,Closed,False Positive,120,185,682,Breached,2026-10-01 00:00:00,Synthetic
ALT-00154,2026-09-13 01:51:00,2026-09-13,2026-09-13 02:00:00,2026-09-13 04:20:00,Critical,1,Unusual remote access,Identity,T1078,WS-050,Analyst C,Closed,False Positive,15,9,149,Met,2026-10-01 00:00:00,Synthetic
ALT-00155,2026-09-24 08:35:00,2026-09-24,2026-09-24 13:51:00,2026-09-24 15:29:00,Medium,3,Large outbound transfer,Network,T1041,WS-059,Analyst C,Closed,False Positive,120,316,414,Breached,2026-10-01 00:00:00,Synthetic
ALT-00156,2026-09-21 20:18:00,2026-09-21,2026-09-22 00:25:00,2026-09-22 14:17:00,Medium,3,Repeated authentication failures,Identity,T1110,WS-007,Analyst D,Closed,False Positive,120,247,1079,Breached,2026-10-01 00:00:00,Synthetic
ALT-00157,2026-09-21 04:29:00,2026-09-21,2026-09-21 04:40:00,2026-09-21 07:04:00,Critical,1,Repeated authentication failures,Identity,T1110,WS-040,Analyst C,Closed,True Positive,15,11,155,Met,2026-10-01 00:00:00,Synthetic
ALT-00158,2026-09-18 08:02:00,2026-09-18,2026-09-18 16:41:00,2026-09-19 13:30:00,Low,4,Suspicious email attachment,Email,T1566.001,WS-051,Analyst A,Closed,False Positive,240,519,1768,Breached,2026-10-01 00:00:00,Synthetic
ALT-00159,2026-09-30 19:07:00,2026-09-30,2026-09-30 20:59:00,,Medium,3,Suspicious email attachment,Email,T1566.001,WS-028,Analyst D,In Progress,Pending,120,112,,Met,2026-10-01 00:00:00,Synthetic
ALT-00160,2026-09-11 09:34:00,2026-09-11,2026-09-11 10:24:00,2026-09-11 21:14:00,Medium,3,Large outbound transfer,Network,T1041,WS-043,Analyst C,Closed,False Positive,120,50,700,Met,2026-10-01 00:00:00,Synthetic
ALT-00161,2026-09-18 00:50:00,2026-09-18,,,Low,4,Unusual remote access,Identity,T1078,WS-005,Unassigned,New,Pending,240,,,Breached,2026-10-01 00:00:00,Synthetic
ALT-00162,2026-09-05 03:38:00,2026-09-05,2026-09-05 10:01:00,2026-09-05 14:37:00,Low,4,Repeated authentication failures,Identity,T1110,WS-038,Analyst C,Closed,False Positive,240,383,659,Breached,2026-10-01 00:00:00,Synthetic
ALT-00163,2026-09-06 13:30:00,2026-09-06,,,Medium,3,Unusual remote access,Identity,T1078,WS-028,Unassigned,New,Pending,120,,,Breached,2026-10-01 00:00:00,Synthetic
ALT-00164,2026-09-03 08:11:00,2026-09-03,2026-09-03 09:59:00,2026-09-04 05:52:00,Low,4,Suspicious email attachment,Email,T1566.001,WS-010,Analyst D,Closed,False Positive,240,108,1301,Met,2026-10-01 00:00:00,Synthetic
ALT-00165,2026-09-11 04:56:00,2026-09-11,2026-09-11 11:14:00,,Low,4,Periodic outbound connection,Network,T1071.001,WS-008,Analyst C,In Progress,Pending,240,378,,Breached,2026-10-01 00:00:00,Synthetic
ALT-00166,2026-09-27 03:04:00,2026-09-27,2026-09-27 04:25:00,,High,2,Large outbound transfer,Network,T1041,WS-040,Analyst A,In Progress,Pending,30,81,,Breached,2026-10-01 00:00:00,Synthetic
ALT-00167,2026-09-28 17:11:00,2026-09-28,2026-09-28 20:17:00,2026-09-29 05:46:00,Low,4,Unusual remote access,Identity,T1078,WS-020,Analyst C,Closed,False Positive,240,186,755,Met,2026-10-01 00:00:00,Synthetic
ALT-00168,2026-09-16 23:24:00,2026-09-16,2026-09-16 23:51:00,2026-09-17 02:23:00,Critical,1,Suspicious PowerShell,Endpoint,T1059.001,WS-041,Analyst A,Closed,True Positive,15,27,179,Breached,2026-10-01 00:00:00,Synthetic
ALT-00169,2026-09-05 04:13:00,2026-09-05,2026-09-05 08:07:00,2026-09-05 19:55:00,Medium,3,Suspicious PowerShell,Endpoint,T1059.001,WS-020,Analyst C,Closed,True Positive,120,234,942,Breached,2026-10-01 00:00:00,Synthetic
ALT-00170,2026-09-26 19:57:00,2026-09-26,2026-09-27 01:15:00,2026-09-27 03:06:00,Medium,3,Repeated authentication failures,Identity,T1110,WS-018,Analyst D,Closed,False Positive,120,318,429,Breached,2026-10-01 00:00:00,Synthetic
ALT-00171,2026-09-20 07:08:00,2026-09-20,2026-09-20 09:00:00,2026-09-21 02:39:00,Medium,3,Large outbound transfer,Network,T1041,WS-028,Analyst A,Closed,True Positive,120,112,1171,Met,2026-10-01 00:00:00,Synthetic
ALT-00172,2026-09-13 21:22:00,2026-09-13,2026-09-14 03:05:00,2026-09-14 13:46:00,Medium,3,Suspicious email attachment,Email,T1566.001,WS-026,Analyst A,Closed,True Positive,120,343,984,Breached,2026-10-01 00:00:00,Synthetic
ALT-00173,2026-09-01 08:23:00,2026-09-01,2026-09-01 08:57:00,,High,2,Suspicious PowerShell,Endpoint,T1059.001,WS-019,Analyst C,In Progress,Pending,30,34,,Breached,2026-10-01 00:00:00,Synthetic
ALT-00174,2026-09-06 11:03:00,2026-09-06,2026-09-06 11:13:00,2026-09-07 00:21:00,Critical,1,Unusual remote access,Identity,T1078,WS-015,Analyst C,Closed,False Positive,15,10,798,Met,2026-10-01 00:00:00,Synthetic
ALT-00175,2026-09-04 06:43:00,2026-09-04,2026-09-04 06:54:00,2026-09-04 22:45:00,Medium,3,Unusual remote access,Identity,T1078,WS-056,Analyst C,Closed,Benign Positive,120,11,962,Met,2026-10-01 00:00:00,Synthetic
ALT-00176,2026-09-27 04:52:00,2026-09-27,2026-09-27 08:27:00,2026-09-27 18:29:00,Medium,3,Large outbound transfer,Network,T1041,WS-002,Analyst C,Closed,True Positive,120,215,817,Breached,2026-10-01 00:00:00,Synthetic
ALT-00177,2026-09-08 19:43:00,2026-09-08,2026-09-09 07:31:00,2026-09-09 20:02:00,Low,4,Suspicious email attachment,Email,T1566.001,WS-055,Analyst A,Closed,True Positive,240,708,1459,Breached,2026-10-01 00:00:00,Synthetic
ALT-00178,2026-09-12 01:45:00,2026-09-12,2026-09-12 05:09:00,2026-09-12 15:54:00,Medium,3,Large outbound transfer,Network,T1041,WS-015,Analyst C,Closed,False Positive,120,204,849,Breached,2026-10-01 00:00:00,Synthetic
ALT-00179,2026-09-08 15:38:00,2026-09-08,2026-09-08 16:12:00,2026-09-08 22:59:00,Critical,1,Unusual remote access,Identity,T1078,WS-023,Analyst C,Closed,Benign Positive,15,34,441,Breached,2026-10-01 00:00:00,Synthetic
ALT-00180,2026-09-30 08:59:00,2026-09-30,2026-09-30 13:23:00,2026-09-30 20:17:00,Low,4,Suspicious PowerShell,Endpoint,T1059.001,WS-010,Analyst A,Closed,True Positive,240,264,678,Breached,2026-10-01 00:00:00,Synthetic
ALT-00181,2026-09-09 01:29:00,2026-09-09,2026-09-09 11:08:00,2026-09-10 07:04:00,Low,4,Unusual remote access,Identity,T1078,WS-060,Analyst C,Closed,False Positive,240,579,1775,Breached,2026-10-01 00:00:00,Synthetic
ALT-00182,2026-09-29 13:05:00,2026-09-29,2026-09-29 16:53:00,2026-09-30 14:36:00,Medium,3,Large outbound transfer,Network,T1041,WS-018,Analyst A,Closed,True Positive,120,228,1531,Breached,2026-10-01 00:00:00,Synthetic
ALT-00183,2026-09-17 00:24:00,2026-09-17,2026-09-17 00:45:00,2026-09-17 02:51:00,Medium,3,Periodic outbound connection,Network,T1071.001,WS-019,Analyst A,Closed,False Positive,120,21,147,Met,2026-10-01 00:00:00,Synthetic
ALT-00184,2026-09-30 08:08:00,2026-09-30,2026-09-30 16:49:00,,Low,4,Repeated authentication failures,Identity,T1110,WS-030,Analyst A,In Progress,Pending,240,521,,Breached,2026-10-01 00:00:00,Synthetic
ALT-00185,2026-09-21 11:13:00,2026-09-21,2026-09-21 16:44:00,2026-09-22 13:33:00,Low,4,Suspicious email attachment,Email,T1566.001,WS-010,Analyst A,Closed,False Positive,240,331,1580,Breached,2026-10-01 00:00:00,Synthetic
ALT-00186,2026-09-21 12:05:00,2026-09-21,,,High,2,Periodic outbound connection,Network,T1071.001,WS-006,Unassigned,New,Pending,30,,,Breached,2026-10-01 00:00:00,Synthetic
ALT-00187,2026-09-23 23:06:00,2026-09-23,2026-09-24 02:52:00,2026-09-24 18:01:00,Medium,3,Repeated authentication failures,Identity,T1110,WS-040,Analyst B,Closed,False Positive,120,226,1135,Breached,2026-10-01 00:00:00,Synthetic
ALT-00188,2026-09-17 13:28:00,2026-09-17,2026-09-17 16:23:00,2026-09-18 15:43:00,Medium,3,Periodic outbound connection,Network,T1071.001,WS-051,Analyst C,Closed,False Positive,120,175,1575,Breached,2026-10-01 00:00:00,Synthetic
ALT-00189,2026-09-03 23:59:00,2026-09-03,2026-09-04 02:26:00,2026-09-04 11:12:00,Medium,3,Suspicious email attachment,Email,T1566.001,WS-043,Analyst B,Closed,False Positive,120,147,673,Breached,2026-10-01 00:00:00,Synthetic
ALT-00190,2026-09-16 04:07:00,2026-09-16,2026-09-16 04:53:00,2026-09-16 15:38:00,High,2,Unusual remote access,Identity,T1078,WS-045,Analyst D,Closed,Benign Positive,30,46,691,Breached,2026-10-01 00:00:00,Synthetic
ALT-00191,2026-09-06 20:50:00,2026-09-06,2026-09-07 00:04:00,2026-09-07 22:11:00,Medium,3,Repeated authentication failures,Identity,T1110,WS-053,Analyst B,Closed,False Positive,120,194,1521,Breached,2026-10-01 00:00:00,Synthetic
ALT-00192,2026-09-24 22:57:00,2026-09-24,2026-09-24 23:45:00,2026-09-25 00:32:00,High,2,Unusual remote access,Identity,T1078,WS-012,Analyst B,Closed,False Positive,30,48,95,Breached,2026-10-01 00:00:00,Synthetic
ALT-00193,2026-09-16 13:15:00,2026-09-16,2026-09-16 15:37:00,2026-09-16 21:04:00,Low,4,Large outbound transfer,Network,T1041,WS-055,Analyst A,Closed,True Positive,240,142,469,Met,2026-10-01 00:00:00,Synthetic
ALT-00194,2026-09-24 02:31:00,2026-09-24,2026-09-24 03:11:00,,Low,4,Unusual remote access,Identity,T1078,WS-043,Analyst C,In Progress,Pending,240,40,,Met,2026-10-01 00:00:00,Synthetic
ALT-00195,2026-09-29 03:03:00,2026-09-29,2026-09-29 03:28:00,2026-09-30 03:16:00,High,2,Large outbound transfer,Network,T1041,WS-052,Analyst B,Closed,False Positive,30,25,1453,Met,2026-10-01 00:00:00,Synthetic
ALT-00196,2026-09-20 22:03:00,2026-09-20,2026-09-20 22:20:00,2026-09-21 13:39:00,Critical,1,Periodic outbound connection,Network,T1071.001,WS-049,Analyst D,Closed,False Positive,15,17,936,Breached,2026-10-01 00:00:00,Synthetic
ALT-00197,2026-09-11 15:35:00,2026-09-11,,,Medium,3,Periodic outbound connection,Network,T1071.001,WS-051,Unassigned,New,Pending,120,,,Breached,2026-10-01 00:00:00,Synthetic
ALT-00198,2026-09-22 08:17:00,2026-09-22,2026-09-22 18:03:00,2026-09-23 09:15:00,Low,4,Suspicious PowerShell,Endpoint,T1059.001,WS-019,Analyst D,Closed,False Positive,240,586,1498,Breached,2026-10-01 00:00:00,Synthetic
ALT-00199,2026-09-23 21:18:00,2026-09-23,2026-09-24 02:29:00,,Medium,3,Suspicious PowerShell,Endpoint,T1059.001,WS-009,Analyst C,In Progress,Pending,120,311,,Breached,2026-10-01 00:00:00,Synthetic
ALT-00200,2026-09-03 08:59:00,2026-09-03,2026-09-03 09:53:00,2026-09-04 03:39:00,Medium,3,Periodic outbound connection,Network,T1071.001,WS-019,Analyst A,Closed,Benign Positive,120,54,1120,Met,2026-10-01 00:00:00,Synthetic
ALT-00201,2026-09-08 07:06:00,2026-09-08,2026-09-08 08:03:00,2026-09-08 11:20:00,High,2,Suspicious email attachment,Email,T1566.001,WS-015,Analyst D,Closed,Benign Positive,30,57,254,Breached,2026-10-01 00:00:00,Synthetic
ALT-00202,2026-09-16 21:50:00,2026-09-16,2026-09-17 06:26:00,2026-09-17 19:21:00,Low,4,Large outbound transfer,Network,T1041,WS-006,Analyst C,Closed,True Positive,240,516,1291,Breached,2026-10-01 00:00:00,Synthetic
ALT-00203,2026-09-11 05:15:00,2026-09-11,2026-09-11 05:58:00,,Critical,1,Repeated authentication failures,Identity,T1110,WS-022,Analyst B,In Progress,Pending,15,43,,Breached,2026-10-01 00:00:00,Synthetic
ALT-00204,2026-09-07 06:17:00,2026-09-07,2026-09-07 06:27:00,2026-09-07 22:37:00,Critical,1,Large outbound transfer,Network,T1041,WS-001,Analyst A,Closed,False Positive,15,10,980,Met,2026-10-01 00:00:00,Synthetic
ALT-00205,2026-09-01 20:45:00,2026-09-01,2026-09-01 22:04:00,2026-09-02 16:14:00,High,2,Suspicious PowerShell,Endpoint,T1059.001,WS-050,Analyst C,Closed,False Positive,30,79,1169,Breached,2026-10-01 00:00:00,Synthetic
ALT-00206,2026-09-11 19:33:00,2026-09-11,2026-09-12 01:02:00,2026-09-12 22:27:00,Medium,3,Repeated authentication failures,Identity,T1110,WS-008,Analyst D,Closed,False Positive,120,329,1614,Breached,2026-10-01 00:00:00,Synthetic
ALT-00207,2026-09-28 03:47:00,2026-09-28,2026-09-28 05:52:00,2026-09-28 10:56:00,Medium,3,Unusual remote access,Identity,T1078,WS-001,Analyst C,Closed,True Positive,120,125,429,Breached,2026-10-01 00:00:00,Synthetic
ALT-00208,2026-09-11 22:45:00,2026-09-11,2026-09-11 23:30:00,2026-09-12 17:32:00,Medium,3,Suspicious PowerShell,Endpoint,T1059.001,WS-005,Analyst A,Closed,Benign Positive,120,45,1127,Met,2026-10-01 00:00:00,Synthetic
ALT-00209,2026-09-18 18:28:00,2026-09-18,2026-09-19 00:52:00,2026-09-19 09:41:00,Low,4,Repeated authentication failures,Identity,T1110,WS-023,Analyst A,Closed,False Positive,240,384,913,Breached,2026-10-01 00:00:00,Synthetic
ALT-00210,2026-09-16 16:36:00,2026-09-16,2026-09-16 17:52:00,2026-09-17 05:22:00,High,2,Unusual remote access,Identity,T1078,WS-023,Analyst C,Closed,True Positive,30,76,766,Breached,2026-10-01 00:00:00,Synthetic
ALT-00211,2026-09-30 06:06:00,2026-09-30,2026-09-30 07:09:00,,High,2,Unusual remote access,Identity,T1078,WS-012,Analyst B,In Progress,Pending,30,63,,Breached,2026-10-01 00:00:00,Synthetic
ALT-00212,2026-09-03 20:55:00,2026-09-03,2026-09-03 22:40:00,2026-09-04 00:19:00,Medium,3,Large outbound transfer,Network,T1041,WS-057,Analyst A,Closed,False Positive,120,105,204,Met,2026-10-01 00:00:00,Synthetic
ALT-00213,2026-09-15 08:42:00,2026-09-15,2026-09-15 18:00:00,2026-09-16 10:19:00,Low,4,Suspicious email attachment,Email,T1566.001,WS-049,Analyst B,Closed,True Positive,240,558,1537,Breached,2026-10-01 00:00:00,Synthetic
ALT-00214,2026-09-14 00:30:00,2026-09-14,2026-09-14 03:21:00,,Medium,3,Repeated authentication failures,Identity,T1110,WS-018,Analyst A,In Progress,Pending,120,171,,Breached,2026-10-01 00:00:00,Synthetic
ALT-00215,2026-09-17 17:58:00,2026-09-17,2026-09-17 21:17:00,,Medium,3,Large outbound transfer,Network,T1041,WS-022,Analyst B,In Progress,Pending,120,199,,Breached,2026-10-01 00:00:00,Synthetic
ALT-00216,2026-09-23 13:59:00,2026-09-23,,,Medium,3,Periodic outbound connection,Network,T1071.001,WS-034,Unassigned,New,Pending,120,,,Breached,2026-10-01 00:00:00,Synthetic
ALT-00217,2026-09-13 03:19:00,2026-09-13,2026-09-13 10:41:00,2026-09-14 07:24:00,Low,4,Unusual remote access,Identity,T1078,WS-012,Analyst C,Closed,Benign Positive,240,442,1685,Breached,2026-10-01 00:00:00,Synthetic
ALT-00218,2026-09-15 14:50:00,2026-09-15,2026-09-15 15:31:00,2026-09-16 06:54:00,High,2,Periodic outbound connection,Network,T1071.001,WS-028,Analyst B,Closed,False Positive,30,41,964,Breached,2026-10-01 00:00:00,Synthetic
ALT-00219,2026-09-21 04:51:00,2026-09-21,2026-09-21 07:53:00,,Medium,3,Repeated authentication failures,Identity,T1110,WS-040,Analyst D,In Progress,Pending,120,182,,Breached,2026-10-01 00:00:00,Synthetic
ALT-00220,2026-09-13 11:53:00,2026-09-13,2026-09-13 17:21:00,2026-09-14 07:22:00,Medium,3,Repeated authentication failures,Identity,T1110,WS-052,Analyst B,Closed,False Positive,120,328,1169,Breached,2026-10-01 00:00:00,Synthetic
ALT-00221,2026-09-02 10:00:00,2026-09-02,2026-09-02 10:58:00,2026-09-02 12:19:00,High,2,Suspicious email attachment,Email,T1566.001,WS-016,Analyst C,Closed,True Positive,30,58,139,Breached,2026-10-01 00:00:00,Synthetic
ALT-00222,2026-09-17 11:33:00,2026-09-17,2026-09-17 12:53:00,2026-09-18 12:13:00,Medium,3,Suspicious email attachment,Email,T1566.001,WS-024,Analyst C,Closed,False Positive,120,80,1480,Met,2026-10-01 00:00:00,Synthetic
ALT-00223,2026-09-21 04:54:00,2026-09-21,2026-09-21 11:11:00,2026-09-22 00:56:00,Low,4,Suspicious email attachment,Email,T1566.001,WS-018,Analyst B,Closed,True Positive,240,377,1202,Breached,2026-10-01 00:00:00,Synthetic
ALT-00224,2026-09-06 03:54:00,2026-09-06,2026-09-06 04:20:00,2026-09-06 23:40:00,Critical,1,Suspicious PowerShell,Endpoint,T1059.001,WS-050,Analyst C,Closed,True Positive,15,26,1186,Breached,2026-10-01 00:00:00,Synthetic
ALT-00225,2026-09-21 07:26:00,2026-09-21,2026-09-21 08:30:00,2026-09-21 15:29:00,High,2,Suspicious email attachment,Email,T1566.001,WS-055,Analyst A,Closed,True Positive,30,64,483,Breached,2026-10-01 00:00:00,Synthetic
ALT-00226,2026-09-21 13:45:00,2026-09-21,2026-09-21 13:58:00,2026-09-22 13:24:00,High,2,Unusual remote access,Identity,T1078,WS-021,Analyst C,Closed,Benign Positive,30,13,1419,Met,2026-10-01 00:00:00,Synthetic
ALT-00227,2026-09-03 22:55:00,2026-09-03,2026-09-04 00:17:00,,Medium,3,Periodic outbound connection,Network,T1071.001,WS-046,Analyst B,In Progress,Pending,120,82,,Met,2026-10-01 00:00:00,Synthetic
ALT-00228,2026-09-17 10:50:00,2026-09-17,,,Medium,3,Repeated authentication failures,Identity,T1110,WS-051,Unassigned,New,Pending,120,,,Breached,2026-10-01 00:00:00,Synthetic
ALT-00229,2026-09-07 07:41:00,2026-09-07,2026-09-07 08:53:00,2026-09-08 04:35:00,High,2,Large outbound transfer,Network,T1041,WS-052,Analyst B,Closed,False Positive,30,72,1254,Breached,2026-10-01 00:00:00,Synthetic
ALT-00230,2026-09-28 20:24:00,2026-09-28,2026-09-29 04:36:00,2026-09-29 22:42:00,Low,4,Repeated authentication failures,Identity,T1110,WS-027,Analyst A,Closed,False Positive,240,492,1578,Breached,2026-10-01 00:00:00,Synthetic
ALT-00231,2026-09-06 16:53:00,2026-09-06,2026-09-07 00:52:00,2026-09-08 00:14:00,Low,4,Unusual remote access,Identity,T1078,WS-009,Analyst B,Closed,False Positive,240,479,1881,Breached,2026-10-01 00:00:00,Synthetic
ALT-00232,2026-09-06 20:56:00,2026-09-06,2026-09-07 01:23:00,,Medium,3,Repeated authentication failures,Identity,T1110,WS-010,Analyst C,In Progress,Pending,120,267,,Breached,2026-10-01 00:00:00,Synthetic
ALT-00233,2026-09-08 11:50:00,2026-09-08,2026-09-08 12:58:00,2026-09-08 22:49:00,High,2,Unusual remote access,Identity,T1078,WS-017,Analyst B,Closed,Benign Positive,30,68,659,Breached,2026-10-01 00:00:00,Synthetic
ALT-00234,2026-09-29 21:39:00,2026-09-29,2026-09-30 02:51:00,2026-09-30 23:59:00,Low,4,Periodic outbound connection,Network,T1071.001,WS-033,Analyst B,Closed,False Positive,240,312,1580,Breached,2026-10-01 00:00:00,Synthetic
ALT-00235,2026-09-27 22:24:00,2026-09-27,2026-09-28 09:05:00,2026-09-29 05:54:00,Low,4,Suspicious PowerShell,Endpoint,T1059.001,WS-060,Analyst A,Closed,False Positive,240,641,1890,Breached,2026-10-01 00:00:00,Synthetic
ALT-00236,2026-09-02 06:59:00,2026-09-02,2026-09-02 07:34:00,,High,2,Unusual remote access,Identity,T1078,WS-042,Analyst B,In Progress,Pending,30,35,,Breached,2026-10-01 00:00:00,Synthetic
ALT-00237,2026-09-27 00:55:00,2026-09-27,2026-09-27 06:18:00,2026-09-28 01:05:00,Medium,3,Unusual remote access,Identity,T1078,WS-020,Analyst D,Closed,True Positive,120,323,1450,Breached,2026-10-01 00:00:00,Synthetic
ALT-00238,2026-09-12 03:28:00,2026-09-12,2026-09-12 11:14:00,2026-09-12 13:53:00,Low,4,Unusual remote access,Identity,T1078,WS-011,Analyst D,Closed,False Positive,240,466,625,Breached,2026-10-01 00:00:00,Synthetic
ALT-00239,2026-09-19 21:58:00,2026-09-19,2026-09-19 23:13:00,2026-09-20 10:03:00,Medium,3,Suspicious PowerShell,Endpoint,T1059.001,WS-021,Analyst C,Closed,Benign Positive,120,75,725,Met,2026-10-01 00:00:00,Synthetic
ALT-00240,2026-09-19 03:30:00,2026-09-19,2026-09-19 03:45:00,2026-09-19 14:48:00,High,2,Periodic outbound connection,Network,T1071.001,WS-008,Analyst C,Closed,True Positive,30,15,678,Met,2026-10-01 00:00:00,Synthetic
ALT-00241,2026-09-21 11:04:00,2026-09-21,2026-09-21 11:55:00,2026-09-22 09:05:00,High,2,Repeated authentication failures,Identity,T1110,WS-056,Analyst B,Closed,False Positive,30,51,1321,Breached,2026-10-01 00:00:00,Synthetic
ALT-00242,2026-09-15 21:38:00,2026-09-15,2026-09-16 00:23:00,2026-09-16 17:33:00,Low,4,Unusual remote access,Identity,T1078,WS-030,Analyst D,Closed,Benign Positive,240,165,1195,Met,2026-10-01 00:00:00,Synthetic
ALT-00243,2026-09-15 01:00:00,2026-09-15,,,Medium,3,Repeated authentication failures,Identity,T1110,WS-033,Unassigned,New,Pending,120,,,Breached,2026-10-01 00:00:00,Synthetic
ALT-00244,2026-09-21 19:25:00,2026-09-21,2026-09-21 20:16:00,2026-09-21 22:09:00,Low,4,Suspicious PowerShell,Endpoint,T1059.001,WS-039,Analyst D,Closed,True Positive,240,51,164,Met,2026-10-01 00:00:00,Synthetic
ALT-00245,2026-09-14 00:06:00,2026-09-14,2026-09-14 02:23:00,2026-09-14 15:02:00,Medium,3,Repeated authentication failures,Identity,T1110,WS-024,Analyst A,Closed,False Positive,120,137,896,Breached,2026-10-01 00:00:00,Synthetic
ALT-00246,2026-09-19 05:32:00,2026-09-19,2026-09-19 06:09:00,2026-09-19 16:10:00,Critical,1,Suspicious email attachment,Email,T1566.001,WS-033,Analyst D,Closed,True Positive,15,37,638,Breached,2026-10-01 00:00:00,Synthetic
ALT-00247,2026-09-26 00:35:00,2026-09-26,2026-09-26 00:52:00,2026-09-26 05:25:00,High,2,Suspicious email attachment,Email,T1566.001,WS-026,Analyst C,Closed,Benign Positive,30,17,290,Met,2026-10-01 00:00:00,Synthetic
ALT-00248,2026-09-16 10:22:00,2026-09-16,2026-09-16 12:05:00,,Medium,3,Periodic outbound connection,Network,T1071.001,WS-039,Analyst D,In Progress,Pending,120,103,,Met,2026-10-01 00:00:00,Synthetic
ALT-00249,2026-09-23 18:13:00,2026-09-23,2026-09-23 18:36:00,2026-09-24 10:56:00,Critical,1,Repeated authentication failures,Identity,T1110,WS-010,Analyst B,Closed,False Positive,15,23,1003,Breached,2026-10-01 00:00:00,Synthetic
ALT-00250,2026-09-15 22:13:00,2026-09-15,2026-09-16 08:46:00,2026-09-16 19:08:00,Low,4,Periodic outbound connection,Network,T1071.001,WS-033,Analyst D,Closed,False Positive,240,633,1255,Breached,2026-10-01 00:00:00,Synthetic
ALT-00251,2026-09-26 14:51:00,2026-09-26,2026-09-26 16:19:00,2026-09-26 20:13:00,High,2,Repeated authentication failures,Identity,T1110,WS-038,Analyst C,Closed,Benign Positive,30,88,322,Breached,2026-10-01 00:00:00,Synthetic
ALT-00252,2026-09-29 15:19:00,2026-09-29,2026-09-29 16:02:00,2026-09-30 11:56:00,Critical,1,Large outbound transfer,Network,T1041,WS-047,Analyst A,Closed,False Positive,15,43,1237,Breached,2026-10-01 00:00:00,Synthetic
ALT-00253,2026-09-27 13:21:00,2026-09-27,2026-09-27 18:40:00,2026-09-28 07:48:00,Medium,3,Suspicious email attachment,Email,T1566.001,WS-044,Analyst B,Closed,True Positive,120,319,1107,Breached,2026-10-01 00:00:00,Synthetic
ALT-00254,2026-09-02 10:29:00,2026-09-02,2026-09-02 10:40:00,2026-09-03 01:53:00,Medium,3,Unusual remote access,Identity,T1078,WS-010,Analyst D,Closed,True Positive,120,11,924,Met,2026-10-01 00:00:00,Synthetic
ALT-00255,2026-09-10 06:42:00,2026-09-10,,,Medium,3,Suspicious email attachment,Email,T1566.001,WS-056,Unassigned,New,Pending,120,,,Breached,2026-10-01 00:00:00,Synthetic
ALT-00256,2026-09-03 20:01:00,2026-09-03,2026-09-03 22:49:00,2026-09-04 21:35:00,Medium,3,Suspicious email attachment,Email,T1566.001,WS-025,Analyst C,Closed,False Positive,120,168,1534,Breached,2026-10-01 00:00:00,Synthetic
ALT-00257,2026-09-08 21:09:00,2026-09-08,2026-09-09 00:12:00,2026-09-09 23:26:00,Medium,3,Suspicious email attachment,Email,T1566.001,WS-047,Analyst C,Closed,False Positive,120,183,1577,Breached,2026-10-01 00:00:00,Synthetic
ALT-00258,2026-09-28 18:21:00,2026-09-28,2026-09-28 20:55:00,2026-09-29 04:45:00,Medium,3,Suspicious PowerShell,Endpoint,T1059.001,WS-020,Analyst C,Closed,Benign Positive,120,154,624,Breached,2026-10-01 00:00:00,Synthetic
ALT-00259,2026-09-10 10:24:00,2026-09-10,2026-09-10 13:24:00,2026-09-11 08:41:00,Medium,3,Large outbound transfer,Network,T1041,WS-051,Analyst C,Closed,Benign Positive,120,180,1337,Breached,2026-10-01 00:00:00,Synthetic
ALT-00260,2026-09-14 02:20:00,2026-09-14,2026-09-14 03:12:00,2026-09-14 15:08:00,High,2,Unusual remote access,Identity,T1078,WS-052,Analyst B,Closed,Benign Positive,30,52,768,Breached,2026-10-01 00:00:00,Synthetic
ALT-00261,2026-09-14 05:15:00,2026-09-14,2026-09-14 05:45:00,2026-09-15 04:18:00,Critical,1,Unusual remote access,Identity,T1078,WS-031,Analyst B,Closed,True Positive,15,30,1383,Breached,2026-10-01 00:00:00,Synthetic
ALT-00262,2026-09-10 04:42:00,2026-09-10,,,Low,4,Periodic outbound connection,Network,T1071.001,WS-045,Unassigned,New,Pending,240,,,Breached,2026-10-01 00:00:00,Synthetic
ALT-00263,2026-09-13 08:40:00,2026-09-13,2026-09-13 09:12:00,,High,2,Suspicious email attachment,Email,T1566.001,WS-016,Analyst A,In Progress,Pending,30,32,,Breached,2026-10-01 00:00:00,Synthetic
ALT-00264,2026-09-25 04:02:00,2026-09-25,2026-09-25 04:56:00,2026-09-25 16:22:00,High,2,Suspicious PowerShell,Endpoint,T1059.001,WS-007,Analyst B,Closed,False Positive,30,54,740,Breached,2026-10-01 00:00:00,Synthetic
ALT-00265,2026-09-01 05:39:00,2026-09-01,2026-09-01 13:48:00,2026-09-02 06:15:00,Low,4,Suspicious PowerShell,Endpoint,T1059.001,WS-049,Analyst C,Closed,False Positive,240,489,1476,Breached,2026-10-01 00:00:00,Synthetic
ALT-00266,2026-09-15 14:48:00,2026-09-15,,,High,2,Repeated authentication failures,Identity,T1110,WS-006,Unassigned,New,Pending,30,,,Breached,2026-10-01 00:00:00,Synthetic
ALT-00267,2026-09-30 16:29:00,2026-09-30,2026-09-30 16:50:00,,Medium,3,Suspicious email attachment,Email,T1566.001,WS-059,Analyst B,In Progress,Pending,120,21,,Met,2026-10-01 00:00:00,Synthetic
ALT-00268,2026-09-20 00:26:00,2026-09-20,,,Low,4,Suspicious PowerShell,Endpoint,T1059.001,WS-003,Unassigned,New,Pending,240,,,Breached,2026-10-01 00:00:00,Synthetic
ALT-00269,2026-09-19 01:37:00,2026-09-19,,,Low,4,Suspicious PowerShell,Endpoint,T1059.001,WS-056,Unassigned,New,Pending,240,,,Breached,2026-10-01 00:00:00,Synthetic
ALT-00270,2026-09-14 04:10:00,2026-09-14,2026-09-14 14:29:00,2026-09-14 18:18:00,Low,4,Repeated authentication failures,Identity,T1110,WS-022,Analyst C,Closed,Benign Positive,240,619,848,Breached,2026-10-01 00:00:00,Synthetic
ALT-00271,2026-09-21 16:16:00,2026-09-21,2026-09-21 18:35:00,2026-09-22 11:57:00,Low,4,Suspicious email attachment,Email,T1566.001,WS-013,Analyst A,Closed,False Positive,240,139,1181,Met,2026-10-01 00:00:00,Synthetic
ALT-00272,2026-09-16 01:11:00,2026-09-16,2026-09-16 01:36:00,2026-09-16 02:14:00,High,2,Large outbound transfer,Network,T1041,WS-051,Analyst C,Closed,False Positive,30,25,63,Met,2026-10-01 00:00:00,Synthetic
ALT-00273,2026-09-26 20:10:00,2026-09-26,2026-09-27 01:39:00,2026-09-27 15:39:00,Medium,3,Suspicious PowerShell,Endpoint,T1059.001,WS-033,Analyst C,Closed,Benign Positive,120,329,1169,Breached,2026-10-01 00:00:00,Synthetic
ALT-00274,2026-09-04 22:44:00,2026-09-04,2026-09-04 23:57:00,2026-09-05 16:24:00,Medium,3,Repeated authentication failures,Identity,T1110,WS-016,Analyst A,Closed,False Positive,120,73,1060,Met,2026-10-01 00:00:00,Synthetic
ALT-00275,2026-09-12 20:50:00,2026-09-12,2026-09-12 23:40:00,,Medium,3,Large outbound transfer,Network,T1041,WS-020,Analyst A,In Progress,Pending,120,170,,Breached,2026-10-01 00:00:00,Synthetic
ALT-00276,2026-09-12 21:41:00,2026-09-12,2026-09-13 03:24:00,2026-09-13 07:36:00,Medium,3,Unusual remote access,Identity,T1078,WS-011,Analyst D,Closed,False Positive,120,343,595,Breached,2026-10-01 00:00:00,Synthetic
ALT-00277,2026-09-23 20:53:00,2026-09-23,2026-09-24 08:41:00,,Low,4,Unusual remote access,Identity,T1078,WS-008,Analyst C,In Progress,Pending,240,708,,Breached,2026-10-01 00:00:00,Synthetic
ALT-00278,2026-09-17 17:27:00,2026-09-17,,,Medium,3,Suspicious PowerShell,Endpoint,T1059.001,WS-031,Unassigned,New,Pending,120,,,Breached,2026-10-01 00:00:00,Synthetic
ALT-00279,2026-09-07 23:19:00,2026-09-07,2026-09-08 04:02:00,2026-09-08 20:16:00,Medium,3,Suspicious email attachment,Email,T1566.001,WS-052,Analyst B,Closed,False Positive,120,283,1257,Breached,2026-10-01 00:00:00,Synthetic
ALT-00280,2026-09-12 06:17:00,2026-09-12,2026-09-12 07:00:00,,Medium,3,Suspicious email attachment,Email,T1566.001,WS-034,Analyst D,In Progress,Pending,120,43,,Met,2026-10-01 00:00:00,Synthetic
ALT-00281,2026-09-25 00:54:00,2026-09-25,,,Medium,3,Repeated authentication failures,Identity,T1110,WS-008,Unassigned,New,Pending,120,,,Breached,2026-10-01 00:00:00,Synthetic
ALT-00282,2026-09-03 19:27:00,2026-09-03,2026-09-04 04:38:00,2026-09-04 09:54:00,Low,4,Suspicious email attachment,Email,T1566.001,WS-055,Analyst D,Closed,True Positive,240,551,867,Breached,2026-10-01 00:00:00,Synthetic
ALT-00283,2026-09-06 06:57:00,2026-09-06,2026-09-06 07:45:00,2026-09-07 01:20:00,Medium,3,Unusual remote access,Identity,T1078,WS-004,Analyst D,Closed,False Positive,120,48,1103,Met,2026-10-01 00:00:00,Synthetic
ALT-00284,2026-09-07 00:07:00,2026-09-07,2026-09-07 04:55:00,2026-09-07 20:51:00,Medium,3,Large outbound transfer,Network,T1041,WS-020,Analyst A,Closed,False Positive,120,288,1244,Breached,2026-10-01 00:00:00,Synthetic
ALT-00285,2026-09-19 00:28:00,2026-09-19,2026-09-19 01:44:00,,High,2,Repeated authentication failures,Identity,T1110,WS-005,Analyst A,In Progress,Pending,30,76,,Breached,2026-10-01 00:00:00,Synthetic
ALT-00286,2026-09-20 06:47:00,2026-09-20,2026-09-20 07:19:00,2026-09-20 09:50:00,Medium,3,Repeated authentication failures,Identity,T1110,WS-031,Analyst A,Closed,Benign Positive,120,32,183,Met,2026-10-01 00:00:00,Synthetic
ALT-00287,2026-09-14 01:34:00,2026-09-14,2026-09-14 07:06:00,,Medium,3,Suspicious PowerShell,Endpoint,T1059.001,WS-027,Analyst C,In Progress,Pending,120,332,,Breached,2026-10-01 00:00:00,Synthetic
ALT-00288,2026-09-18 09:46:00,2026-09-18,2026-09-18 15:37:00,2026-09-19 14:22:00,Medium,3,Large outbound transfer,Network,T1041,WS-009,Analyst C,Closed,Benign Positive,120,351,1716,Breached,2026-10-01 00:00:00,Synthetic
ALT-00289,2026-09-06 09:34:00,2026-09-06,2026-09-06 09:52:00,2026-09-06 17:38:00,High,2,Suspicious email attachment,Email,T1566.001,WS-049,Analyst A,Closed,Benign Positive,30,18,484,Met,2026-10-01 00:00:00,Synthetic
ALT-00290,2026-09-14 13:53:00,2026-09-14,2026-09-14 18:27:00,2026-09-15 07:33:00,Medium,3,Unusual remote access,Identity,T1078,WS-016,Analyst D,Closed,Benign Positive,120,274,1060,Breached,2026-10-01 00:00:00,Synthetic
ALT-00291,2026-09-16 18:05:00,2026-09-16,,,High,2,Suspicious PowerShell,Endpoint,T1059.001,WS-047,Unassigned,New,Pending,30,,,Breached,2026-10-01 00:00:00,Synthetic
ALT-00292,2026-09-06 03:15:00,2026-09-06,2026-09-06 03:18:00,2026-09-06 11:40:00,Critical,1,Unusual remote access,Identity,T1078,WS-007,Analyst A,Closed,True Positive,15,3,505,Met,2026-10-01 00:00:00,Synthetic
ALT-00293,2026-09-21 07:37:00,2026-09-21,2026-09-21 09:44:00,,Medium,3,Unusual remote access,Identity,T1078,WS-048,Analyst A,In Progress,Pending,120,127,,Breached,2026-10-01 00:00:00,Synthetic
ALT-00294,2026-09-19 07:22:00,2026-09-19,2026-09-19 07:52:00,2026-09-19 12:48:00,Medium,3,Suspicious email attachment,Email,T1566.001,WS-019,Analyst B,Closed,False Positive,120,30,326,Met,2026-10-01 00:00:00,Synthetic
ALT-00295,2026-09-27 05:15:00,2026-09-27,2026-09-27 08:01:00,,Medium,3,Suspicious email attachment,Email,T1566.001,WS-016,Analyst C,In Progress,Pending,120,166,,Breached,2026-10-01 00:00:00,Synthetic
ALT-00296,2026-09-07 12:28:00,2026-09-07,2026-09-07 17:37:00,2026-09-08 03:10:00,Low,4,Suspicious email attachment,Email,T1566.001,WS-038,Analyst B,Closed,True Positive,240,309,882,Breached,2026-10-01 00:00:00,Synthetic
ALT-00297,2026-09-29 11:45:00,2026-09-29,2026-09-29 14:43:00,2026-09-30 12:50:00,Medium,3,Suspicious email attachment,Email,T1566.001,WS-051,Analyst C,Closed,False Positive,120,178,1505,Breached,2026-10-01 00:00:00,Synthetic
ALT-00298,2026-09-19 22:44:00,2026-09-19,2026-09-20 03:21:00,2026-09-20 19:40:00,Medium,3,Periodic outbound connection,Network,T1071.001,WS-015,Analyst C,Closed,True Positive,120,277,1256,Breached,2026-10-01 00:00:00,Synthetic
ALT-00299,2026-09-07 13:40:00,2026-09-07,2026-09-07 20:48:00,2026-09-08 15:59:00,Low,4,Repeated authentication failures,Identity,T1110,WS-025,Analyst B,Closed,False Positive,240,428,1579,Breached,2026-10-01 00:00:00,Synthetic
ALT-00300,2026-09-12 14:31:00,2026-09-12,2026-09-12 15:30:00,2026-09-13 04:19:00,High,2,Unusual remote access,Identity,T1078,WS-047,Analyst B,Closed,True Positive,30,59,828,Breached,2026-10-01 00:00:00,Synthetic
ALT-00301,2026-09-03 08:17:00,2026-09-03,2026-09-03 08:24:00,2026-09-03 11:03:00,High,2,Unusual remote access,Identity,T1078,WS-049,Analyst B,Closed,True Positive,30,7,166,Met,2026-10-01 00:00:00,Synthetic
ALT-00302,2026-09-22 19:37:00,2026-09-22,2026-09-22 19:40:00,2026-09-23 03:03:00,High,2,Periodic outbound connection,Network,T1071.001,WS-048,Analyst A,Closed,Benign Positive,30,3,446,Met,2026-10-01 00:00:00,Synthetic
ALT-00303,2026-09-22 19:06:00,2026-09-22,2026-09-22 22:37:00,2026-09-23 12:19:00,Low,4,Unusual remote access,Identity,T1078,WS-036,Analyst C,Closed,Benign Positive,240,211,1033,Met,2026-10-01 00:00:00,Synthetic
ALT-00304,2026-09-13 21:10:00,2026-09-13,2026-09-13 23:49:00,2026-09-14 08:54:00,Medium,3,Suspicious email attachment,Email,T1566.001,WS-057,Analyst D,Closed,False Positive,120,159,704,Breached,2026-10-01 00:00:00,Synthetic
ALT-00305,2026-09-22 05:00:00,2026-09-22,2026-09-22 05:42:00,2026-09-22 12:48:00,High,2,Unusual remote access,Identity,T1078,WS-027,Analyst A,Closed,False Positive,30,42,468,Breached,2026-10-01 00:00:00,Synthetic
ALT-00306,2026-09-26 14:25:00,2026-09-26,2026-09-26 18:54:00,2026-09-27 13:57:00,Low,4,Unusual remote access,Identity,T1078,WS-038,Analyst D,Closed,Benign Positive,240,269,1412,Breached,2026-10-01 00:00:00,Synthetic
ALT-00307,2026-09-14 10:25:00,2026-09-14,2026-09-14 11:39:00,2026-09-14 20:12:00,High,2,Periodic outbound connection,Network,T1071.001,WS-042,Analyst C,Closed,False Positive,30,74,587,Breached,2026-10-01 00:00:00,Synthetic
ALT-00308,2026-09-12 17:04:00,2026-09-12,,,Low,4,Large outbound transfer,Network,T1041,WS-042,Unassigned,New,Pending,240,,,Breached,2026-10-01 00:00:00,Synthetic
ALT-00309,2026-09-23 07:51:00,2026-09-23,2026-09-23 09:19:00,,Medium,3,Unusual remote access,Identity,T1078,WS-009,Analyst D,In Progress,Pending,120,88,,Met,2026-10-01 00:00:00,Synthetic
ALT-00310,2026-09-09 09:01:00,2026-09-09,,,Low,4,Suspicious email attachment,Email,T1566.001,WS-004,Unassigned,New,Pending,240,,,Breached,2026-10-01 00:00:00,Synthetic
ALT-00311,2026-09-24 20:17:00,2026-09-24,,,Critical,1,Repeated authentication failures,Identity,T1110,WS-043,Unassigned,New,Pending,15,,,Breached,2026-10-01 00:00:00,Synthetic
ALT-00312,2026-09-03 04:59:00,2026-09-03,2026-09-03 15:46:00,2026-09-03 23:49:00,Low,4,Large outbound transfer,Network,T1041,WS-010,Analyst A,Closed,True Positive,240,647,1130,Breached,2026-10-01 00:00:00,Synthetic
ALT-00313,2026-09-10 22:54:00,2026-09-10,2026-09-11 04:22:00,2026-09-12 03:17:00,Medium,3,Periodic outbound connection,Network,T1071.001,WS-059,Analyst D,Closed,Benign Positive,120,328,1703,Breached,2026-10-01 00:00:00,Synthetic
ALT-00314,2026-09-23 04:52:00,2026-09-23,2026-09-23 04:54:00,2026-09-23 05:38:00,Critical,1,Suspicious email attachment,Email,T1566.001,WS-018,Analyst C,Closed,False Positive,15,2,46,Met,2026-10-01 00:00:00,Synthetic
ALT-00315,2026-09-01 18:43:00,2026-09-01,2026-09-01 20:16:00,2026-09-02 00:05:00,Medium,3,Unusual remote access,Identity,T1078,WS-034,Analyst B,Closed,Benign Positive,120,93,322,Met,2026-10-01 00:00:00,Synthetic
ALT-00316,2026-09-11 23:12:00,2026-09-11,2026-09-11 23:59:00,2026-09-12 09:16:00,High,2,Suspicious email attachment,Email,T1566.001,WS-006,Analyst C,Closed,False Positive,30,47,604,Breached,2026-10-01 00:00:00,Synthetic
ALT-00317,2026-09-19 11:29:00,2026-09-19,,,Medium,3,Suspicious PowerShell,Endpoint,T1059.001,WS-015,Unassigned,New,Pending,120,,,Breached,2026-10-01 00:00:00,Synthetic
ALT-00318,2026-09-14 15:39:00,2026-09-14,2026-09-14 21:13:00,2026-09-14 22:27:00,Medium,3,Repeated authentication failures,Identity,T1110,WS-025,Analyst D,Closed,True Positive,120,334,408,Breached,2026-10-01 00:00:00,Synthetic
ALT-00319,2026-09-26 03:41:00,2026-09-26,2026-09-26 05:10:00,2026-09-26 08:09:00,Medium,3,Unusual remote access,Identity,T1078,WS-028,Analyst C,Closed,False Positive,120,89,268,Met,2026-10-01 00:00:00,Synthetic
ALT-00320,2026-09-26 18:03:00,2026-09-26,2026-09-26 18:48:00,,Low,4,Repeated authentication failures,Identity,T1110,WS-015,Analyst B,In Progress,Pending,240,45,,Met,2026-10-01 00:00:00,Synthetic
ALT-00321,2026-09-26 19:04:00,2026-09-26,,,Medium,3,Repeated authentication failures,Identity,T1110,WS-044,Unassigned,New,Pending,120,,,Breached,2026-10-01 00:00:00,Synthetic
ALT-00322,2026-09-13 18:14:00,2026-09-13,2026-09-13 21:19:00,2026-09-14 08:13:00,Low,4,Suspicious email attachment,Email,T1566.001,WS-014,Analyst B,Closed,True Positive,240,185,839,Met,2026-10-01 00:00:00,Synthetic
ALT-00323,2026-09-19 03:02:00,2026-09-19,2026-09-19 07:10:00,2026-09-20 02:40:00,Low,4,Periodic outbound connection,Network,T1071.001,WS-025,Analyst C,Closed,Benign Positive,240,248,1418,Breached,2026-10-01 00:00:00,Synthetic
ALT-00324,2026-09-18 11:15:00,2026-09-18,2026-09-18 23:02:00,,Low,4,Suspicious PowerShell,Endpoint,T1059.001,WS-047,Analyst A,In Progress,Pending,240,707,,Breached,2026-10-01 00:00:00,Synthetic
ALT-00325,2026-09-23 18:59:00,2026-09-23,2026-09-23 22:44:00,2026-09-24 06:49:00,Medium,3,Periodic outbound connection,Network,T1071.001,WS-022,Analyst D,Closed,Benign Positive,120,225,710,Breached,2026-10-01 00:00:00,Synthetic
ALT-00326,2026-09-15 20:29:00,2026-09-15,2026-09-15 20:59:00,,Critical,1,Periodic outbound connection,Network,T1071.001,WS-032,Analyst B,In Progress,Pending,15,30,,Breached,2026-10-01 00:00:00,Synthetic
ALT-00327,2026-09-17 04:38:00,2026-09-17,2026-09-17 10:28:00,2026-09-18 06:37:00,Medium,3,Large outbound transfer,Network,T1041,WS-006,Analyst C,Closed,False Positive,120,350,1559,Breached,2026-10-01 00:00:00,Synthetic
ALT-00328,2026-09-12 05:11:00,2026-09-12,2026-09-12 08:27:00,2026-09-13 06:15:00,Medium,3,Repeated authentication failures,Identity,T1110,WS-025,Analyst C,Closed,True Positive,120,196,1504,Breached,2026-10-01 00:00:00,Synthetic
ALT-00329,2026-09-17 09:58:00,2026-09-17,,,High,2,Repeated authentication failures,Identity,T1110,WS-029,Unassigned,New,Pending,30,,,Breached,2026-10-01 00:00:00,Synthetic
ALT-00330,2026-09-17 09:07:00,2026-09-17,2026-09-17 12:20:00,2026-09-18 03:12:00,Low,4,Repeated authentication failures,Identity,T1110,WS-036,Analyst D,Closed,False Positive,240,193,1085,Met,2026-10-01 00:00:00,Synthetic
ALT-00331,2026-09-05 16:49:00,2026-09-05,2026-09-05 17:29:00,2026-09-06 14:03:00,Critical,1,Periodic outbound connection,Network,T1071.001,WS-056,Analyst D,Closed,False Positive,15,40,1274,Breached,2026-10-01 00:00:00,Synthetic
ALT-00332,2026-09-01 13:28:00,2026-09-01,2026-09-01 14:41:00,,High,2,Large outbound transfer,Network,T1041,WS-058,Analyst B,In Progress,Pending,30,73,,Breached,2026-10-01 00:00:00,Synthetic
ALT-00333,2026-09-27 00:43:00,2026-09-27,2026-09-27 01:56:00,2026-09-27 11:16:00,Medium,3,Unusual remote access,Identity,T1078,WS-032,Analyst B,Closed,True Positive,120,73,633,Met,2026-10-01 00:00:00,Synthetic
ALT-00334,2026-09-03 21:06:00,2026-09-03,2026-09-03 22:09:00,2026-09-04 00:56:00,High,2,Periodic outbound connection,Network,T1071.001,WS-016,Analyst D,Closed,False Positive,30,63,230,Breached,2026-10-01 00:00:00,Synthetic
ALT-00335,2026-09-28 00:35:00,2026-09-28,2026-09-28 03:12:00,2026-09-28 03:35:00,Medium,3,Large outbound transfer,Network,T1041,WS-022,Analyst D,Closed,Benign Positive,120,157,180,Breached,2026-10-01 00:00:00,Synthetic
ALT-00336,2026-09-15 23:56:00,2026-09-15,2026-09-16 05:31:00,,Medium,3,Large outbound transfer,Network,T1041,WS-039,Analyst B,In Progress,Pending,120,335,,Breached,2026-10-01 00:00:00,Synthetic
ALT-00337,2026-09-14 16:09:00,2026-09-14,2026-09-14 18:51:00,2026-09-15 01:04:00,Medium,3,Unusual remote access,Identity,T1078,WS-021,Analyst C,Closed,Benign Positive,120,162,535,Breached,2026-10-01 00:00:00,Synthetic
ALT-00338,2026-09-29 19:17:00,2026-09-29,2026-09-29 22:05:00,,Medium,3,Suspicious email attachment,Email,T1566.001,WS-025,Analyst C,In Progress,Pending,120,168,,Breached,2026-10-01 00:00:00,Synthetic
ALT-00339,2026-09-18 21:11:00,2026-09-18,2026-09-19 01:52:00,2026-09-19 08:10:00,Medium,3,Suspicious email attachment,Email,T1566.001,WS-036,Analyst A,Closed,False Positive,120,281,659,Breached,2026-10-01 00:00:00,Synthetic
ALT-00340,2026-09-22 00:12:00,2026-09-22,2026-09-22 05:12:00,2026-09-23 05:00:00,Low,4,Suspicious PowerShell,Endpoint,T1059.001,WS-055,Analyst D,Closed,True Positive,240,300,1728,Breached,2026-10-01 00:00:00,Synthetic
ALT-00341,2026-09-23 17:22:00,2026-09-23,2026-09-23 18:48:00,2026-09-24 00:13:00,High,2,Periodic outbound connection,Network,T1071.001,WS-051,Analyst D,Closed,False Positive,30,86,411,Breached,2026-10-01 00:00:00,Synthetic
ALT-00342,2026-09-04 08:47:00,2026-09-04,2026-09-04 12:14:00,2026-09-05 06:38:00,Medium,3,Suspicious email attachment,Email,T1566.001,WS-059,Analyst D,Closed,False Positive,120,207,1311,Breached,2026-10-01 00:00:00,Synthetic
ALT-00343,2026-09-25 17:48:00,2026-09-25,2026-09-25 18:24:00,2026-09-26 14:50:00,Critical,1,Periodic outbound connection,Network,T1071.001,WS-006,Analyst A,Closed,False Positive,15,36,1262,Breached,2026-10-01 00:00:00,Synthetic
ALT-00344,2026-09-12 07:08:00,2026-09-12,2026-09-12 12:23:00,2026-09-12 14:03:00,Medium,3,Periodic outbound connection,Network,T1071.001,WS-042,Analyst D,Closed,False Positive,120,315,415,Breached,2026-10-01 00:00:00,Synthetic
ALT-00345,2026-09-16 02:11:00,2026-09-16,2026-09-16 03:53:00,2026-09-16 12:52:00,Low,4,Large outbound transfer,Network,T1041,WS-048,Analyst B,Closed,True Positive,240,102,641,Met,2026-10-01 00:00:00,Synthetic
ALT-00346,2026-09-21 06:54:00,2026-09-21,2026-09-21 11:57:00,,Medium,3,Large outbound transfer,Network,T1041,WS-045,Analyst B,In Progress,Pending,120,303,,Breached,2026-10-01 00:00:00,Synthetic
ALT-00347,2026-09-16 16:47:00,2026-09-16,2026-09-16 23:54:00,2026-09-17 02:59:00,Low,4,Large outbound transfer,Network,T1041,WS-047,Analyst B,Closed,True Positive,240,427,612,Breached,2026-10-01 00:00:00,Synthetic
ALT-00348,2026-09-16 20:28:00,2026-09-16,2026-09-17 00:56:00,,Medium,3,Large outbound transfer,Network,T1041,WS-031,Analyst C,In Progress,Pending,120,268,,Breached,2026-10-01 00:00:00,Synthetic
ALT-00349,2026-09-22 16:05:00,2026-09-22,2026-09-22 16:47:00,2026-09-22 19:14:00,High,2,Unusual remote access,Identity,T1078,WS-052,Analyst A,Closed,True Positive,30,42,189,Breached,2026-10-01 00:00:00,Synthetic
ALT-00350,2026-09-02 00:40:00,2026-09-02,2026-09-02 03:30:00,2026-09-02 11:59:00,Low,4,Unusual remote access,Identity,T1078,WS-036,Analyst B,Closed,False Positive,240,170,679,Met,2026-10-01 00:00:00,Synthetic
ALT-00351,2026-09-16 01:31:00,2026-09-16,2026-09-16 05:00:00,2026-09-17 02:39:00,Medium,3,Large outbound transfer,Network,T1041,WS-041,Analyst D,Closed,True Positive,120,209,1508,Breached,2026-10-01 00:00:00,Synthetic
ALT-00352,2026-09-19 00:04:00,2026-09-19,2026-09-19 00:34:00,,Critical,1,Suspicious email attachment,Email,T1566.001,WS-038,Analyst D,In Progress,Pending,15,30,,Breached,2026-10-01 00:00:00,Synthetic
ALT-00353,2026-09-18 16:42:00,2026-09-18,2026-09-18 16:48:00,2026-09-19 12:40:00,Critical,1,Suspicious PowerShell,Endpoint,T1059.001,WS-056,Analyst B,Closed,True Positive,15,6,1198,Met,2026-10-01 00:00:00,Synthetic
ALT-00354,2026-09-17 15:32:00,2026-09-17,2026-09-17 21:17:00,2026-09-18 14:09:00,Medium,3,Large outbound transfer,Network,T1041,WS-041,Analyst C,Closed,False Positive,120,345,1357,Breached,2026-10-01 00:00:00,Synthetic
ALT-00355,2026-09-28 04:03:00,2026-09-28,2026-09-28 07:03:00,2026-09-28 19:13:00,Medium,3,Large outbound transfer,Network,T1041,WS-040,Analyst B,Closed,Benign Positive,120,180,910,Breached,2026-10-01 00:00:00,Synthetic
ALT-00356,2026-09-14 12:53:00,2026-09-14,2026-09-14 15:12:00,2026-09-15 02:03:00,Low,4,Suspicious email attachment,Email,T1566.001,WS-020,Analyst A,Closed,True Positive,240,139,790,Met,2026-10-01 00:00:00,Synthetic
ALT-00357,2026-09-09 07:56:00,2026-09-09,2026-09-09 11:32:00,2026-09-10 08:03:00,Medium,3,Suspicious PowerShell,Endpoint,T1059.001,WS-025,Analyst D,Closed,True Positive,120,216,1447,Breached,2026-10-01 00:00:00,Synthetic
ALT-00358,2026-09-09 10:53:00,2026-09-09,2026-09-09 16:25:00,2026-09-09 22:29:00,Medium,3,Suspicious email attachment,Email,T1566.001,WS-032,Analyst C,Closed,False Positive,120,332,696,Breached,2026-10-01 00:00:00,Synthetic
ALT-00359,2026-09-07 09:14:00,2026-09-07,2026-09-07 10:01:00,2026-09-07 10:30:00,High,2,Large outbound transfer,Network,T1041,WS-013,Analyst D,Closed,False Positive,30,47,76,Breached,2026-10-01 00:00:00,Synthetic
ALT-00360,2026-09-26 13:23:00,2026-09-26,2026-09-26 17:36:00,2026-09-27 07:57:00,Medium,3,Large outbound transfer,Network,T1041,WS-029,Analyst D,Closed,False Positive,120,253,1114,Breached,2026-10-01 00:00:00,Synthetic
ALT-00361,2026-09-08 14:41:00,2026-09-08,2026-09-08 15:11:00,,High,2,Repeated authentication failures,Identity,T1110,WS-019,Analyst A,In Progress,Pending,30,30,,Met,2026-10-01 00:00:00,Synthetic
ALT-00362,2026-09-13 12:12:00,2026-09-13,2026-09-13 13:12:00,2026-09-14 08:40:00,High,2,Periodic outbound connection,Network,T1071.001,WS-050,Analyst D,Closed,False Positive,30,60,1228,Breached,2026-10-01 00:00:00,Synthetic
ALT-00363,2026-09-26 00:26:00,2026-09-26,2026-09-26 05:06:00,2026-09-26 17:47:00,Medium,3,Suspicious email attachment,Email,T1566.001,WS-049,Analyst A,Closed,False Positive,120,280,1041,Breached,2026-10-01 00:00:00,Synthetic
ALT-00364,2026-09-21 02:05:00,2026-09-21,2026-09-21 07:41:00,2026-09-21 16:17:00,Medium,3,Large outbound transfer,Network,T1041,WS-003,Analyst D,Closed,True Positive,120,336,852,Breached,2026-10-01 00:00:00,Synthetic
ALT-00365,2026-09-12 23:03:00,2026-09-12,2026-09-13 00:05:00,2026-09-13 08:20:00,Medium,3,Repeated authentication failures,Identity,T1110,WS-048,Analyst C,Closed,True Positive,120,62,557,Met,2026-10-01 00:00:00,Synthetic
ALT-00366,2026-09-28 18:34:00,2026-09-28,2026-09-28 20:21:00,2026-09-29 03:34:00,Medium,3,Suspicious PowerShell,Endpoint,T1059.001,WS-037,Analyst C,Closed,Benign Positive,120,107,540,Met,2026-10-01 00:00:00,Synthetic
ALT-00367,2026-09-25 05:23:00,2026-09-25,2026-09-25 06:02:00,2026-09-25 16:04:00,High,2,Suspicious email attachment,Email,T1566.001,WS-055,Analyst A,Closed,False Positive,30,39,641,Breached,2026-10-01 00:00:00,Synthetic
ALT-00368,2026-09-07 04:05:00,2026-09-07,,,Low,4,Large outbound transfer,Network,T1041,WS-018,Unassigned,New,Pending,240,,,Breached,2026-10-01 00:00:00,Synthetic
ALT-00369,2026-09-30 20:24:00,2026-09-30,2026-09-30 21:07:00,,High,2,Suspicious PowerShell,Endpoint,T1059.001,WS-049,Analyst D,In Progress,Pending,30,43,,Breached,2026-10-01 00:00:00,Synthetic
ALT-00370,2026-09-23 06:37:00,2026-09-23,2026-09-23 07:32:00,2026-09-23 20:30:00,High,2,Unusual remote access,Identity,T1078,WS-041,Analyst A,Closed,False Positive,30,55,833,Breached,2026-10-01 00:00:00,Synthetic
ALT-00371,2026-09-19 08:01:00,2026-09-19,2026-09-19 11:11:00,2026-09-20 02:52:00,Medium,3,Periodic outbound connection,Network,T1071.001,WS-021,Analyst A,Closed,Benign Positive,120,190,1131,Breached,2026-10-01 00:00:00,Synthetic
ALT-00372,2026-09-05 05:44:00,2026-09-05,2026-09-05 11:43:00,2026-09-06 00:06:00,Medium,3,Large outbound transfer,Network,T1041,WS-051,Analyst D,Closed,Benign Positive,120,359,1102,Breached,2026-10-01 00:00:00,Synthetic
ALT-00373,2026-09-10 21:55:00,2026-09-10,2026-09-11 03:27:00,2026-09-11 13:17:00,Low,4,Suspicious PowerShell,Endpoint,T1059.001,WS-037,Analyst B,Closed,False Positive,240,332,922,Breached,2026-10-01 00:00:00,Synthetic
ALT-00374,2026-09-26 18:22:00,2026-09-26,2026-09-26 19:13:00,,Low,4,Periodic outbound connection,Network,T1071.001,WS-003,Analyst A,In Progress,Pending,240,51,,Met,2026-10-01 00:00:00,Synthetic
ALT-00375,2026-09-29 11:57:00,2026-09-29,2026-09-29 14:40:00,2026-09-30 05:53:00,Low,4,Large outbound transfer,Network,T1041,WS-028,Analyst B,Closed,False Positive,240,163,1076,Met,2026-10-01 00:00:00,Synthetic
ALT-00376,2026-09-07 00:05:00,2026-09-07,2026-09-07 04:47:00,2026-09-07 08:08:00,Low,4,Periodic outbound connection,Network,T1071.001,WS-017,Analyst A,Closed,False Positive,240,282,483,Breached,2026-10-01 00:00:00,Synthetic
ALT-00377,2026-09-17 22:09:00,2026-09-17,2026-09-18 01:33:00,2026-09-18 23:04:00,Medium,3,Unusual remote access,Identity,T1078,WS-045,Analyst B,Closed,True Positive,120,204,1495,Breached,2026-10-01 00:00:00,Synthetic
ALT-00378,2026-09-20 12:50:00,2026-09-20,2026-09-20 14:41:00,2026-09-21 07:07:00,Medium,3,Unusual remote access,Identity,T1078,WS-038,Analyst B,Closed,True Positive,120,111,1097,Met,2026-10-01 00:00:00,Synthetic
ALT-00379,2026-09-24 15:22:00,2026-09-24,2026-09-24 18:19:00,2026-09-24 22:35:00,Medium,3,Repeated authentication failures,Identity,T1110,WS-028,Analyst B,Closed,Benign Positive,120,177,433,Breached,2026-10-01 00:00:00,Synthetic
ALT-00380,2026-09-22 17:46:00,2026-09-22,2026-09-22 17:54:00,2026-09-22 21:35:00,Critical,1,Large outbound transfer,Network,T1041,WS-057,Analyst C,Closed,True Positive,15,8,229,Met,2026-10-01 00:00:00,Synthetic
ALT-00381,2026-09-07 05:46:00,2026-09-07,2026-09-07 11:34:00,2026-09-07 16:36:00,Medium,3,Suspicious PowerShell,Endpoint,T1059.001,WS-037,Analyst A,Closed,True Positive,120,348,650,Breached,2026-10-01 00:00:00,Synthetic
ALT-00382,2026-09-28 18:37:00,2026-09-28,2026-09-28 20:28:00,2026-09-29 18:04:00,Medium,3,Large outbound transfer,Network,T1041,WS-059,Analyst D,Closed,False Positive,120,111,1407,Met,2026-10-01 00:00:00,Synthetic
ALT-00383,2026-09-29 00:55:00,2026-09-29,2026-09-29 01:48:00,2026-09-29 06:44:00,Medium,3,Suspicious PowerShell,Endpoint,T1059.001,WS-038,Analyst D,Closed,False Positive,120,53,349,Met,2026-10-01 00:00:00,Synthetic
ALT-00384,2026-09-16 23:58:00,2026-09-16,2026-09-17 04:13:00,,Low,4,Periodic outbound connection,Network,T1071.001,WS-018,Analyst A,In Progress,Pending,240,255,,Breached,2026-10-01 00:00:00,Synthetic
ALT-00385,2026-09-12 07:03:00,2026-09-12,2026-09-12 09:30:00,,Medium,3,Suspicious email attachment,Email,T1566.001,WS-050,Analyst A,In Progress,Pending,120,147,,Breached,2026-10-01 00:00:00,Synthetic
ALT-00386,2026-09-30 23:09:00,2026-09-30,,,Low,4,Suspicious PowerShell,Endpoint,T1059.001,WS-048,Unassigned,New,Pending,240,,,Pending,2026-10-01 00:00:00,Synthetic
ALT-00387,2026-09-18 19:53:00,2026-09-18,2026-09-18 20:25:00,,High,2,Repeated authentication failures,Identity,T1110,WS-032,Analyst D,In Progress,Pending,30,32,,Breached,2026-10-01 00:00:00,Synthetic
ALT-00388,2026-09-06 03:08:00,2026-09-06,2026-09-06 04:17:00,2026-09-06 04:51:00,High,2,Unusual remote access,Identity,T1078,WS-060,Analyst C,Closed,Benign Positive,30,69,103,Breached,2026-10-01 00:00:00,Synthetic
ALT-00389,2026-09-07 00:09:00,2026-09-07,2026-09-07 04:50:00,2026-09-08 04:18:00,Medium,3,Suspicious email attachment,Email,T1566.001,WS-031,Analyst A,Closed,True Positive,120,281,1689,Breached,2026-10-01 00:00:00,Synthetic
ALT-00390,2026-09-01 18:13:00,2026-09-01,2026-09-01 18:35:00,2026-09-01 20:48:00,Medium,3,Repeated authentication failures,Identity,T1110,WS-026,Analyst C,Closed,Benign Positive,120,22,155,Met,2026-10-01 00:00:00,Synthetic
ALT-00391,2026-09-29 14:34:00,2026-09-29,2026-09-29 18:01:00,2026-09-29 20:59:00,Medium,3,Large outbound transfer,Network,T1041,WS-035,Analyst B,Closed,False Positive,120,207,385,Breached,2026-10-01 00:00:00,Synthetic
ALT-00392,2026-09-13 15:04:00,2026-09-13,2026-09-13 15:32:00,2026-09-13 21:00:00,High,2,Repeated authentication failures,Identity,T1110,WS-026,Analyst A,Closed,False Positive,30,28,356,Met,2026-10-01 00:00:00,Synthetic
ALT-00393,2026-09-15 02:47:00,2026-09-15,,,Medium,3,Unusual remote access,Identity,T1078,WS-016,Unassigned,New,Pending,120,,,Breached,2026-10-01 00:00:00,Synthetic
ALT-00394,2026-09-03 15:14:00,2026-09-03,2026-09-03 16:34:00,2026-09-04 13:30:00,High,2,Large outbound transfer,Network,T1041,WS-043,Analyst B,Closed,True Positive,30,80,1336,Breached,2026-10-01 00:00:00,Synthetic
ALT-00395,2026-09-06 10:27:00,2026-09-06,2026-09-06 10:39:00,2026-09-07 03:45:00,Critical,1,Suspicious PowerShell,Endpoint,T1059.001,WS-034,Analyst C,Closed,Benign Positive,15,12,1038,Met,2026-10-01 00:00:00,Synthetic
ALT-00396,2026-09-08 14:22:00,2026-09-08,2026-09-08 16:41:00,,Medium,3,Unusual remote access,Identity,T1078,WS-047,Analyst A,In Progress,Pending,120,139,,Breached,2026-10-01 00:00:00,Synthetic
ALT-00397,2026-09-02 08:03:00,2026-09-02,2026-09-02 08:37:00,2026-09-02 17:45:00,Medium,3,Large outbound transfer,Network,T1041,WS-037,Analyst A,Closed,False Positive,120,34,582,Met,2026-10-01 00:00:00,Synthetic
ALT-00398,2026-09-23 13:55:00,2026-09-23,2026-09-23 18:47:00,2026-09-24 00:38:00,Medium,3,Periodic outbound connection,Network,T1071.001,WS-017,Analyst A,Closed,False Positive,120,292,643,Breached,2026-10-01 00:00:00,Synthetic
ALT-00399,2026-09-27 02:51:00,2026-09-27,2026-09-27 07:13:00,2026-09-27 07:28:00,Medium,3,Repeated authentication failures,Identity,T1110,WS-056,Analyst A,Closed,True Positive,120,262,277,Breached,2026-10-01 00:00:00,Synthetic
ALT-00400,2026-09-12 03:06:00,2026-09-12,2026-09-12 03:17:00,2026-09-12 09:33:00,Critical,1,Periodic outbound connection,Network,T1071.001,WS-055,Analyst A,Closed,Benign Positive,15,11,387,Met,2026-10-01 00:00:00,Synthetic
ALT-00401,2026-09-26 03:52:00,2026-09-26,2026-09-26 11:03:00,,Low,4,Unusual remote access,Identity,T1078,WS-015,Analyst C,In Progress,Pending,240,431,,Breached,2026-10-01 00:00:00,Synthetic
ALT-00402,2026-09-12 07:10:00,2026-09-12,2026-09-12 07:51:00,2026-09-13 03:31:00,Medium,3,Unusual remote access,Identity,T1078,WS-033,Analyst A,Closed,False Positive,120,41,1221,Met,2026-10-01 00:00:00,Synthetic
ALT-00403,2026-09-09 03:53:00,2026-09-09,,,High,2,Suspicious email attachment,Email,T1566.001,WS-026,Unassigned,New,Pending,30,,,Breached,2026-10-01 00:00:00,Synthetic
ALT-00404,2026-09-04 03:17:00,2026-09-04,2026-09-04 08:37:00,,Low,4,Periodic outbound connection,Network,T1071.001,WS-021,Analyst A,In Progress,Pending,240,320,,Breached,2026-10-01 00:00:00,Synthetic
ALT-00405,2026-09-26 04:07:00,2026-09-26,2026-09-26 08:57:00,2026-09-26 19:29:00,Medium,3,Periodic outbound connection,Network,T1071.001,WS-016,Analyst D,Closed,False Positive,120,290,922,Breached,2026-10-01 00:00:00,Synthetic
ALT-00406,2026-09-17 18:15:00,2026-09-17,,,Medium,3,Large outbound transfer,Network,T1041,WS-050,Unassigned,New,Pending,120,,,Breached,2026-10-01 00:00:00,Synthetic
ALT-00407,2026-09-09 21:27:00,2026-09-09,2026-09-09 23:34:00,,Medium,3,Suspicious email attachment,Email,T1566.001,WS-010,Analyst A,In Progress,Pending,120,127,,Breached,2026-10-01 00:00:00,Synthetic
ALT-00408,2026-09-19 15:52:00,2026-09-19,2026-09-19 15:54:00,2026-09-20 03:30:00,Critical,1,Suspicious email attachment,Email,T1566.001,WS-043,Analyst D,Closed,True Positive,15,2,698,Met,2026-10-01 00:00:00,Synthetic
ALT-00409,2026-09-14 23:53:00,2026-09-14,,,High,2,Suspicious email attachment,Email,T1566.001,WS-027,Unassigned,New,Pending,30,,,Breached,2026-10-01 00:00:00,Synthetic
ALT-00410,2026-09-23 09:25:00,2026-09-23,2026-09-23 11:02:00,2026-09-23 12:41:00,Low,4,Suspicious PowerShell,Endpoint,T1059.001,WS-058,Analyst D,Closed,Benign Positive,240,97,196,Met,2026-10-01 00:00:00,Synthetic
ALT-00411,2026-09-17 22:51:00,2026-09-17,2026-09-17 23:41:00,2026-09-18 17:06:00,Medium,3,Unusual remote access,Identity,T1078,WS-053,Analyst D,Closed,True Positive,120,50,1095,Met,2026-10-01 00:00:00,Synthetic
ALT-00412,2026-09-04 09:44:00,2026-09-04,2026-09-04 10:52:00,2026-09-04 19:06:00,Medium,3,Repeated authentication failures,Identity,T1110,WS-055,Analyst C,Closed,True Positive,120,68,562,Met,2026-10-01 00:00:00,Synthetic
ALT-00413,2026-09-18 21:12:00,2026-09-18,2026-09-19 01:05:00,2026-09-19 10:31:00,Medium,3,Unusual remote access,Identity,T1078,WS-013,Analyst B,Closed,True Positive,120,233,799,Breached,2026-10-01 00:00:00,Synthetic
ALT-00414,2026-09-27 14:39:00,2026-09-27,2026-09-27 15:40:00,2026-09-28 02:33:00,High,2,Repeated authentication failures,Identity,T1110,WS-035,Analyst C,Closed,False Positive,30,61,714,Breached,2026-10-01 00:00:00,Synthetic
ALT-00415,2026-09-10 10:47:00,2026-09-10,2026-09-10 11:50:00,2026-09-10 15:05:00,Medium,3,Large outbound transfer,Network,T1041,WS-044,Analyst C,Closed,True Positive,120,63,258,Met,2026-10-01 00:00:00,Synthetic
ALT-00416,2026-09-28 10:58:00,2026-09-28,2026-09-28 11:15:00,2026-09-28 23:33:00,Critical,1,Periodic outbound connection,Network,T1071.001,WS-004,Analyst C,Closed,False Positive,15,17,755,Breached,2026-10-01 00:00:00,Synthetic
ALT-00417,2026-09-12 20:10:00,2026-09-12,2026-09-13 03:06:00,2026-09-13 18:42:00,Low,4,Suspicious PowerShell,Endpoint,T1059.001,WS-036,Analyst B,Closed,False Positive,240,416,1352,Breached,2026-10-01 00:00:00,Synthetic
ALT-00418,2026-09-05 07:27:00,2026-09-05,2026-09-05 08:00:00,2026-09-05 15:45:00,Medium,3,Suspicious PowerShell,Endpoint,T1059.001,WS-053,Analyst D,Closed,True Positive,120,33,498,Met,2026-10-01 00:00:00,Synthetic
ALT-00419,2026-09-17 22:35:00,2026-09-17,2026-09-18 03:37:00,2026-09-18 12:37:00,Medium,3,Unusual remote access,Identity,T1078,WS-005,Analyst A,Closed,Benign Positive,120,302,842,Breached,2026-10-01 00:00:00,Synthetic
ALT-00420,2026-09-03 22:25:00,2026-09-03,2026-09-03 22:43:00,2026-09-04 02:01:00,High,2,Unusual remote access,Identity,T1078,WS-054,Analyst C,Closed,Benign Positive,30,18,216,Met,2026-10-01 00:00:00,Synthetic
ALT-00421,2026-09-06 13:49:00,2026-09-06,2026-09-06 14:27:00,2026-09-07 05:24:00,Critical,1,Large outbound transfer,Network,T1041,WS-026,Analyst D,Closed,Benign Positive,15,38,935,Breached,2026-10-01 00:00:00,Synthetic
ALT-00422,2026-09-02 08:12:00,2026-09-02,2026-09-02 10:03:00,2026-09-02 16:36:00,Medium,3,Large outbound transfer,Network,T1041,WS-029,Analyst B,Closed,True Positive,120,111,504,Met,2026-10-01 00:00:00,Synthetic
ALT-00423,2026-09-02 13:50:00,2026-09-02,2026-09-02 16:23:00,2026-09-03 09:34:00,Medium,3,Suspicious email attachment,Email,T1566.001,WS-036,Analyst D,Closed,False Positive,120,153,1184,Breached,2026-10-01 00:00:00,Synthetic
ALT-00424,2026-09-03 18:36:00,2026-09-03,2026-09-03 19:03:00,2026-09-04 17:09:00,High,2,Large outbound transfer,Network,T1041,WS-034,Analyst B,Closed,Benign Positive,30,27,1353,Met,2026-10-01 00:00:00,Synthetic
ALT-00425,2026-09-29 16:57:00,2026-09-29,2026-09-29 23:30:00,,Low,4,Suspicious email attachment,Email,T1566.001,WS-051,Analyst C,In Progress,Pending,240,393,,Breached,2026-10-01 00:00:00,Synthetic
ALT-00426,2026-09-22 19:56:00,2026-09-22,2026-09-23 00:47:00,2026-09-23 18:05:00,Medium,3,Large outbound transfer,Network,T1041,WS-018,Analyst B,Closed,False Positive,120,291,1329,Breached,2026-10-01 00:00:00,Synthetic
ALT-00427,2026-09-02 04:28:00,2026-09-02,2026-09-02 06:53:00,2026-09-02 09:02:00,Medium,3,Suspicious PowerShell,Endpoint,T1059.001,WS-031,Analyst C,Closed,Benign Positive,120,145,274,Breached,2026-10-01 00:00:00,Synthetic
ALT-00428,2026-09-27 13:52:00,2026-09-27,2026-09-28 01:06:00,2026-09-28 09:29:00,Low,4,Suspicious PowerShell,Endpoint,T1059.001,WS-053,Analyst A,Closed,True Positive,240,674,1177,Breached,2026-10-01 00:00:00,Synthetic
ALT-00429,2026-09-10 23:39:00,2026-09-10,2026-09-11 01:09:00,2026-09-11 07:19:00,Medium,3,Large outbound transfer,Network,T1041,WS-021,Analyst C,Closed,True Positive,120,90,460,Met,2026-10-01 00:00:00,Synthetic
ALT-00430,2026-09-27 22:08:00,2026-09-27,2026-09-27 22:46:00,2026-09-28 18:10:00,Critical,1,Unusual remote access,Identity,T1078,WS-013,Analyst D,Closed,True Positive,15,38,1202,Breached,2026-10-01 00:00:00,Synthetic
ALT-00431,2026-09-25 16:08:00,2026-09-25,2026-09-25 16:38:00,2026-09-26 00:44:00,Medium,3,Large outbound transfer,Network,T1041,WS-002,Analyst D,Closed,False Positive,120,30,516,Met,2026-10-01 00:00:00,Synthetic
ALT-00432,2026-09-01 00:44:00,2026-09-01,2026-09-01 01:52:00,2026-09-01 13:39:00,Medium,3,Suspicious email attachment,Email,T1566.001,WS-059,Analyst C,Closed,False Positive,120,68,775,Met,2026-10-01 00:00:00,Synthetic
ALT-00433,2026-09-03 17:03:00,2026-09-03,2026-09-03 17:14:00,2026-09-03 21:11:00,Critical,1,Suspicious email attachment,Email,T1566.001,WS-056,Analyst C,Closed,Benign Positive,15,11,248,Met,2026-10-01 00:00:00,Synthetic
ALT-00434,2026-09-04 07:13:00,2026-09-04,2026-09-04 08:06:00,2026-09-04 19:45:00,Medium,3,Unusual remote access,Identity,T1078,WS-009,Analyst B,Closed,True Positive,120,53,752,Met,2026-10-01 00:00:00,Synthetic
ALT-00435,2026-09-20 21:10:00,2026-09-20,2026-09-21 00:10:00,2026-09-21 19:30:00,Low,4,Large outbound transfer,Network,T1041,WS-060,Analyst C,Closed,False Positive,240,180,1340,Met,2026-10-01 00:00:00,Synthetic
ALT-00436,2026-09-11 03:50:00,2026-09-11,2026-09-11 09:44:00,2026-09-11 19:57:00,Medium,3,Suspicious PowerShell,Endpoint,T1059.001,WS-047,Analyst A,Closed,True Positive,120,354,967,Breached,2026-10-01 00:00:00,Synthetic
ALT-00437,2026-09-27 01:41:00,2026-09-27,2026-09-27 06:51:00,2026-09-27 17:52:00,Medium,3,Suspicious email attachment,Email,T1566.001,WS-040,Analyst B,Closed,Benign Positive,120,310,971,Breached,2026-10-01 00:00:00,Synthetic
ALT-00438,2026-09-30 02:39:00,2026-09-30,2026-09-30 03:20:00,2026-09-30 11:37:00,Medium,3,Large outbound transfer,Network,T1041,WS-021,Analyst B,Closed,False Positive,120,41,538,Met,2026-10-01 00:00:00,Synthetic
ALT-00439,2026-09-29 22:53:00,2026-09-29,2026-09-30 10:21:00,,Low,4,Repeated authentication failures,Identity,T1110,WS-041,Analyst C,In Progress,Pending,240,688,,Breached,2026-10-01 00:00:00,Synthetic
ALT-00440,2026-09-21 07:50:00,2026-09-21,2026-09-21 07:56:00,2026-09-21 20:03:00,Critical,1,Suspicious PowerShell,Endpoint,T1059.001,WS-007,Analyst A,Closed,True Positive,15,6,733,Met,2026-10-01 00:00:00,Synthetic
ALT-00441,2026-09-03 04:35:00,2026-09-03,2026-09-03 06:02:00,2026-09-03 20:19:00,Medium,3,Unusual remote access,Identity,T1078,WS-025,Analyst C,Closed,False Positive,120,87,944,Met,2026-10-01 00:00:00,Synthetic
ALT-00442,2026-09-25 20:24:00,2026-09-25,2026-09-26 01:21:00,,Medium,3,Large outbound transfer,Network,T1041,WS-042,Analyst B,In Progress,Pending,120,297,,Breached,2026-10-01 00:00:00,Synthetic
ALT-00443,2026-09-08 09:39:00,2026-09-08,2026-09-08 12:24:00,2026-09-08 21:28:00,Medium,3,Repeated authentication failures,Identity,T1110,WS-005,Analyst C,Closed,Benign Positive,120,165,709,Breached,2026-10-01 00:00:00,Synthetic
ALT-00444,2026-09-08 17:48:00,2026-09-08,2026-09-09 03:10:00,,Low,4,Suspicious PowerShell,Endpoint,T1059.001,WS-058,Analyst A,In Progress,Pending,240,562,,Breached,2026-10-01 00:00:00,Synthetic
ALT-00445,2026-09-16 09:07:00,2026-09-16,2026-09-16 09:24:00,,Medium,3,Suspicious email attachment,Email,T1566.001,WS-028,Analyst B,In Progress,Pending,120,17,,Met,2026-10-01 00:00:00,Synthetic
ALT-00446,2026-09-28 15:21:00,2026-09-28,2026-09-28 21:02:00,2026-09-29 04:12:00,Low,4,Suspicious PowerShell,Endpoint,T1059.001,WS-027,Analyst C,Closed,Benign Positive,240,341,771,Breached,2026-10-01 00:00:00,Synthetic
ALT-00447,2026-09-13 19:29:00,2026-09-13,2026-09-13 20:44:00,2026-09-14 15:39:00,High,2,Repeated authentication failures,Identity,T1110,WS-010,Analyst A,Closed,Benign Positive,30,75,1210,Breached,2026-10-01 00:00:00,Synthetic
ALT-00448,2026-09-17 10:07:00,2026-09-17,2026-09-17 10:51:00,2026-09-18 08:21:00,Critical,1,Repeated authentication failures,Identity,T1110,WS-013,Analyst A,Closed,False Positive,15,44,1334,Breached,2026-10-01 00:00:00,Synthetic
ALT-00449,2026-09-02 04:06:00,2026-09-02,2026-09-02 04:18:00,2026-09-02 20:37:00,High,2,Unusual remote access,Identity,T1078,WS-020,Analyst D,Closed,Benign Positive,30,12,991,Met,2026-10-01 00:00:00,Synthetic
ALT-00450,2026-09-22 10:23:00,2026-09-22,2026-09-22 15:53:00,2026-09-23 10:37:00,Medium,3,Unusual remote access,Identity,T1078,WS-024,Analyst D,Closed,False Positive,120,330,1454,Breached,2026-10-01 00:00:00,Synthetic
ALT-00451,2026-09-17 19:29:00,2026-09-17,2026-09-17 20:30:00,2026-09-18 05:39:00,High,2,Repeated authentication failures,Identity,T1110,WS-018,Analyst A,Closed,True Positive,30,61,610,Breached,2026-10-01 00:00:00,Synthetic
ALT-00452,2026-09-07 21:04:00,2026-09-07,2026-09-08 08:30:00,2026-09-08 20:24:00,Low,4,Unusual remote access,Identity,T1078,WS-027,Analyst B,Closed,Benign Positive,240,686,1400,Breached,2026-10-01 00:00:00,Synthetic
ALT-00453,2026-09-26 04:40:00,2026-09-26,2026-09-26 05:08:00,,Critical,1,Large outbound transfer,Network,T1041,WS-035,Analyst D,In Progress,Pending,15,28,,Breached,2026-10-01 00:00:00,Synthetic
ALT-00454,2026-09-27 01:33:00,2026-09-27,2026-09-27 08:19:00,2026-09-27 09:40:00,Low,4,Large outbound transfer,Network,T1041,WS-058,Analyst B,Closed,False Positive,240,406,487,Breached,2026-10-01 00:00:00,Synthetic
ALT-00455,2026-09-06 11:22:00,2026-09-06,2026-09-06 14:15:00,2026-09-06 21:38:00,Low,4,Large outbound transfer,Network,T1041,WS-009,Analyst A,Closed,Benign Positive,240,173,616,Met,2026-10-01 00:00:00,Synthetic
ALT-00456,2026-09-20 06:26:00,2026-09-20,2026-09-20 07:08:00,2026-09-20 12:20:00,Critical,1,Unusual remote access,Identity,T1078,WS-017,Analyst C,Closed,Benign Positive,15,42,354,Breached,2026-10-01 00:00:00,Synthetic
ALT-00457,2026-09-04 01:11:00,2026-09-04,2026-09-04 01:54:00,2026-09-04 11:29:00,High,2,Suspicious email attachment,Email,T1566.001,WS-059,Analyst A,Closed,False Positive,30,43,618,Breached,2026-10-01 00:00:00,Synthetic
ALT-00458,2026-09-29 08:32:00,2026-09-29,2026-09-29 09:50:00,2026-09-29 15:03:00,Medium,3,Large outbound transfer,Network,T1041,WS-038,Analyst A,Closed,False Positive,120,78,391,Met,2026-10-01 00:00:00,Synthetic
ALT-00459,2026-09-05 19:22:00,2026-09-05,2026-09-05 23:58:00,,Medium,3,Repeated authentication failures,Identity,T1110,WS-057,Analyst C,In Progress,Pending,120,276,,Breached,2026-10-01 00:00:00,Synthetic
ALT-00460,2026-09-19 16:48:00,2026-09-19,2026-09-19 18:07:00,2026-09-20 10:25:00,High,2,Unusual remote access,Identity,T1078,WS-018,Analyst D,Closed,True Positive,30,79,1057,Breached,2026-10-01 00:00:00,Synthetic
ALT-00461,2026-09-07 13:07:00,2026-09-07,2026-09-07 13:28:00,2026-09-08 03:08:00,Medium,3,Unusual remote access,Identity,T1078,WS-022,Analyst B,Closed,Benign Positive,120,21,841,Met,2026-10-01 00:00:00,Synthetic
ALT-00462,2026-09-03 05:50:00,2026-09-03,2026-09-03 06:02:00,,Medium,3,Periodic outbound connection,Network,T1071.001,WS-022,Analyst C,In Progress,Pending,120,12,,Met,2026-10-01 00:00:00,Synthetic
ALT-00463,2026-09-15 03:38:00,2026-09-15,2026-09-15 05:07:00,,High,2,Large outbound transfer,Network,T1041,WS-007,Analyst B,In Progress,Pending,30,89,,Breached,2026-10-01 00:00:00,Synthetic
ALT-00464,2026-09-07 02:47:00,2026-09-07,2026-09-07 05:33:00,2026-09-07 14:54:00,Medium,3,Unusual remote access,Identity,T1078,WS-039,Analyst A,Closed,False Positive,120,166,727,Breached,2026-10-01 00:00:00,Synthetic
ALT-00465,2026-09-09 13:16:00,2026-09-09,2026-09-09 17:42:00,,Medium,3,Large outbound transfer,Network,T1041,WS-056,Analyst C,In Progress,Pending,120,266,,Breached,2026-10-01 00:00:00,Synthetic
ALT-00466,2026-09-03 13:23:00,2026-09-03,2026-09-03 17:44:00,2026-09-04 07:40:00,Medium,3,Suspicious PowerShell,Endpoint,T1059.001,WS-055,Analyst A,Closed,True Positive,120,261,1097,Breached,2026-10-01 00:00:00,Synthetic
ALT-00467,2026-09-08 21:46:00,2026-09-08,2026-09-08 22:19:00,,High,2,Suspicious PowerShell,Endpoint,T1059.001,WS-003,Analyst D,In Progress,Pending,30,33,,Breached,2026-10-01 00:00:00,Synthetic
ALT-00468,2026-09-03 07:13:00,2026-09-03,2026-09-03 13:32:00,2026-09-04 05:32:00,Low,4,Unusual remote access,Identity,T1078,WS-041,Analyst A,Closed,False Positive,240,379,1339,Breached,2026-10-01 00:00:00,Synthetic
ALT-00469,2026-09-02 09:22:00,2026-09-02,2026-09-02 09:46:00,2026-09-03 02:07:00,High,2,Large outbound transfer,Network,T1041,WS-023,Analyst C,Closed,False Positive,30,24,1005,Met,2026-10-01 00:00:00,Synthetic
ALT-00470,2026-09-08 10:36:00,2026-09-08,2026-09-08 22:23:00,,Low,4,Periodic outbound connection,Network,T1071.001,WS-006,Analyst C,In Progress,Pending,240,707,,Breached,2026-10-01 00:00:00,Synthetic
ALT-00471,2026-09-02 05:58:00,2026-09-02,2026-09-02 07:49:00,,Medium,3,Suspicious PowerShell,Endpoint,T1059.001,WS-055,Analyst B,In Progress,Pending,120,111,,Met,2026-10-01 00:00:00,Synthetic
ALT-00472,2026-09-30 11:06:00,2026-09-30,2026-09-30 12:00:00,,High,2,Suspicious PowerShell,Endpoint,T1059.001,WS-002,Analyst A,In Progress,Pending,30,54,,Breached,2026-10-01 00:00:00,Synthetic
ALT-00473,2026-09-22 13:50:00,2026-09-22,2026-09-22 14:00:00,2026-09-22 21:48:00,Low,4,Unusual remote access,Identity,T1078,WS-052,Analyst C,Closed,True Positive,240,10,478,Met,2026-10-01 00:00:00,Synthetic
ALT-00474,2026-09-30 06:02:00,2026-09-30,2026-09-30 07:02:00,,High,2,Large outbound transfer,Network,T1041,WS-017,Analyst B,In Progress,Pending,30,60,,Breached,2026-10-01 00:00:00,Synthetic
ALT-00475,2026-09-22 05:45:00,2026-09-22,2026-09-22 09:10:00,,Medium,3,Suspicious email attachment,Email,T1566.001,WS-038,Analyst A,In Progress,Pending,120,205,,Breached,2026-10-01 00:00:00,Synthetic
ALT-00476,2026-09-01 08:01:00,2026-09-01,,,Medium,3,Unusual remote access,Identity,T1078,WS-054,Unassigned,New,Pending,120,,,Breached,2026-10-01 00:00:00,Synthetic
ALT-00477,2026-09-18 00:45:00,2026-09-18,2026-09-18 03:19:00,2026-09-19 02:50:00,Medium,3,Suspicious email attachment,Email,T1566.001,WS-005,Analyst C,Closed,True Positive,120,154,1565,Breached,2026-10-01 00:00:00,Synthetic
ALT-00478,2026-09-13 13:59:00,2026-09-13,2026-09-13 19:34:00,2026-09-14 05:55:00,Medium,3,Periodic outbound connection,Network,T1071.001,WS-034,Analyst B,Closed,True Positive,120,335,956,Breached,2026-10-01 00:00:00,Synthetic
ALT-00479,2026-09-03 14:00:00,2026-09-03,2026-09-03 19:29:00,2026-09-04 18:53:00,Low,4,Suspicious email attachment,Email,T1566.001,WS-002,Analyst D,Closed,True Positive,240,329,1733,Breached,2026-10-01 00:00:00,Synthetic
ALT-00480,2026-09-14 10:52:00,2026-09-14,2026-09-14 10:58:00,2026-09-15 07:02:00,High,2,Large outbound transfer,Network,T1041,WS-037,Analyst B,Closed,False Positive,30,6,1210,Met,2026-10-01 00:00:00,Synthetic
ALT-00481,2026-09-16 14:49:00,2026-09-16,2026-09-16 20:17:00,2026-09-17 12:41:00,Medium,3,Suspicious PowerShell,Endpoint,T1059.001,WS-043,Analyst C,Closed,Benign Positive,120,328,1312,Breached,2026-10-01 00:00:00,Synthetic
ALT-00482,2026-09-24 02:07:00,2026-09-24,2026-09-24 06:54:00,,Medium,3,Suspicious PowerShell,Endpoint,T1059.001,WS-012,Analyst C,In Progress,Pending,120,287,,Breached,2026-10-01 00:00:00,Synthetic
ALT-00483,2026-09-05 10:36:00,2026-09-05,2026-09-05 15:24:00,2026-09-05 21:48:00,Medium,3,Unusual remote access,Identity,T1078,WS-058,Analyst C,Closed,Benign Positive,120,288,672,Breached,2026-10-01 00:00:00,Synthetic
ALT-00484,2026-09-30 18:49:00,2026-09-30,2026-09-30 19:30:00,,High,2,Periodic outbound connection,Network,T1071.001,WS-051,Analyst C,In Progress,Pending,30,41,,Breached,2026-10-01 00:00:00,Synthetic
ALT-00485,2026-09-17 21:58:00,2026-09-17,2026-09-17 22:15:00,2026-09-18 14:28:00,High,2,Periodic outbound connection,Network,T1071.001,WS-041,Analyst A,Closed,True Positive,30,17,990,Met,2026-10-01 00:00:00,Synthetic
ALT-00486,2026-09-22 11:47:00,2026-09-22,2026-09-22 23:26:00,2026-09-23 12:37:00,Low,4,Suspicious email attachment,Email,T1566.001,WS-027,Analyst A,Closed,False Positive,240,699,1490,Breached,2026-10-01 00:00:00,Synthetic
ALT-00487,2026-09-07 20:41:00,2026-09-07,2026-09-07 21:55:00,2026-09-08 13:42:00,High,2,Suspicious PowerShell,Endpoint,T1059.001,WS-056,Analyst B,Closed,True Positive,30,74,1021,Breached,2026-10-01 00:00:00,Synthetic
ALT-00488,2026-09-04 16:16:00,2026-09-04,,,Medium,3,Unusual remote access,Identity,T1078,WS-021,Unassigned,New,Pending,120,,,Breached,2026-10-01 00:00:00,Synthetic
ALT-00489,2026-09-29 21:02:00,2026-09-29,2026-09-29 21:14:00,2026-09-30 17:04:00,Critical,1,Large outbound transfer,Network,T1041,WS-032,Analyst A,Closed,False Positive,15,12,1202,Met,2026-10-01 00:00:00,Synthetic
ALT-00490,2026-09-06 21:20:00,2026-09-06,2026-09-07 01:01:00,2026-09-07 17:28:00,Medium,3,Unusual remote access,Identity,T1078,WS-003,Analyst B,Closed,False Positive,120,221,1208,Breached,2026-10-01 00:00:00,Synthetic
ALT-00491,2026-09-17 23:31:00,2026-09-17,2026-09-18 08:36:00,,Low,4,Periodic outbound connection,Network,T1071.001,WS-013,Analyst A,In Progress,Pending,240,545,,Breached,2026-10-01 00:00:00,Synthetic
ALT-00492,2026-09-01 04:30:00,2026-09-01,2026-09-01 07:28:00,2026-09-01 18:17:00,Medium,3,Suspicious PowerShell,Endpoint,T1059.001,WS-025,Analyst C,Closed,True Positive,120,178,827,Breached,2026-10-01 00:00:00,Synthetic
ALT-00493,2026-09-08 14:25:00,2026-09-08,2026-09-08 14:45:00,2026-09-09 06:28:00,Critical,1,Repeated authentication failures,Identity,T1110,WS-039,Analyst C,Closed,False Positive,15,20,963,Breached,2026-10-01 00:00:00,Synthetic
ALT-00494,2026-09-20 17:40:00,2026-09-20,2026-09-21 02:03:00,2026-09-21 14:28:00,Low,4,Suspicious PowerShell,Endpoint,T1059.001,WS-011,Analyst D,Closed,False Positive,240,503,1248,Breached,2026-10-01 00:00:00,Synthetic
ALT-00495,2026-09-01 20:53:00,2026-09-01,,,High,2,Unusual remote access,Identity,T1078,WS-014,Unassigned,New,Pending,30,,,Breached,2026-10-01 00:00:00,Synthetic
ALT-00496,2026-09-01 23:56:00,2026-09-01,2026-09-02 05:31:00,2026-09-02 06:57:00,Medium,3,Suspicious PowerShell,Endpoint,T1059.001,WS-041,Analyst C,Closed,False Positive,120,335,421,Breached,2026-10-01 00:00:00,Synthetic
ALT-00497,2026-09-25 08:04:00,2026-09-25,,,Medium,3,Suspicious email attachment,Email,T1566.001,WS-043,Unassigned,New,Pending,120,,,Breached,2026-10-01 00:00:00,Synthetic
ALT-00498,2026-09-05 22:05:00,2026-09-05,2026-09-05 23:06:00,2026-09-06 13:29:00,Medium,3,Repeated authentication failures,Identity,T1110,WS-008,Analyst C,Closed,False Positive,120,61,924,Met,2026-10-01 00:00:00,Synthetic
ALT-00499,2026-09-22 14:10:00,2026-09-22,2026-09-22 19:34:00,2026-09-22 20:03:00,Medium,3,Suspicious PowerShell,Endpoint,T1059.001,WS-043,Analyst A,Closed,True Positive,120,324,353,Breached,2026-10-01 00:00:00,Synthetic
ALT-00500,2026-09-24 16:18:00,2026-09-24,2026-09-24 17:13:00,2026-09-24 20:57:00,High,2,Suspicious email attachment,Email,T1566.001,WS-040,Analyst A,Closed,False Positive,30,55,279,Breached,2026-10-01 00:00:00,Synthetic
ALT-00501,2026-09-13 20:47:00,2026-09-13,2026-09-13 22:06:00,2026-09-14 05:05:00,High,2,Repeated authentication failures,Identity,T1110,WS-054,Analyst B,Closed,False Positive,30,79,498,Breached,2026-10-01 00:00:00,Synthetic
ALT-00502,2026-09-17 06:56:00,2026-09-17,2026-09-17 11:38:00,2026-09-18 04:44:00,Medium,3,Periodic outbound connection,Network,T1071.001,WS-045,Analyst D,Closed,Benign Positive,120,282,1308,Breached,2026-10-01 00:00:00,Synthetic
ALT-00503,2026-09-16 01:06:00,2026-09-16,2026-09-16 01:22:00,2026-09-16 21:07:00,High,2,Repeated authentication failures,Identity,T1110,WS-010,Analyst A,Closed,False Positive,30,16,1201,Met,2026-10-01 00:00:00,Synthetic
ALT-00504,2026-09-24 06:55:00,2026-09-24,2026-09-24 07:13:00,2026-09-25 05:22:00,Critical,1,Unusual remote access,Identity,T1078,WS-019,Analyst C,Closed,True Positive,15,18,1347,Breached,2026-10-01 00:00:00,Synthetic
ALT-00505,2026-09-22 03:06:00,2026-09-22,2026-09-22 03:26:00,,Critical,1,Suspicious PowerShell,Endpoint,T1059.001,WS-024,Analyst C,In Progress,Pending,15,20,,Breached,2026-10-01 00:00:00,Synthetic
ALT-00506,2026-09-20 09:18:00,2026-09-20,2026-09-20 09:43:00,,Medium,3,Repeated authentication failures,Identity,T1110,WS-001,Analyst B,In Progress,Pending,120,25,,Met,2026-10-01 00:00:00,Synthetic
ALT-00507,2026-09-30 10:54:00,2026-09-30,2026-09-30 12:15:00,,High,2,Periodic outbound connection,Network,T1071.001,WS-018,Analyst A,In Progress,Pending,30,81,,Breached,2026-10-01 00:00:00,Synthetic
ALT-00508,2026-09-17 23:00:00,2026-09-17,2026-09-18 05:51:00,2026-09-18 21:35:00,Low,4,Suspicious PowerShell,Endpoint,T1059.001,WS-025,Analyst D,Closed,True Positive,240,411,1355,Breached,2026-10-01 00:00:00,Synthetic
ALT-00509,2026-09-20 04:39:00,2026-09-20,2026-09-20 10:37:00,2026-09-20 12:47:00,Medium,3,Suspicious PowerShell,Endpoint,T1059.001,WS-055,Analyst B,Closed,Benign Positive,120,358,488,Breached,2026-10-01 00:00:00,Synthetic
ALT-00510,2026-09-05 17:16:00,2026-09-05,2026-09-05 22:09:00,2026-09-06 21:28:00,Medium,3,Suspicious email attachment,Email,T1566.001,WS-040,Analyst D,Closed,False Positive,120,293,1692,Breached,2026-10-01 00:00:00,Synthetic
ALT-00511,2026-09-17 07:41:00,2026-09-17,2026-09-17 08:49:00,,Medium,3,Unusual remote access,Identity,T1078,WS-031,Analyst D,In Progress,Pending,120,68,,Met,2026-10-01 00:00:00,Synthetic
ALT-00512,2026-09-06 03:21:00,2026-09-06,2026-09-06 07:50:00,2026-09-07 06:21:00,Low,4,Large outbound transfer,Network,T1041,WS-046,Analyst B,Closed,True Positive,240,269,1620,Breached,2026-10-01 00:00:00,Synthetic
ALT-00513,2026-09-16 09:30:00,2026-09-16,2026-09-16 10:20:00,2026-09-17 01:16:00,Medium,3,Unusual remote access,Identity,T1078,WS-016,Analyst D,Closed,False Positive,120,50,946,Met,2026-10-01 00:00:00,Synthetic
ALT-00514,2026-09-16 17:39:00,2026-09-16,2026-09-16 22:26:00,2026-09-17 19:31:00,Medium,3,Unusual remote access,Identity,T1078,WS-042,Analyst B,Closed,True Positive,120,287,1552,Breached,2026-10-01 00:00:00,Synthetic
ALT-00515,2026-09-24 00:12:00,2026-09-24,2026-09-24 01:30:00,,Low,4,Large outbound transfer,Network,T1041,WS-049,Analyst D,In Progress,Pending,240,78,,Met,2026-10-01 00:00:00,Synthetic
ALT-00516,2026-09-15 14:13:00,2026-09-15,2026-09-15 14:43:00,2026-09-16 09:40:00,High,2,Periodic outbound connection,Network,T1071.001,WS-026,Analyst B,Closed,False Positive,30,30,1167,Met,2026-10-01 00:00:00,Synthetic
ALT-00517,2026-09-04 14:06:00,2026-09-04,2026-09-04 18:23:00,2026-09-05 09:48:00,Medium,3,Suspicious email attachment,Email,T1566.001,WS-032,Analyst A,Closed,True Positive,120,257,1182,Breached,2026-10-01 00:00:00,Synthetic
ALT-00518,2026-09-05 16:06:00,2026-09-05,2026-09-05 16:08:00,2026-09-05 19:24:00,Medium,3,Repeated authentication failures,Identity,T1110,WS-040,Analyst C,Closed,False Positive,120,2,198,Met,2026-10-01 00:00:00,Synthetic
ALT-00519,2026-09-24 03:14:00,2026-09-24,2026-09-24 06:10:00,2026-09-24 18:44:00,Medium,3,Unusual remote access,Identity,T1078,WS-053,Analyst B,Closed,Benign Positive,120,176,930,Breached,2026-10-01 00:00:00,Synthetic
ALT-00520,2026-09-21 16:23:00,2026-09-21,2026-09-21 22:01:00,2026-09-22 10:35:00,Medium,3,Suspicious email attachment,Email,T1566.001,WS-008,Analyst A,Closed,False Positive,120,338,1092,Breached,2026-10-01 00:00:00,Synthetic
ALT-00521,2026-09-30 23:42:00,2026-09-30,,,High,2,Periodic outbound connection,Network,T1071.001,WS-036,Unassigned,New,Pending,30,,,Pending,2026-10-01 00:00:00,Synthetic
ALT-00522,2026-09-24 18:08:00,2026-09-24,2026-09-24 19:34:00,2026-09-25 12:32:00,Medium,3,Repeated authentication failures,Identity,T1110,WS-046,Analyst D,Closed,True Positive,120,86,1104,Met,2026-10-01 00:00:00,Synthetic
ALT-00523,2026-09-05 20:49:00,2026-09-05,2026-09-05 21:41:00,2026-09-06 05:12:00,High,2,Suspicious PowerShell,Endpoint,T1059.001,WS-051,Analyst B,Closed,False Positive,30,52,503,Breached,2026-10-01 00:00:00,Synthetic
ALT-00524,2026-09-16 09:06:00,2026-09-16,2026-09-16 10:29:00,2026-09-17 09:35:00,High,2,Large outbound transfer,Network,T1041,WS-050,Analyst D,Closed,False Positive,30,83,1469,Breached,2026-10-01 00:00:00,Synthetic
ALT-00525,2026-09-21 19:35:00,2026-09-21,2026-09-21 23:52:00,2026-09-22 00:10:00,Medium,3,Suspicious email attachment,Email,T1566.001,WS-004,Analyst D,Closed,False Positive,120,257,275,Breached,2026-10-01 00:00:00,Synthetic
ALT-00526,2026-09-27 15:06:00,2026-09-27,2026-09-27 16:38:00,,Medium,3,Suspicious email attachment,Email,T1566.001,WS-045,Analyst B,In Progress,Pending,120,92,,Met,2026-10-01 00:00:00,Synthetic
ALT-00527,2026-09-06 20:13:00,2026-09-06,2026-09-06 20:56:00,2026-09-07 14:18:00,High,2,Unusual remote access,Identity,T1078,WS-027,Analyst B,Closed,Benign Positive,30,43,1085,Breached,2026-10-01 00:00:00,Synthetic
ALT-00528,2026-09-13 10:50:00,2026-09-13,,,Medium,3,Periodic outbound connection,Network,T1071.001,WS-029,Unassigned,New,Pending,120,,,Breached,2026-10-01 00:00:00,Synthetic
ALT-00529,2026-09-07 01:40:00,2026-09-07,2026-09-07 02:47:00,2026-09-07 13:09:00,High,2,Suspicious email attachment,Email,T1566.001,WS-036,Analyst C,Closed,Benign Positive,30,67,689,Breached,2026-10-01 00:00:00,Synthetic
ALT-00530,2026-09-26 04:39:00,2026-09-26,2026-09-26 07:09:00,2026-09-27 06:45:00,Medium,3,Suspicious PowerShell,Endpoint,T1059.001,WS-044,Analyst B,Closed,False Positive,120,150,1566,Breached,2026-10-01 00:00:00,Synthetic
ALT-00531,2026-09-30 14:04:00,2026-09-30,,,Low,4,Suspicious PowerShell,Endpoint,T1059.001,WS-021,Unassigned,New,Pending,240,,,Breached,2026-10-01 00:00:00,Synthetic
ALT-00532,2026-09-06 06:03:00,2026-09-06,2026-09-06 15:49:00,2026-09-07 14:45:00,Low,4,Suspicious email attachment,Email,T1566.001,WS-044,Analyst C,Closed,False Positive,240,586,1962,Breached,2026-10-01 00:00:00,Synthetic
ALT-00533,2026-09-20 05:21:00,2026-09-20,2026-09-20 11:53:00,2026-09-20 17:00:00,Low,4,Suspicious email attachment,Email,T1566.001,WS-004,Analyst B,Closed,True Positive,240,392,699,Breached,2026-10-01 00:00:00,Synthetic
ALT-00534,2026-09-13 03:36:00,2026-09-13,,,Low,4,Suspicious PowerShell,Endpoint,T1059.001,WS-044,Unassigned,New,Pending,240,,,Breached,2026-10-01 00:00:00,Synthetic
ALT-00535,2026-09-12 09:40:00,2026-09-12,2026-09-12 10:19:00,2026-09-12 17:26:00,High,2,Repeated authentication failures,Identity,T1110,WS-003,Analyst C,Closed,False Positive,30,39,466,Breached,2026-10-01 00:00:00,Synthetic
ALT-00536,2026-09-21 14:21:00,2026-09-21,2026-09-21 14:51:00,,High,2,Unusual remote access,Identity,T1078,WS-048,Analyst D,In Progress,Pending,30,30,,Met,2026-10-01 00:00:00,Synthetic
ALT-00537,2026-09-11 19:31:00,2026-09-11,2026-09-12 01:13:00,2026-09-12 02:59:00,Medium,3,Unusual remote access,Identity,T1078,WS-025,Analyst D,Closed,Benign Positive,120,342,448,Breached,2026-10-01 00:00:00,Synthetic
ALT-00538,2026-09-15 05:30:00,2026-09-15,2026-09-15 09:49:00,2026-09-15 16:54:00,Low,4,Repeated authentication failures,Identity,T1110,WS-050,Analyst D,Closed,False Positive,240,259,684,Breached,2026-10-01 00:00:00,Synthetic
ALT-00539,2026-09-11 06:21:00,2026-09-11,2026-09-11 12:39:00,2026-09-12 08:54:00,Low,4,Unusual remote access,Identity,T1078,WS-039,Analyst B,Closed,False Positive,240,378,1593,Breached,2026-10-01 00:00:00,Synthetic
ALT-00540,2026-09-09 19:21:00,2026-09-09,,,High,2,Suspicious PowerShell,Endpoint,T1059.001,WS-005,Unassigned,New,Pending,30,,,Breached,2026-10-01 00:00:00,Synthetic
ALT-00541,2026-09-09 12:13:00,2026-09-09,2026-09-09 18:41:00,2026-09-09 20:14:00,Low,4,Unusual remote access,Identity,T1078,WS-036,Analyst C,Closed,False Positive,240,388,481,Breached,2026-10-01 00:00:00,Synthetic
ALT-00542,2026-09-06 22:04:00,2026-09-06,2026-09-06 23:05:00,2026-09-07 04:32:00,High,2,Periodic outbound connection,Network,T1071.001,WS-060,Analyst C,Closed,True Positive,30,61,388,Breached,2026-10-01 00:00:00,Synthetic
ALT-00543,2026-09-28 03:57:00,2026-09-28,2026-09-28 04:41:00,2026-09-28 15:07:00,Critical,1,Unusual remote access,Identity,T1078,WS-037,Analyst C,Closed,False Positive,15,44,670,Breached,2026-10-01 00:00:00,Synthetic
ALT-00544,2026-09-04 07:36:00,2026-09-04,2026-09-04 10:46:00,2026-09-05 04:42:00,Low,4,Periodic outbound connection,Network,T1071.001,WS-033,Analyst B,Closed,True Positive,240,190,1266,Met,2026-10-01 00:00:00,Synthetic
ALT-00545,2026-09-19 22:18:00,2026-09-19,2026-09-20 00:13:00,2026-09-20 07:39:00,Medium,3,Large outbound transfer,Network,T1041,WS-022,Analyst C,Closed,False Positive,120,115,561,Met,2026-10-01 00:00:00,Synthetic
ALT-00546,2026-09-14 08:39:00,2026-09-14,2026-09-14 09:52:00,2026-09-15 08:11:00,High,2,Suspicious email attachment,Email,T1566.001,WS-043,Analyst C,Closed,True Positive,30,73,1412,Breached,2026-10-01 00:00:00,Synthetic
ALT-00547,2026-09-21 06:47:00,2026-09-21,2026-09-21 08:08:00,2026-09-21 16:37:00,High,2,Unusual remote access,Identity,T1078,WS-044,Analyst C,Closed,Benign Positive,30,81,590,Breached,2026-10-01 00:00:00,Synthetic
ALT-00548,2026-09-18 08:33:00,2026-09-18,2026-09-18 17:48:00,2026-09-19 03:37:00,Low,4,Repeated authentication failures,Identity,T1110,WS-034,Analyst C,Closed,True Positive,240,555,1144,Breached,2026-10-01 00:00:00,Synthetic
ALT-00549,2026-09-24 09:45:00,2026-09-24,2026-09-24 14:50:00,2026-09-25 13:14:00,Low,4,Large outbound transfer,Network,T1041,WS-033,Analyst A,Closed,True Positive,240,305,1649,Breached,2026-10-01 00:00:00,Synthetic
ALT-00550,2026-09-05 08:48:00,2026-09-05,2026-09-05 10:10:00,2026-09-05 12:34:00,High,2,Suspicious email attachment,Email,T1566.001,WS-041,Analyst B,Closed,True Positive,30,82,226,Breached,2026-10-01 00:00:00,Synthetic
ALT-00551,2026-09-20 07:20:00,2026-09-20,2026-09-20 14:47:00,2026-09-21 13:01:00,Low,4,Suspicious PowerShell,Endpoint,T1059.001,WS-005,Analyst B,Closed,Benign Positive,240,447,1781,Breached,2026-10-01 00:00:00,Synthetic
ALT-00552,2026-09-02 01:56:00,2026-09-02,2026-09-02 02:35:00,2026-09-02 04:36:00,Medium,3,Periodic outbound connection,Network,T1071.001,WS-017,Analyst A,Closed,True Positive,120,39,160,Met,2026-10-01 00:00:00,Synthetic
ALT-00553,2026-09-27 04:00:00,2026-09-27,2026-09-27 11:43:00,2026-09-28 09:23:00,Low,4,Periodic outbound connection,Network,T1071.001,WS-021,Analyst A,Closed,False Positive,240,463,1763,Breached,2026-10-01 00:00:00,Synthetic
ALT-00554,2026-09-18 17:26:00,2026-09-18,2026-09-18 22:44:00,2026-09-19 01:03:00,Medium,3,Suspicious email attachment,Email,T1566.001,WS-038,Analyst A,Closed,False Positive,120,318,457,Breached,2026-10-01 00:00:00,Synthetic
ALT-00555,2026-09-04 07:17:00,2026-09-04,2026-09-04 13:10:00,2026-09-04 23:37:00,Medium,3,Suspicious email attachment,Email,T1566.001,WS-019,Analyst D,Closed,False Positive,120,353,980,Breached,2026-10-01 00:00:00,Synthetic
ALT-00556,2026-09-18 08:36:00,2026-09-18,2026-09-18 09:58:00,2026-09-19 04:20:00,Medium,3,Unusual remote access,Identity,T1078,WS-048,Analyst D,Closed,True Positive,120,82,1184,Met,2026-10-01 00:00:00,Synthetic
ALT-00557,2026-09-25 20:04:00,2026-09-25,2026-09-25 21:32:00,2026-09-26 19:48:00,High,2,Unusual remote access,Identity,T1078,WS-001,Analyst B,Closed,False Positive,30,88,1424,Breached,2026-10-01 00:00:00,Synthetic
ALT-00558,2026-09-06 14:36:00,2026-09-06,2026-09-06 15:12:00,2026-09-07 10:03:00,Critical,1,Suspicious email attachment,Email,T1566.001,WS-020,Analyst B,Closed,Benign Positive,15,36,1167,Breached,2026-10-01 00:00:00,Synthetic
ALT-00559,2026-09-16 15:34:00,2026-09-16,2026-09-16 15:54:00,,High,2,Unusual remote access,Identity,T1078,WS-011,Analyst B,In Progress,Pending,30,20,,Met,2026-10-01 00:00:00,Synthetic
ALT-00560,2026-09-11 01:09:00,2026-09-11,2026-09-11 02:43:00,2026-09-12 01:47:00,Medium,3,Periodic outbound connection,Network,T1071.001,WS-055,Analyst A,Closed,False Positive,120,94,1478,Met,2026-10-01 00:00:00,Synthetic
ALT-00561,2026-09-25 23:29:00,2026-09-25,2026-09-26 05:14:00,2026-09-26 07:41:00,Medium,3,Suspicious email attachment,Email,T1566.001,WS-013,Analyst D,Closed,True Positive,120,345,492,Breached,2026-10-01 00:00:00,Synthetic
ALT-00562,2026-09-16 01:22:00,2026-09-16,2026-09-16 02:15:00,2026-09-16 12:08:00,Medium,3,Unusual remote access,Identity,T1078,WS-058,Analyst B,Closed,False Positive,120,53,646,Met,2026-10-01 00:00:00,Synthetic
ALT-00563,2026-09-15 11:06:00,2026-09-15,2026-09-15 13:44:00,2026-09-16 13:34:00,Medium,3,Periodic outbound connection,Network,T1071.001,WS-037,Analyst C,Closed,False Positive,120,158,1588,Breached,2026-10-01 00:00:00,Synthetic
ALT-00564,2026-09-15 09:31:00,2026-09-15,2026-09-15 13:45:00,2026-09-15 21:28:00,Low,4,Suspicious PowerShell,Endpoint,T1059.001,WS-042,Analyst D,Closed,False Positive,240,254,717,Breached,2026-10-01 00:00:00,Synthetic
ALT-00565,2026-09-13 14:12:00,2026-09-13,2026-09-13 19:53:00,2026-09-14 12:25:00,Low,4,Suspicious PowerShell,Endpoint,T1059.001,WS-023,Analyst C,Closed,False Positive,240,341,1333,Breached,2026-10-01 00:00:00,Synthetic
ALT-00566,2026-09-23 03:54:00,2026-09-23,2026-09-23 04:37:00,2026-09-23 14:21:00,Medium,3,Suspicious PowerShell,Endpoint,T1059.001,WS-009,Analyst B,Closed,Benign Positive,120,43,627,Met,2026-10-01 00:00:00,Synthetic
ALT-00567,2026-09-12 23:31:00,2026-09-12,2026-09-13 00:11:00,2026-09-13 00:59:00,Medium,3,Unusual remote access,Identity,T1078,WS-041,Analyst A,Closed,Benign Positive,120,40,88,Met,2026-10-01 00:00:00,Synthetic
ALT-00568,2026-09-27 11:34:00,2026-09-27,2026-09-27 11:54:00,2026-09-28 06:53:00,Medium,3,Suspicious email attachment,Email,T1566.001,WS-058,Analyst D,Closed,True Positive,120,20,1159,Met,2026-10-01 00:00:00,Synthetic
ALT-00569,2026-09-30 18:14:00,2026-09-30,,,Low,4,Periodic outbound connection,Network,T1071.001,WS-009,Unassigned,New,Pending,240,,,Breached,2026-10-01 00:00:00,Synthetic
ALT-00570,2026-09-22 03:34:00,2026-09-22,2026-09-22 07:53:00,2026-09-22 08:24:00,Medium,3,Repeated authentication failures,Identity,T1110,WS-055,Analyst B,Closed,False Positive,120,259,290,Breached,2026-10-01 00:00:00,Synthetic
ALT-00571,2026-09-24 09:34:00,2026-09-24,2026-09-24 10:48:00,2026-09-25 09:28:00,High,2,Suspicious PowerShell,Endpoint,T1059.001,WS-010,Analyst D,Closed,Benign Positive,30,74,1434,Breached,2026-10-01 00:00:00,Synthetic
ALT-00572,2026-09-17 07:54:00,2026-09-17,2026-09-17 08:12:00,2026-09-17 20:58:00,Critical,1,Large outbound transfer,Network,T1041,WS-043,Analyst B,Closed,True Positive,15,18,784,Breached,2026-10-01 00:00:00,Synthetic
ALT-00573,2026-09-24 13:40:00,2026-09-24,2026-09-24 21:27:00,2026-09-24 23:12:00,Low,4,Periodic outbound connection,Network,T1071.001,WS-042,Analyst C,Closed,True Positive,240,467,572,Breached,2026-10-01 00:00:00,Synthetic
ALT-00574,2026-09-05 16:44:00,2026-09-05,2026-09-05 19:06:00,2026-09-06 04:15:00,Medium,3,Suspicious email attachment,Email,T1566.001,WS-037,Analyst B,Closed,False Positive,120,142,691,Breached,2026-10-01 00:00:00,Synthetic
ALT-00575,2026-09-18 03:24:00,2026-09-18,2026-09-18 04:05:00,2026-09-18 21:53:00,Medium,3,Periodic outbound connection,Network,T1071.001,WS-059,Analyst B,Closed,True Positive,120,41,1109,Met,2026-10-01 00:00:00,Synthetic
ALT-00576,2026-09-24 12:00:00,2026-09-24,2026-09-24 16:08:00,2026-09-25 12:55:00,Medium,3,Periodic outbound connection,Network,T1071.001,WS-057,Analyst B,Closed,True Positive,120,248,1495,Breached,2026-10-01 00:00:00,Synthetic
ALT-00577,2026-09-21 00:29:00,2026-09-21,2026-09-21 01:06:00,2026-09-21 08:29:00,High,2,Repeated authentication failures,Identity,T1110,WS-011,Analyst C,Closed,True Positive,30,37,480,Breached,2026-10-01 00:00:00,Synthetic
ALT-00578,2026-09-28 09:34:00,2026-09-28,2026-09-28 13:08:00,2026-09-29 00:34:00,Medium,3,Repeated authentication failures,Identity,T1110,WS-031,Analyst D,Closed,False Positive,120,214,900,Breached,2026-10-01 00:00:00,Synthetic
ALT-00579,2026-09-22 19:13:00,2026-09-22,2026-09-22 20:07:00,2026-09-22 21:02:00,High,2,Suspicious PowerShell,Endpoint,T1059.001,WS-009,Analyst B,Closed,True Positive,30,54,109,Breached,2026-10-01 00:00:00,Synthetic
ALT-00580,2026-09-07 03:09:00,2026-09-07,2026-09-07 04:26:00,,Medium,3,Repeated authentication failures,Identity,T1110,WS-004,Analyst B,In Progress,Pending,120,77,,Met,2026-10-01 00:00:00,Synthetic
ALT-00581,2026-09-12 18:05:00,2026-09-12,,,Low,4,Suspicious email attachment,Email,T1566.001,WS-039,Unassigned,New,Pending,240,,,Breached,2026-10-01 00:00:00,Synthetic
ALT-00582,2026-09-26 15:36:00,2026-09-26,2026-09-26 18:03:00,,Medium,3,Unusual remote access,Identity,T1078,WS-006,Analyst B,In Progress,Pending,120,147,,Breached,2026-10-01 00:00:00,Synthetic
ALT-00583,2026-09-21 10:38:00,2026-09-21,2026-09-21 12:07:00,,Medium,3,Large outbound transfer,Network,T1041,WS-015,Analyst D,In Progress,Pending,120,89,,Met,2026-10-01 00:00:00,Synthetic
ALT-00584,2026-09-28 08:16:00,2026-09-28,2026-09-28 08:41:00,,High,2,Suspicious email attachment,Email,T1566.001,WS-040,Analyst C,In Progress,Pending,30,25,,Met,2026-10-01 00:00:00,Synthetic
ALT-00585,2026-09-08 15:11:00,2026-09-08,,,Medium,3,Periodic outbound connection,Network,T1071.001,WS-039,Unassigned,New,Pending,120,,,Breached,2026-10-01 00:00:00,Synthetic
ALT-00586,2026-09-27 21:05:00,2026-09-27,2026-09-27 21:13:00,2026-09-27 21:56:00,Critical,1,Large outbound transfer,Network,T1041,WS-056,Analyst D,Closed,True Positive,15,8,51,Met,2026-10-01 00:00:00,Synthetic
ALT-00587,2026-09-07 19:21:00,2026-09-07,2026-09-08 00:37:00,2026-09-08 21:15:00,Medium,3,Suspicious PowerShell,Endpoint,T1059.001,WS-051,Analyst A,Closed,True Positive,120,316,1554,Breached,2026-10-01 00:00:00,Synthetic
ALT-00588,2026-09-05 05:47:00,2026-09-05,,,Medium,3,Suspicious PowerShell,Endpoint,T1059.001,WS-035,Unassigned,New,Pending,120,,,Breached,2026-10-01 00:00:00,Synthetic
ALT-00589,2026-09-01 01:18:00,2026-09-01,2026-09-01 10:14:00,2026-09-02 00:45:00,Low,4,Unusual remote access,Identity,T1078,WS-003,Analyst D,Closed,False Positive,240,536,1407,Breached,2026-10-01 00:00:00,Synthetic
ALT-00590,2026-09-11 10:39:00,2026-09-11,2026-09-11 17:11:00,,Low,4,Large outbound transfer,Network,T1041,WS-023,Analyst A,In Progress,Pending,240,392,,Breached,2026-10-01 00:00:00,Synthetic
ALT-00591,2026-09-20 08:44:00,2026-09-20,2026-09-20 08:56:00,,High,2,Large outbound transfer,Network,T1041,WS-019,Analyst D,In Progress,Pending,30,12,,Met,2026-10-01 00:00:00,Synthetic
ALT-00592,2026-09-12 17:35:00,2026-09-12,2026-09-12 17:37:00,,High,2,Unusual remote access,Identity,T1078,WS-037,Analyst A,In Progress,Pending,30,2,,Met,2026-10-01 00:00:00,Synthetic
ALT-00593,2026-09-24 15:43:00,2026-09-24,2026-09-24 16:05:00,2026-09-25 06:12:00,Critical,1,Unusual remote access,Identity,T1078,WS-010,Analyst D,Closed,False Positive,15,22,869,Breached,2026-10-01 00:00:00,Synthetic
ALT-00594,2026-09-30 15:41:00,2026-09-30,2026-09-30 19:19:00,,Medium,3,Periodic outbound connection,Network,T1071.001,WS-037,Analyst C,In Progress,Pending,120,218,,Breached,2026-10-01 00:00:00,Synthetic
ALT-00595,2026-09-28 20:20:00,2026-09-28,2026-09-28 20:48:00,2026-09-29 11:04:00,High,2,Unusual remote access,Identity,T1078,WS-036,Analyst D,Closed,False Positive,30,28,884,Met,2026-10-01 00:00:00,Synthetic
ALT-00596,2026-09-09 03:12:00,2026-09-09,2026-09-09 05:51:00,2026-09-10 01:44:00,Medium,3,Suspicious email attachment,Email,T1566.001,WS-046,Analyst D,Closed,False Positive,120,159,1352,Breached,2026-10-01 00:00:00,Synthetic
ALT-00597,2026-09-07 06:48:00,2026-09-07,2026-09-07 10:45:00,2026-09-08 02:09:00,Low,4,Unusual remote access,Identity,T1078,WS-011,Analyst A,Closed,False Positive,240,237,1161,Met,2026-10-01 00:00:00,Synthetic
ALT-00598,2026-09-10 18:14:00,2026-09-10,2026-09-10 23:30:00,,Medium,3,Periodic outbound connection,Network,T1071.001,WS-045,Analyst A,In Progress,Pending,120,316,,Breached,2026-10-01 00:00:00,Synthetic
ALT-00599,2026-09-08 07:34:00,2026-09-08,2026-09-08 08:22:00,2026-09-08 13:29:00,Medium,3,Unusual remote access,Identity,T1078,WS-039,Analyst D,Closed,False Positive,120,48,355,Met,2026-10-01 00:00:00,Synthetic
ALT-00600,2026-09-05 00:16:00,2026-09-05,2026-09-05 00:56:00,2026-09-05 02:23:00,Critical,1,Suspicious PowerShell,Endpoint,T1059.001,WS-060,Analyst D,Closed,False Positive,15,40,127,Breached,2026-10-01 00:00:00,Synthetic
ALT-00601,2026-09-28 22:36:00,2026-09-28,2026-09-29 03:43:00,2026-09-29 05:50:00,Medium,3,Periodic outbound connection,Network,T1071.001,WS-053,Analyst B,Closed,Benign Positive,120,307,434,Breached,2026-10-01 00:00:00,Synthetic
ALT-00602,2026-09-30 03:22:00,2026-09-30,2026-09-30 09:00:00,,Medium,3,Repeated authentication failures,Identity,T1110,WS-019,Analyst B,In Progress,Pending,120,338,,Breached,2026-10-01 00:00:00,Synthetic
ALT-00603,2026-09-02 12:42:00,2026-09-02,2026-09-02 16:41:00,2026-09-03 13:50:00,Low,4,Suspicious email attachment,Email,T1566.001,WS-003,Analyst C,Closed,True Positive,240,239,1508,Met,2026-10-01 00:00:00,Synthetic
ALT-00604,2026-09-11 21:19:00,2026-09-11,2026-09-11 23:42:00,2026-09-12 13:30:00,Medium,3,Suspicious PowerShell,Endpoint,T1059.001,WS-026,Analyst D,Closed,False Positive,120,143,971,Breached,2026-10-01 00:00:00,Synthetic
ALT-00605,2026-09-27 16:09:00,2026-09-27,2026-09-27 16:19:00,,High,2,Repeated authentication failures,Identity,T1110,WS-059,Analyst A,In Progress,Pending,30,10,,Met,2026-10-01 00:00:00,Synthetic
ALT-00606,2026-09-26 00:18:00,2026-09-26,,,High,2,Suspicious email attachment,Email,T1566.001,WS-023,Unassigned,New,Pending,30,,,Breached,2026-10-01 00:00:00,Synthetic
ALT-00607,2026-09-16 19:32:00,2026-09-16,2026-09-16 22:53:00,2026-09-17 14:34:00,Low,4,Periodic outbound connection,Network,T1071.001,WS-037,Analyst A,Closed,Benign Positive,240,201,1142,Met,2026-10-01 00:00:00,Synthetic
ALT-00608,2026-09-12 21:11:00,2026-09-12,2026-09-12 21:22:00,2026-09-13 14:42:00,High,2,Suspicious email attachment,Email,T1566.001,WS-008,Analyst C,Closed,True Positive,30,11,1051,Met,2026-10-01 00:00:00,Synthetic
ALT-00609,2026-09-25 11:32:00,2026-09-25,2026-09-25 19:07:00,2026-09-26 08:09:00,Low,4,Suspicious email attachment,Email,T1566.001,WS-050,Analyst B,Closed,False Positive,240,455,1237,Breached,2026-10-01 00:00:00,Synthetic
ALT-00610,2026-09-16 11:00:00,2026-09-16,2026-09-16 21:02:00,2026-09-16 22:08:00,Low,4,Large outbound transfer,Network,T1041,WS-017,Analyst A,Closed,False Positive,240,602,668,Breached,2026-10-01 00:00:00,Synthetic
ALT-00611,2026-09-18 09:58:00,2026-09-18,2026-09-18 11:57:00,2026-09-18 22:53:00,Medium,3,Suspicious PowerShell,Endpoint,T1059.001,WS-023,Analyst A,Closed,False Positive,120,119,775,Met,2026-10-01 00:00:00,Synthetic
ALT-00612,2026-09-12 23:38:00,2026-09-12,2026-09-13 00:23:00,2026-09-13 03:08:00,High,2,Repeated authentication failures,Identity,T1110,WS-012,Analyst D,Closed,False Positive,30,45,210,Breached,2026-10-01 00:00:00,Synthetic
ALT-00613,2026-09-15 06:49:00,2026-09-15,2026-09-15 12:40:00,2026-09-15 19:19:00,Medium,3,Suspicious email attachment,Email,T1566.001,WS-013,Analyst B,Closed,False Positive,120,351,750,Breached,2026-10-01 00:00:00,Synthetic
ALT-00614,2026-09-12 00:23:00,2026-09-12,2026-09-12 04:40:00,2026-09-13 01:56:00,Low,4,Suspicious PowerShell,Endpoint,T1059.001,WS-050,Analyst A,Closed,False Positive,240,257,1533,Breached,2026-10-01 00:00:00,Synthetic
ALT-00615,2026-09-06 10:56:00,2026-09-06,,,Low,4,Unusual remote access,Identity,T1078,WS-032,Unassigned,New,Pending,240,,,Breached,2026-10-01 00:00:00,Synthetic
ALT-00616,2026-09-28 22:27:00,2026-09-28,,,Critical,1,Suspicious email attachment,Email,T1566.001,WS-055,Unassigned,New,Pending,15,,,Breached,2026-10-01 00:00:00,Synthetic
ALT-00617,2026-09-22 22:47:00,2026-09-22,2026-09-23 03:43:00,2026-09-23 13:15:00,Medium,3,Periodic outbound connection,Network,T1071.001,WS-049,Analyst C,Closed,False Positive,120,296,868,Breached,2026-10-01 00:00:00,Synthetic
ALT-00618,2026-09-19 02:35:00,2026-09-19,2026-09-19 03:44:00,2026-09-19 18:20:00,High,2,Suspicious email attachment,Email,T1566.001,WS-035,Analyst A,Closed,False Positive,30,69,945,Breached,2026-10-01 00:00:00,Synthetic
ALT-00619,2026-09-23 20:50:00,2026-09-23,2026-09-24 00:46:00,,Medium,3,Unusual remote access,Identity,T1078,WS-008,Analyst D,In Progress,Pending,120,236,,Breached,2026-10-01 00:00:00,Synthetic
ALT-00620,2026-09-15 08:46:00,2026-09-15,2026-09-15 12:02:00,2026-09-16 08:01:00,Medium,3,Repeated authentication failures,Identity,T1110,WS-024,Analyst C,Closed,True Positive,120,196,1395,Breached,2026-10-01 00:00:00,Synthetic
ALT-00621,2026-09-09 12:25:00,2026-09-09,2026-09-09 17:40:00,2026-09-10 05:32:00,Medium,3,Suspicious PowerShell,Endpoint,T1059.001,WS-032,Analyst D,Closed,False Positive,120,315,1027,Breached,2026-10-01 00:00:00,Synthetic
ALT-00622,2026-09-10 13:57:00,2026-09-10,2026-09-10 17:24:00,2026-09-11 03:06:00,Medium,3,Periodic outbound connection,Network,T1071.001,WS-037,Analyst B,Closed,False Positive,120,207,789,Breached,2026-10-01 00:00:00,Synthetic
ALT-00623,2026-09-27 05:01:00,2026-09-27,2026-09-27 07:03:00,,Medium,3,Repeated authentication failures,Identity,T1110,WS-036,Analyst D,In Progress,Pending,120,122,,Breached,2026-10-01 00:00:00,Synthetic
ALT-00624,2026-09-18 08:01:00,2026-09-18,2026-09-18 08:04:00,2026-09-18 14:15:00,High,2,Unusual remote access,Identity,T1078,WS-009,Analyst C,Closed,False Positive,30,3,374,Met,2026-10-01 00:00:00,Synthetic
ALT-00625,2026-09-23 03:31:00,2026-09-23,2026-09-23 03:57:00,,Medium,3,Suspicious email attachment,Email,T1566.001,WS-026,Analyst A,In Progress,Pending,120,26,,Met,2026-10-01 00:00:00,Synthetic
ALT-00626,2026-09-08 10:24:00,2026-09-08,2026-09-08 11:06:00,2026-09-08 14:33:00,Critical,1,Periodic outbound connection,Network,T1071.001,WS-022,Analyst C,Closed,False Positive,15,42,249,Breached,2026-10-01 00:00:00,Synthetic
ALT-00627,2026-09-17 10:16:00,2026-09-17,,,Medium,3,Suspicious email attachment,Email,T1566.001,WS-017,Unassigned,New,Pending,120,,,Breached,2026-10-01 00:00:00,Synthetic
ALT-00628,2026-09-16 15:53:00,2026-09-16,2026-09-16 16:38:00,2026-09-17 13:28:00,Critical,1,Repeated authentication failures,Identity,T1110,WS-037,Analyst B,Closed,True Positive,15,45,1295,Breached,2026-10-01 00:00:00,Synthetic
ALT-00629,2026-09-13 22:52:00,2026-09-13,2026-09-14 02:42:00,2026-09-14 05:32:00,Medium,3,Unusual remote access,Identity,T1078,WS-019,Analyst D,Closed,False Positive,120,230,400,Breached,2026-10-01 00:00:00,Synthetic
ALT-00630,2026-09-29 17:59:00,2026-09-29,2026-09-29 23:46:00,2026-09-30 14:19:00,Low,4,Suspicious PowerShell,Endpoint,T1059.001,WS-037,Analyst D,Closed,False Positive,240,347,1220,Breached,2026-10-01 00:00:00,Synthetic
ALT-00631,2026-09-04 05:55:00,2026-09-04,2026-09-04 06:17:00,2026-09-05 04:44:00,Critical,1,Periodic outbound connection,Network,T1071.001,WS-018,Analyst D,Closed,True Positive,15,22,1369,Breached,2026-10-01 00:00:00,Synthetic
ALT-00632,2026-09-13 08:16:00,2026-09-13,2026-09-13 17:11:00,,Low,4,Periodic outbound connection,Network,T1071.001,WS-029,Analyst D,In Progress,Pending,240,535,,Breached,2026-10-01 00:00:00,Synthetic
ALT-00633,2026-09-08 14:45:00,2026-09-08,2026-09-08 15:17:00,2026-09-09 14:02:00,High,2,Repeated authentication failures,Identity,T1110,WS-048,Analyst A,Closed,True Positive,30,32,1397,Breached,2026-10-01 00:00:00,Synthetic
ALT-00634,2026-09-10 14:00:00,2026-09-10,2026-09-10 15:02:00,2026-09-11 09:55:00,High,2,Repeated authentication failures,Identity,T1110,WS-050,Analyst D,Closed,True Positive,30,62,1195,Breached,2026-10-01 00:00:00,Synthetic
ALT-00635,2026-09-24 20:19:00,2026-09-24,2026-09-25 06:53:00,2026-09-25 12:21:00,Low,4,Repeated authentication failures,Identity,T1110,WS-060,Analyst D,Closed,True Positive,240,634,962,Breached,2026-10-01 00:00:00,Synthetic
ALT-00636,2026-09-15 01:54:00,2026-09-15,2026-09-15 03:16:00,2026-09-15 07:44:00,High,2,Unusual remote access,Identity,T1078,WS-054,Analyst B,Closed,True Positive,30,82,350,Breached,2026-10-01 00:00:00,Synthetic
ALT-00637,2026-09-02 07:12:00,2026-09-02,2026-09-02 07:34:00,,Critical,1,Periodic outbound connection,Network,T1071.001,WS-056,Analyst D,In Progress,Pending,15,22,,Breached,2026-10-01 00:00:00,Synthetic
ALT-00638,2026-09-22 06:17:00,2026-09-22,,,Low,4,Suspicious email attachment,Email,T1566.001,WS-036,Unassigned,New,Pending,240,,,Breached,2026-10-01 00:00:00,Synthetic
ALT-00639,2026-09-21 05:53:00,2026-09-21,2026-09-21 07:10:00,2026-09-22 03:43:00,High,2,Unusual remote access,Identity,T1078,WS-048,Analyst D,Closed,False Positive,30,77,1310,Breached,2026-10-01 00:00:00,Synthetic
ALT-00640,2026-09-24 19:45:00,2026-09-24,2026-09-24 22:44:00,2026-09-25 15:20:00,Medium,3,Suspicious email attachment,Email,T1566.001,WS-052,Analyst A,Closed,False Positive,120,179,1175,Breached,2026-10-01 00:00:00,Synthetic
ALT-00641,2026-09-21 02:37:00,2026-09-21,2026-09-21 05:14:00,2026-09-21 05:45:00,Medium,3,Large outbound transfer,Network,T1041,WS-053,Analyst B,Closed,True Positive,120,157,188,Breached,2026-10-01 00:00:00,Synthetic
ALT-00642,2026-09-16 15:36:00,2026-09-16,2026-09-16 16:40:00,2026-09-17 09:07:00,High,2,Suspicious email attachment,Email,T1566.001,WS-050,Analyst D,Closed,True Positive,30,64,1051,Breached,2026-10-01 00:00:00,Synthetic
ALT-00643,2026-09-14 07:56:00,2026-09-14,2026-09-14 09:34:00,2026-09-14 23:47:00,Medium,3,Repeated authentication failures,Identity,T1110,WS-028,Analyst D,Closed,Benign Positive,120,98,951,Met,2026-10-01 00:00:00,Synthetic
ALT-00644,2026-09-12 08:57:00,2026-09-12,2026-09-12 09:47:00,2026-09-12 17:28:00,High,2,Unusual remote access,Identity,T1078,WS-028,Analyst B,Closed,True Positive,30,50,511,Breached,2026-10-01 00:00:00,Synthetic
ALT-00645,2026-09-24 12:16:00,2026-09-24,2026-09-24 23:59:00,,Low,4,Suspicious email attachment,Email,T1566.001,WS-018,Analyst C,In Progress,Pending,240,703,,Breached,2026-10-01 00:00:00,Synthetic
ALT-00646,2026-09-30 12:17:00,2026-09-30,2026-09-30 12:54:00,2026-09-30 19:17:00,Medium,3,Periodic outbound connection,Network,T1071.001,WS-008,Analyst D,Closed,True Positive,120,37,420,Met,2026-10-01 00:00:00,Synthetic
ALT-00647,2026-09-29 02:43:00,2026-09-29,2026-09-29 04:21:00,2026-09-29 15:27:00,Medium,3,Unusual remote access,Identity,T1078,WS-004,Analyst A,Closed,True Positive,120,98,764,Met,2026-10-01 00:00:00,Synthetic
ALT-00648,2026-09-09 11:05:00,2026-09-09,2026-09-09 18:35:00,2026-09-09 19:01:00,Low,4,Periodic outbound connection,Network,T1071.001,WS-010,Analyst A,Closed,True Positive,240,450,476,Breached,2026-10-01 00:00:00,Synthetic
ALT-00649,2026-09-23 11:07:00,2026-09-23,2026-09-23 12:12:00,2026-09-24 01:02:00,High,2,Large outbound transfer,Network,T1041,WS-051,Analyst A,Closed,False Positive,30,65,835,Breached,2026-10-01 00:00:00,Synthetic
ALT-00650,2026-09-16 00:43:00,2026-09-16,2026-09-16 01:35:00,2026-09-16 04:11:00,High,2,Suspicious PowerShell,Endpoint,T1059.001,WS-012,Analyst B,Closed,False Positive,30,52,208,Breached,2026-10-01 00:00:00,Synthetic
ALT-00651,2026-09-12 09:09:00,2026-09-12,2026-09-12 13:25:00,2026-09-13 02:43:00,Low,4,Repeated authentication failures,Identity,T1110,WS-029,Analyst B,Closed,False Positive,240,256,1054,Breached,2026-10-01 00:00:00,Synthetic
ALT-00652,2026-09-02 12:36:00,2026-09-02,2026-09-02 13:44:00,,High,2,Unusual remote access,Identity,T1078,WS-043,Analyst B,In Progress,Pending,30,68,,Breached,2026-10-01 00:00:00,Synthetic
ALT-00653,2026-09-22 12:27:00,2026-09-22,,,Medium,3,Periodic outbound connection,Network,T1071.001,WS-011,Unassigned,New,Pending,120,,,Breached,2026-10-01 00:00:00,Synthetic
ALT-00654,2026-09-29 15:12:00,2026-09-29,,,Medium,3,Unusual remote access,Identity,T1078,WS-034,Unassigned,New,Pending,120,,,Breached,2026-10-01 00:00:00,Synthetic
ALT-00655,2026-09-06 13:24:00,2026-09-06,2026-09-06 14:12:00,2026-09-06 16:08:00,High,2,Unusual remote access,Identity,T1078,WS-014,Analyst A,Closed,Benign Positive,30,48,164,Breached,2026-10-01 00:00:00,Synthetic
ALT-00656,2026-09-11 17:44:00,2026-09-11,2026-09-11 20:07:00,2026-09-12 16:14:00,Medium,3,Periodic outbound connection,Network,T1071.001,WS-051,Analyst B,Closed,True Positive,120,143,1350,Breached,2026-10-01 00:00:00,Synthetic
ALT-00657,2026-09-01 09:45:00,2026-09-01,2026-09-01 17:53:00,,Low,4,Suspicious email attachment,Email,T1566.001,WS-045,Analyst B,In Progress,Pending,240,488,,Breached,2026-10-01 00:00:00,Synthetic
ALT-00658,2026-09-17 21:39:00,2026-09-17,2026-09-17 23:14:00,2026-09-18 22:48:00,Low,4,Suspicious PowerShell,Endpoint,T1059.001,WS-060,Analyst A,Closed,False Positive,240,95,1509,Met,2026-10-01 00:00:00,Synthetic
ALT-00659,2026-09-03 17:17:00,2026-09-03,2026-09-03 18:13:00,2026-09-03 22:40:00,Medium,3,Suspicious PowerShell,Endpoint,T1059.001,WS-021,Analyst C,Closed,False Positive,120,56,323,Met,2026-10-01 00:00:00,Synthetic
ALT-00660,2026-09-20 23:11:00,2026-09-20,2026-09-21 02:16:00,2026-09-21 07:01:00,Medium,3,Repeated authentication failures,Identity,T1110,WS-003,Analyst D,Closed,True Positive,120,185,470,Breached,2026-10-01 00:00:00,Synthetic
ALT-00661,2026-09-20 21:52:00,2026-09-20,2026-09-20 23:31:00,2026-09-21 19:01:00,Medium,3,Suspicious email attachment,Email,T1566.001,WS-023,Analyst C,Closed,True Positive,120,99,1269,Met,2026-10-01 00:00:00,Synthetic
ALT-00662,2026-09-22 07:36:00,2026-09-22,,,High,2,Suspicious email attachment,Email,T1566.001,WS-036,Unassigned,New,Pending,30,,,Breached,2026-10-01 00:00:00,Synthetic
ALT-00663,2026-09-08 07:08:00,2026-09-08,2026-09-08 07:26:00,2026-09-09 02:05:00,Critical,1,Suspicious PowerShell,Endpoint,T1059.001,WS-001,Analyst D,Closed,False Positive,15,18,1137,Breached,2026-10-01 00:00:00,Synthetic
ALT-00664,2026-09-09 10:39:00,2026-09-09,2026-09-09 21:16:00,,Low,4,Suspicious email attachment,Email,T1566.001,WS-016,Analyst C,In Progress,Pending,240,637,,Breached,2026-10-01 00:00:00,Synthetic
ALT-00665,2026-09-03 21:11:00,2026-09-03,2026-09-03 22:50:00,,Medium,3,Suspicious email attachment,Email,T1566.001,WS-034,Analyst D,In Progress,Pending,120,99,,Met,2026-10-01 00:00:00,Synthetic
ALT-00666,2026-09-26 02:20:00,2026-09-26,2026-09-26 03:44:00,2026-09-26 14:53:00,High,2,Periodic outbound connection,Network,T1071.001,WS-034,Analyst A,Closed,True Positive,30,84,753,Breached,2026-10-01 00:00:00,Synthetic
ALT-00667,2026-09-02 23:48:00,2026-09-02,2026-09-03 00:22:00,2026-09-03 07:25:00,Low,4,Suspicious PowerShell,Endpoint,T1059.001,WS-013,Analyst A,Closed,True Positive,240,34,457,Met,2026-10-01 00:00:00,Synthetic
ALT-00668,2026-09-02 10:45:00,2026-09-02,2026-09-02 15:16:00,2026-09-03 12:43:00,Medium,3,Large outbound transfer,Network,T1041,WS-017,Analyst A,Closed,False Positive,120,271,1558,Breached,2026-10-01 00:00:00,Synthetic
ALT-00669,2026-09-17 16:09:00,2026-09-17,2026-09-17 16:37:00,2026-09-18 15:09:00,High,2,Unusual remote access,Identity,T1078,WS-057,Analyst A,Closed,False Positive,30,28,1380,Met,2026-10-01 00:00:00,Synthetic
ALT-00670,2026-09-22 07:14:00,2026-09-22,2026-09-22 14:21:00,2026-09-23 03:06:00,Low,4,Repeated authentication failures,Identity,T1110,WS-004,Analyst C,Closed,False Positive,240,427,1192,Breached,2026-10-01 00:00:00,Synthetic
ALT-00671,2026-09-25 01:49:00,2026-09-25,2026-09-25 01:55:00,,Critical,1,Repeated authentication failures,Identity,T1110,WS-014,Analyst A,In Progress,Pending,15,6,,Met,2026-10-01 00:00:00,Synthetic
ALT-00672,2026-09-05 14:33:00,2026-09-05,2026-09-05 16:13:00,2026-09-06 10:20:00,Medium,3,Suspicious email attachment,Email,T1566.001,WS-037,Analyst B,Closed,False Positive,120,100,1187,Met,2026-10-01 00:00:00,Synthetic
ALT-00673,2026-09-26 09:56:00,2026-09-26,2026-09-26 15:24:00,,Medium,3,Large outbound transfer,Network,T1041,WS-037,Analyst C,In Progress,Pending,120,328,,Breached,2026-10-01 00:00:00,Synthetic
ALT-00674,2026-09-21 21:02:00,2026-09-21,2026-09-21 22:29:00,,Medium,3,Large outbound transfer,Network,T1041,WS-051,Analyst B,In Progress,Pending,120,87,,Met,2026-10-01 00:00:00,Synthetic
ALT-00675,2026-09-26 00:42:00,2026-09-26,2026-09-26 05:17:00,2026-09-27 01:55:00,Medium,3,Periodic outbound connection,Network,T1071.001,WS-023,Analyst C,Closed,False Positive,120,275,1513,Breached,2026-10-01 00:00:00,Synthetic
ALT-00676,2026-09-26 00:50:00,2026-09-26,2026-09-26 07:54:00,,Low,4,Periodic outbound connection,Network,T1071.001,WS-049,Analyst D,In Progress,Pending,240,424,,Breached,2026-10-01 00:00:00,Synthetic
ALT-00677,2026-09-15 17:17:00,2026-09-15,2026-09-15 20:31:00,2026-09-16 15:27:00,Medium,3,Suspicious email attachment,Email,T1566.001,WS-017,Analyst C,Closed,Benign Positive,120,194,1330,Breached,2026-10-01 00:00:00,Synthetic
ALT-00678,2026-09-21 14:08:00,2026-09-21,2026-09-21 14:27:00,2026-09-22 00:19:00,Medium,3,Large outbound transfer,Network,T1041,WS-034,Analyst B,Closed,False Positive,120,19,611,Met,2026-10-01 00:00:00,Synthetic
ALT-00679,2026-09-14 17:41:00,2026-09-14,2026-09-14 18:03:00,2026-09-14 18:57:00,Critical,1,Suspicious PowerShell,Endpoint,T1059.001,WS-045,Analyst C,Closed,False Positive,15,22,76,Breached,2026-10-01 00:00:00,Synthetic
ALT-00680,2026-09-26 04:44:00,2026-09-26,,,Medium,3,Suspicious email attachment,Email,T1566.001,WS-010,Unassigned,New,Pending,120,,,Breached,2026-10-01 00:00:00,Synthetic
ALT-00681,2026-09-05 06:59:00,2026-09-05,2026-09-05 07:17:00,2026-09-05 19:58:00,Critical,1,Periodic outbound connection,Network,T1071.001,WS-016,Analyst B,Closed,Benign Positive,15,18,779,Breached,2026-10-01 00:00:00,Synthetic
ALT-00682,2026-09-12 15:53:00,2026-09-12,2026-09-13 01:37:00,2026-09-13 09:12:00,Low,4,Repeated authentication failures,Identity,T1110,WS-047,Analyst C,Closed,False Positive,240,584,1039,Breached,2026-10-01 00:00:00,Synthetic
ALT-00683,2026-09-22 23:03:00,2026-09-22,2026-09-22 23:17:00,2026-09-23 19:46:00,High,2,Unusual remote access,Identity,T1078,WS-003,Analyst D,Closed,False Positive,30,14,1243,Met,2026-10-01 00:00:00,Synthetic
ALT-00684,2026-09-04 13:43:00,2026-09-04,2026-09-04 21:09:00,2026-09-05 11:32:00,Low,4,Periodic outbound connection,Network,T1071.001,WS-008,Analyst B,Closed,Benign Positive,240,446,1309,Breached,2026-10-01 00:00:00,Synthetic
ALT-00685,2026-09-30 17:00:00,2026-09-30,,,Low,4,Repeated authentication failures,Identity,T1110,WS-004,Unassigned,New,Pending,240,,,Breached,2026-10-01 00:00:00,Synthetic
ALT-00686,2026-09-14 20:54:00,2026-09-14,2026-09-14 22:12:00,2026-09-15 09:31:00,Medium,3,Periodic outbound connection,Network,T1071.001,WS-015,Analyst B,Closed,False Positive,120,78,757,Met,2026-10-01 00:00:00,Synthetic
ALT-00687,2026-09-03 07:10:00,2026-09-03,,,Medium,3,Large outbound transfer,Network,T1041,WS-049,Unassigned,New,Pending,120,,,Breached,2026-10-01 00:00:00,Synthetic
ALT-00688,2026-09-28 02:02:00,2026-09-28,2026-09-28 04:32:00,2026-09-28 18:09:00,Medium,3,Repeated authentication failures,Identity,T1110,WS-022,Analyst A,Closed,True Positive,120,150,967,Breached,2026-10-01 00:00:00,Synthetic
ALT-00689,2026-09-22 15:45:00,2026-09-22,2026-09-22 18:01:00,2026-09-22 21:05:00,Medium,3,Repeated authentication failures,Identity,T1110,WS-028,Analyst B,Closed,False Positive,120,136,320,Breached,2026-10-01 00:00:00,Synthetic
ALT-00690,2026-09-07 03:18:00,2026-09-07,2026-09-07 08:53:00,2026-09-08 04:33:00,Medium,3,Suspicious PowerShell,Endpoint,T1059.001,WS-040,Analyst B,Closed,True Positive,120,335,1515,Breached,2026-10-01 00:00:00,Synthetic
ALT-00691,2026-09-12 00:40:00,2026-09-12,2026-09-12 01:18:00,2026-09-12 04:31:00,Critical,1,Large outbound transfer,Network,T1041,WS-027,Analyst D,Closed,True Positive,15,38,231,Breached,2026-10-01 00:00:00,Synthetic
ALT-00692,2026-09-17 14:58:00,2026-09-17,2026-09-17 20:35:00,2026-09-17 21:34:00,Medium,3,Periodic outbound connection,Network,T1071.001,WS-011,Analyst C,Closed,False Positive,120,337,396,Breached,2026-10-01 00:00:00,Synthetic
ALT-00693,2026-09-29 01:04:00,2026-09-29,2026-09-29 08:37:00,2026-09-29 10:18:00,Low,4,Large outbound transfer,Network,T1041,WS-015,Analyst B,Closed,Benign Positive,240,453,554,Breached,2026-10-01 00:00:00,Synthetic
ALT-00694,2026-09-18 00:18:00,2026-09-18,2026-09-18 00:34:00,,High,2,Unusual remote access,Identity,T1078,WS-048,Analyst A,In Progress,Pending,30,16,,Met,2026-10-01 00:00:00,Synthetic
ALT-00695,2026-09-12 01:28:00,2026-09-12,2026-09-12 06:24:00,,Low,4,Suspicious PowerShell,Endpoint,T1059.001,WS-001,Analyst C,In Progress,Pending,240,296,,Breached,2026-10-01 00:00:00,Synthetic
ALT-00696,2026-09-06 01:32:00,2026-09-06,2026-09-06 03:21:00,2026-09-06 21:52:00,Medium,3,Large outbound transfer,Network,T1041,WS-035,Analyst C,Closed,True Positive,120,109,1220,Met,2026-10-01 00:00:00,Synthetic
ALT-00697,2026-09-25 23:26:00,2026-09-25,,,Medium,3,Unusual remote access,Identity,T1078,WS-045,Unassigned,New,Pending,120,,,Breached,2026-10-01 00:00:00,Synthetic
ALT-00698,2026-09-01 20:05:00,2026-09-01,2026-09-01 22:17:00,2026-09-02 04:15:00,Medium,3,Unusual remote access,Identity,T1078,WS-013,Analyst C,Closed,True Positive,120,132,490,Breached,2026-10-01 00:00:00,Synthetic
ALT-00699,2026-09-03 09:58:00,2026-09-03,2026-09-03 15:38:00,2026-09-04 01:03:00,Medium,3,Repeated authentication failures,Identity,T1110,WS-059,Analyst C,Closed,False Positive,120,340,905,Breached,2026-10-01 00:00:00,Synthetic
ALT-00700,2026-09-05 21:50:00,2026-09-05,2026-09-05 22:16:00,2026-09-06 15:47:00,Critical,1,Unusual remote access,Identity,T1078,WS-007,Analyst C,Closed,Benign Positive,15,26,1077,Breached,2026-10-01 00:00:00,Synthetic
ALT-00701,2026-09-23 01:22:00,2026-09-23,2026-09-23 04:47:00,2026-09-23 22:02:00,Low,4,Suspicious email attachment,Email,T1566.001,WS-036,Analyst A,Closed,Benign Positive,240,205,1240,Met,2026-10-01 00:00:00,Synthetic
ALT-00702,2026-09-02 19:25:00,2026-09-02,2026-09-02 20:29:00,2026-09-03 10:04:00,High,2,Suspicious email attachment,Email,T1566.001,WS-002,Analyst C,Closed,False Positive,30,64,879,Breached,2026-10-01 00:00:00,Synthetic
ALT-00703,2026-09-17 00:22:00,2026-09-17,2026-09-17 04:40:00,2026-09-17 14:14:00,Medium,3,Periodic outbound connection,Network,T1071.001,WS-041,Analyst C,Closed,Benign Positive,120,258,832,Breached,2026-10-01 00:00:00,Synthetic
ALT-00704,2026-09-18 14:53:00,2026-09-18,,,Low,4,Repeated authentication failures,Identity,T1110,WS-018,Unassigned,New,Pending,240,,,Breached,2026-10-01 00:00:00,Synthetic
ALT-00705,2026-09-11 06:23:00,2026-09-11,2026-09-11 06:36:00,2026-09-11 19:48:00,High,2,Large outbound transfer,Network,T1041,WS-044,Analyst B,Closed,False Positive,30,13,805,Met,2026-10-01 00:00:00,Synthetic
ALT-00706,2026-09-19 23:50:00,2026-09-19,2026-09-20 00:31:00,2026-09-20 21:20:00,High,2,Suspicious PowerShell,Endpoint,T1059.001,WS-035,Analyst B,Closed,False Positive,30,41,1290,Breached,2026-10-01 00:00:00,Synthetic
ALT-00707,2026-09-10 09:50:00,2026-09-10,2026-09-10 11:35:00,2026-09-10 16:27:00,Medium,3,Suspicious email attachment,Email,T1566.001,WS-046,Analyst B,Closed,True Positive,120,105,397,Met,2026-10-01 00:00:00,Synthetic
ALT-00708,2026-09-20 13:44:00,2026-09-20,2026-09-20 23:24:00,2026-09-21 04:57:00,Low,4,Suspicious PowerShell,Endpoint,T1059.001,WS-036,Analyst A,Closed,True Positive,240,580,913,Breached,2026-10-01 00:00:00,Synthetic
ALT-00709,2026-09-09 09:07:00,2026-09-09,2026-09-09 11:52:00,,Medium,3,Suspicious PowerShell,Endpoint,T1059.001,WS-057,Analyst D,In Progress,Pending,120,165,,Breached,2026-10-01 00:00:00,Synthetic
ALT-00710,2026-09-19 17:11:00,2026-09-19,,,Medium,3,Unusual remote access,Identity,T1078,WS-058,Unassigned,New,Pending,120,,,Breached,2026-10-01 00:00:00,Synthetic
ALT-00711,2026-09-29 23:36:00,2026-09-29,2026-09-30 02:50:00,2026-09-30 06:38:00,Low,4,Periodic outbound connection,Network,T1071.001,WS-002,Analyst C,Closed,True Positive,240,194,422,Met,2026-10-01 00:00:00,Synthetic
ALT-00712,2026-09-28 13:28:00,2026-09-28,2026-09-28 15:28:00,2026-09-29 15:05:00,Medium,3,Suspicious PowerShell,Endpoint,T1059.001,WS-006,Analyst D,Closed,True Positive,120,120,1537,Met,2026-10-01 00:00:00,Synthetic
ALT-00713,2026-09-07 02:27:00,2026-09-07,2026-09-07 08:01:00,2026-09-07 20:56:00,Medium,3,Suspicious email attachment,Email,T1566.001,WS-025,Analyst D,Closed,True Positive,120,334,1109,Breached,2026-10-01 00:00:00,Synthetic
ALT-00714,2026-09-22 13:34:00,2026-09-22,2026-09-22 14:28:00,2026-09-22 15:08:00,High,2,Suspicious PowerShell,Endpoint,T1059.001,WS-027,Analyst B,Closed,Benign Positive,30,54,94,Breached,2026-10-01 00:00:00,Synthetic
ALT-00715,2026-09-10 05:32:00,2026-09-10,2026-09-10 13:03:00,2026-09-11 10:16:00,Low,4,Repeated authentication failures,Identity,T1110,WS-021,Analyst D,Closed,False Positive,240,451,1724,Breached,2026-10-01 00:00:00,Synthetic
ALT-00716,2026-09-12 05:33:00,2026-09-12,2026-09-12 08:49:00,2026-09-12 19:39:00,Medium,3,Repeated authentication failures,Identity,T1110,WS-048,Analyst A,Closed,False Positive,120,196,846,Breached,2026-10-01 00:00:00,Synthetic
ALT-00717,2026-09-24 16:41:00,2026-09-24,2026-09-24 16:48:00,,High,2,Large outbound transfer,Network,T1041,WS-057,Analyst B,In Progress,Pending,30,7,,Met,2026-10-01 00:00:00,Synthetic
ALT-00718,2026-09-24 14:33:00,2026-09-24,2026-09-24 17:53:00,2026-09-25 11:40:00,Medium,3,Unusual remote access,Identity,T1078,WS-004,Analyst B,Closed,False Positive,120,200,1267,Breached,2026-10-01 00:00:00,Synthetic
ALT-00719,2026-09-14 06:02:00,2026-09-14,2026-09-14 08:30:00,,Medium,3,Periodic outbound connection,Network,T1071.001,WS-030,Analyst B,In Progress,Pending,120,148,,Breached,2026-10-01 00:00:00,Synthetic
ALT-00720,2026-09-20 05:26:00,2026-09-20,2026-09-20 05:46:00,2026-09-20 21:45:00,High,2,Repeated authentication failures,Identity,T1110,WS-029,Analyst A,Closed,Benign Positive,30,20,979,Met,2026-10-01 00:00:00,Synthetic
ALT-00721,2026-09-23 18:51:00,2026-09-23,,,High,2,Suspicious email attachment,Email,T1566.001,WS-045,Unassigned,New,Pending,30,,,Breached,2026-10-01 00:00:00,Synthetic
ALT-00722,2026-09-25 20:49:00,2026-09-25,2026-09-25 20:54:00,2026-09-26 03:10:00,High,2,Large outbound transfer,Network,T1041,WS-058,Analyst B,Closed,False Positive,30,5,381,Met,2026-10-01 00:00:00,Synthetic
ALT-00723,2026-09-21 16:38:00,2026-09-21,2026-09-21 17:00:00,2026-09-21 21:23:00,High,2,Periodic outbound connection,Network,T1071.001,WS-046,Analyst D,Closed,True Positive,30,22,285,Met,2026-10-01 00:00:00,Synthetic
ALT-00724,2026-09-29 20:34:00,2026-09-29,2026-09-30 00:57:00,2026-09-30 22:00:00,Medium,3,Suspicious email attachment,Email,T1566.001,WS-025,Analyst D,Closed,Benign Positive,120,263,1526,Breached,2026-10-01 00:00:00,Synthetic
ALT-00725,2026-09-02 23:57:00,2026-09-02,2026-09-03 11:14:00,2026-09-03 16:31:00,Low,4,Periodic outbound connection,Network,T1071.001,WS-010,Analyst B,Closed,True Positive,240,677,994,Breached,2026-10-01 00:00:00,Synthetic
ALT-00726,2026-09-03 08:02:00,2026-09-03,2026-09-03 11:52:00,,Medium,3,Periodic outbound connection,Network,T1071.001,WS-019,Analyst B,In Progress,Pending,120,230,,Breached,2026-10-01 00:00:00,Synthetic
ALT-00727,2026-09-06 08:24:00,2026-09-06,2026-09-06 12:45:00,2026-09-06 13:20:00,Low,4,Suspicious PowerShell,Endpoint,T1059.001,WS-055,Analyst D,Closed,False Positive,240,261,296,Breached,2026-10-01 00:00:00,Synthetic
ALT-00728,2026-09-25 17:38:00,2026-09-25,2026-09-25 21:43:00,,Low,4,Suspicious email attachment,Email,T1566.001,WS-014,Analyst D,In Progress,Pending,240,245,,Breached,2026-10-01 00:00:00,Synthetic
ALT-00729,2026-09-21 15:36:00,2026-09-21,2026-09-21 15:41:00,2026-09-22 00:12:00,Medium,3,Repeated authentication failures,Identity,T1110,WS-018,Analyst B,Closed,Benign Positive,120,5,516,Met,2026-10-01 00:00:00,Synthetic
ALT-00730,2026-09-03 05:25:00,2026-09-03,2026-09-03 05:31:00,2026-09-03 10:38:00,High,2,Repeated authentication failures,Identity,T1110,WS-043,Analyst C,Closed,Benign Positive,30,6,313,Met,2026-10-01 00:00:00,Synthetic
ALT-00731,2026-09-16 01:39:00,2026-09-16,2026-09-16 04:43:00,2026-09-16 10:23:00,Low,4,Repeated authentication failures,Identity,T1110,WS-040,Analyst B,Closed,False Positive,240,184,524,Met,2026-10-01 00:00:00,Synthetic
ALT-00732,2026-09-21 17:21:00,2026-09-21,,,Medium,3,Periodic outbound connection,Network,T1071.001,WS-006,Unassigned,New,Pending,120,,,Breached,2026-10-01 00:00:00,Synthetic
ALT-00733,2026-09-14 14:54:00,2026-09-14,2026-09-14 18:34:00,,Medium,3,Large outbound transfer,Network,T1041,WS-054,Analyst A,In Progress,Pending,120,220,,Breached,2026-10-01 00:00:00,Synthetic
ALT-00734,2026-09-14 07:51:00,2026-09-14,2026-09-14 10:13:00,2026-09-14 21:37:00,Medium,3,Repeated authentication failures,Identity,T1110,WS-034,Analyst B,Closed,False Positive,120,142,826,Breached,2026-10-01 00:00:00,Synthetic
ALT-00735,2026-09-10 12:20:00,2026-09-10,2026-09-10 17:44:00,2026-09-11 11:57:00,Medium,3,Repeated authentication failures,Identity,T1110,WS-031,Analyst C,Closed,Benign Positive,120,324,1417,Breached,2026-10-01 00:00:00,Synthetic
ALT-00736,2026-09-20 10:27:00,2026-09-20,2026-09-20 15:23:00,2026-09-21 12:49:00,Medium,3,Periodic outbound connection,Network,T1071.001,WS-009,Analyst D,Closed,False Positive,120,296,1582,Breached,2026-10-01 00:00:00,Synthetic
ALT-00737,2026-09-24 15:39:00,2026-09-24,2026-09-24 17:13:00,2026-09-25 14:11:00,Medium,3,Large outbound transfer,Network,T1041,WS-019,Analyst B,Closed,True Positive,120,94,1352,Met,2026-10-01 00:00:00,Synthetic
ALT-00738,2026-09-01 01:43:00,2026-09-01,2026-09-01 02:00:00,2026-09-01 09:14:00,High,2,Large outbound transfer,Network,T1041,WS-027,Analyst D,Closed,False Positive,30,17,451,Met,2026-10-01 00:00:00,Synthetic
ALT-00739,2026-09-03 01:41:00,2026-09-03,2026-09-03 03:31:00,,Medium,3,Suspicious email attachment,Email,T1566.001,WS-001,Analyst B,In Progress,Pending,120,110,,Met,2026-10-01 00:00:00,Synthetic
ALT-00740,2026-09-13 19:36:00,2026-09-13,2026-09-13 20:42:00,2026-09-14 15:38:00,High,2,Repeated authentication failures,Identity,T1110,WS-001,Analyst A,Closed,False Positive,30,66,1202,Breached,2026-10-01 00:00:00,Synthetic
ALT-00741,2026-09-16 04:02:00,2026-09-16,2026-09-16 04:18:00,2026-09-16 10:27:00,Medium,3,Unusual remote access,Identity,T1078,WS-054,Analyst C,Closed,True Positive,120,16,385,Met,2026-10-01 00:00:00,Synthetic
ALT-00742,2026-09-22 19:18:00,2026-09-22,2026-09-23 03:33:00,2026-09-23 09:01:00,Low,4,Repeated authentication failures,Identity,T1110,WS-058,Analyst C,Closed,False Positive,240,495,823,Breached,2026-10-01 00:00:00,Synthetic
ALT-00743,2026-09-22 01:08:00,2026-09-22,,,Low,4,Large outbound transfer,Network,T1041,WS-004,Unassigned,New,Pending,240,,,Breached,2026-10-01 00:00:00,Synthetic
ALT-00744,2026-09-24 17:09:00,2026-09-24,2026-09-24 18:22:00,2026-09-25 12:49:00,High,2,Unusual remote access,Identity,T1078,WS-037,Analyst C,Closed,True Positive,30,73,1180,Breached,2026-10-01 00:00:00,Synthetic
ALT-00745,2026-09-17 02:13:00,2026-09-17,2026-09-17 02:16:00,2026-09-17 14:00:00,Critical,1,Suspicious PowerShell,Endpoint,T1059.001,WS-041,Analyst B,Closed,Benign Positive,15,3,707,Met,2026-10-01 00:00:00,Synthetic
ALT-00746,2026-09-26 23:39:00,2026-09-26,2026-09-27 02:18:00,2026-09-27 13:12:00,Medium,3,Suspicious PowerShell,Endpoint,T1059.001,WS-018,Analyst D,Closed,False Positive,120,159,813,Breached,2026-10-01 00:00:00,Synthetic
ALT-00747,2026-09-04 22:48:00,2026-09-04,2026-09-05 01:24:00,2026-09-05 08:56:00,Medium,3,Suspicious PowerShell,Endpoint,T1059.001,WS-012,Analyst A,Closed,False Positive,120,156,608,Breached,2026-10-01 00:00:00,Synthetic
ALT-00748,2026-09-18 00:44:00,2026-09-18,,,Low,4,Suspicious PowerShell,Endpoint,T1059.001,WS-029,Unassigned,New,Pending,240,,,Breached,2026-10-01 00:00:00,Synthetic
ALT-00749,2026-09-24 00:40:00,2026-09-24,,,Critical,1,Large outbound transfer,Network,T1041,WS-010,Unassigned,New,Pending,15,,,Breached,2026-10-01 00:00:00,Synthetic
ALT-00750,2026-09-09 15:45:00,2026-09-09,2026-09-09 20:15:00,,Medium,3,Large outbound transfer,Network,T1041,WS-020,Analyst C,In Progress,Pending,120,270,,Breached,2026-10-01 00:00:00,Synthetic
ALT-00751,2026-09-07 12:30:00,2026-09-07,2026-09-07 21:20:00,,Low,4,Repeated authentication failures,Identity,T1110,WS-044,Analyst B,In Progress,Pending,240,530,,Breached,2026-10-01 00:00:00,Synthetic
ALT-00752,2026-09-10 08:07:00,2026-09-10,2026-09-10 12:36:00,2026-09-10 16:43:00,Medium,3,Large outbound transfer,Network,T1041,WS-060,Analyst A,Closed,True Positive,120,269,516,Breached,2026-10-01 00:00:00,Synthetic
ALT-00753,2026-09-28 01:07:00,2026-09-28,2026-09-28 01:56:00,2026-09-28 05:37:00,Low,4,Periodic outbound connection,Network,T1071.001,WS-043,Analyst C,Closed,False Positive,240,49,270,Met,2026-10-01 00:00:00,Synthetic
ALT-00754,2026-09-02 00:33:00,2026-09-02,2026-09-02 02:22:00,2026-09-02 13:29:00,Medium,3,Periodic outbound connection,Network,T1071.001,WS-019,Analyst C,Closed,True Positive,120,109,776,Met,2026-10-01 00:00:00,Synthetic
ALT-00755,2026-09-25 05:23:00,2026-09-25,2026-09-25 07:44:00,2026-09-25 12:59:00,Medium,3,Large outbound transfer,Network,T1041,WS-008,Analyst A,Closed,True Positive,120,141,456,Breached,2026-10-01 00:00:00,Synthetic
ALT-00756,2026-09-29 08:25:00,2026-09-29,2026-09-29 11:26:00,2026-09-30 06:21:00,Medium,3,Repeated authentication failures,Identity,T1110,WS-010,Analyst C,Closed,True Positive,120,181,1316,Breached,2026-10-01 00:00:00,Synthetic
ALT-00757,2026-09-27 03:03:00,2026-09-27,2026-09-27 03:48:00,2026-09-27 22:25:00,High,2,Repeated authentication failures,Identity,T1110,WS-009,Analyst A,Closed,False Positive,30,45,1162,Breached,2026-10-01 00:00:00,Synthetic
ALT-00758,2026-09-22 10:10:00,2026-09-22,2026-09-22 11:07:00,2026-09-22 14:13:00,Low,4,Repeated authentication failures,Identity,T1110,WS-012,Analyst D,Closed,False Positive,240,57,243,Met,2026-10-01 00:00:00,Synthetic
ALT-00759,2026-09-29 01:10:00,2026-09-29,2026-09-29 06:55:00,,Medium,3,Periodic outbound connection,Network,T1071.001,WS-052,Analyst A,In Progress,Pending,120,345,,Breached,2026-10-01 00:00:00,Synthetic
ALT-00760,2026-09-22 04:39:00,2026-09-22,2026-09-22 10:38:00,,Medium,3,Repeated authentication failures,Identity,T1110,WS-030,Analyst A,In Progress,Pending,120,359,,Breached,2026-10-01 00:00:00,Synthetic
ALT-00761,2026-09-21 17:37:00,2026-09-21,2026-09-21 21:37:00,2026-09-22 13:50:00,Medium,3,Unusual remote access,Identity,T1078,WS-015,Analyst B,Closed,True Positive,120,240,1213,Breached,2026-10-01 00:00:00,Synthetic
ALT-00762,2026-09-29 01:51:00,2026-09-29,2026-09-29 03:18:00,2026-09-29 14:44:00,High,2,Periodic outbound connection,Network,T1071.001,WS-057,Analyst C,Closed,False Positive,30,87,773,Breached,2026-10-01 00:00:00,Synthetic
ALT-00763,2026-09-21 15:06:00,2026-09-21,2026-09-21 18:07:00,2026-09-22 10:37:00,Medium,3,Repeated authentication failures,Identity,T1110,WS-011,Analyst C,Closed,False Positive,120,181,1171,Breached,2026-10-01 00:00:00,Synthetic
ALT-00764,2026-09-16 20:46:00,2026-09-16,2026-09-17 00:15:00,2026-09-17 04:04:00,Medium,3,Suspicious PowerShell,Endpoint,T1059.001,WS-042,Analyst A,Closed,False Positive,120,209,438,Breached,2026-10-01 00:00:00,Synthetic
ALT-00765,2026-09-14 17:59:00,2026-09-14,2026-09-14 20:03:00,2026-09-15 17:24:00,Medium,3,Large outbound transfer,Network,T1041,WS-011,Analyst D,Closed,True Positive,120,124,1405,Breached,2026-10-01 00:00:00,Synthetic
ALT-00766,2026-09-18 11:13:00,2026-09-18,2026-09-18 11:52:00,,Critical,1,Suspicious PowerShell,Endpoint,T1059.001,WS-028,Analyst D,In Progress,Pending,15,39,,Breached,2026-10-01 00:00:00,Synthetic
ALT-00767,2026-09-26 19:32:00,2026-09-26,2026-09-26 22:31:00,2026-09-27 21:18:00,Low,4,Suspicious email attachment,Email,T1566.001,WS-048,Analyst D,Closed,False Positive,240,179,1546,Met,2026-10-01 00:00:00,Synthetic
ALT-00768,2026-09-06 04:52:00,2026-09-06,2026-09-06 05:43:00,2026-09-06 21:04:00,Medium,3,Large outbound transfer,Network,T1041,WS-026,Analyst A,Closed,True Positive,120,51,972,Met,2026-10-01 00:00:00,Synthetic
ALT-00769,2026-09-28 05:27:00,2026-09-28,2026-09-28 06:17:00,,High,2,Suspicious email attachment,Email,T1566.001,WS-021,Analyst D,In Progress,Pending,30,50,,Breached,2026-10-01 00:00:00,Synthetic
ALT-00770,2026-09-30 08:30:00,2026-09-30,2026-09-30 09:43:00,,Medium,3,Repeated authentication failures,Identity,T1110,WS-058,Analyst A,In Progress,Pending,120,73,,Met,2026-10-01 00:00:00,Synthetic
ALT-00771,2026-09-07 16:15:00,2026-09-07,2026-09-07 19:36:00,2026-09-08 16:46:00,Medium,3,Large outbound transfer,Network,T1041,WS-013,Analyst B,Closed,False Positive,120,201,1471,Breached,2026-10-01 00:00:00,Synthetic
ALT-00772,2026-09-15 09:48:00,2026-09-15,2026-09-15 10:45:00,2026-09-15 22:40:00,High,2,Unusual remote access,Identity,T1078,WS-038,Analyst A,Closed,Benign Positive,30,57,772,Breached,2026-10-01 00:00:00,Synthetic
ALT-00773,2026-09-28 19:54:00,2026-09-28,2026-09-29 00:57:00,,Low,4,Large outbound transfer,Network,T1041,WS-004,Analyst C,In Progress,Pending,240,303,,Breached,2026-10-01 00:00:00,Synthetic
ALT-00774,2026-09-25 23:31:00,2026-09-25,2026-09-26 05:40:00,2026-09-26 09:34:00,Low,4,Repeated authentication failures,Identity,T1110,WS-056,Analyst A,Closed,Benign Positive,240,369,603,Breached,2026-10-01 00:00:00,Synthetic
ALT-00775,2026-09-11 16:56:00,2026-09-11,2026-09-11 19:40:00,2026-09-12 08:53:00,Medium,3,Suspicious email attachment,Email,T1566.001,WS-028,Analyst B,Closed,False Positive,120,164,957,Breached,2026-10-01 00:00:00,Synthetic
ALT-00776,2026-09-08 21:24:00,2026-09-08,2026-09-09 00:30:00,2026-09-09 14:54:00,Medium,3,Suspicious PowerShell,Endpoint,T1059.001,WS-056,Analyst B,Closed,True Positive,120,186,1050,Breached,2026-10-01 00:00:00,Synthetic
ALT-00777,2026-09-07 02:40:00,2026-09-07,2026-09-07 03:13:00,2026-09-08 01:50:00,Critical,1,Unusual remote access,Identity,T1078,WS-009,Analyst A,Closed,False Positive,15,33,1390,Breached,2026-10-01 00:00:00,Synthetic
ALT-00778,2026-09-07 05:52:00,2026-09-07,2026-09-07 11:50:00,,Medium,3,Large outbound transfer,Network,T1041,WS-039,Analyst D,In Progress,Pending,120,358,,Breached,2026-10-01 00:00:00,Synthetic
ALT-00779,2026-09-29 08:45:00,2026-09-29,2026-09-29 09:44:00,2026-09-29 23:01:00,High,2,Suspicious email attachment,Email,T1566.001,WS-012,Analyst D,Closed,False Positive,30,59,856,Breached,2026-10-01 00:00:00,Synthetic
ALT-00780,2026-09-28 12:21:00,2026-09-28,2026-09-28 12:38:00,,Critical,1,Large outbound transfer,Network,T1041,WS-046,Analyst C,In Progress,Pending,15,17,,Breached,2026-10-01 00:00:00,Synthetic
ALT-00781,2026-09-19 16:44:00,2026-09-19,2026-09-19 17:24:00,2026-09-20 12:57:00,Low,4,Suspicious email attachment,Email,T1566.001,WS-024,Analyst A,Closed,False Positive,240,40,1213,Met,2026-10-01 00:00:00,Synthetic
ALT-00782,2026-09-27 09:48:00,2026-09-27,2026-09-27 14:19:00,2026-09-28 00:01:00,Medium,3,Unusual remote access,Identity,T1078,WS-006,Analyst A,Closed,False Positive,120,271,853,Breached,2026-10-01 00:00:00,Synthetic
ALT-00783,2026-09-12 03:51:00,2026-09-12,2026-09-12 09:35:00,2026-09-12 12:24:00,Medium,3,Unusual remote access,Identity,T1078,WS-035,Analyst C,Closed,False Positive,120,344,513,Breached,2026-10-01 00:00:00,Synthetic
ALT-00784,2026-09-28 21:36:00,2026-09-28,2026-09-28 21:38:00,2026-09-29 13:48:00,Critical,1,Periodic outbound connection,Network,T1071.001,WS-058,Analyst D,Closed,False Positive,15,2,972,Met,2026-10-01 00:00:00,Synthetic
ALT-00785,2026-09-27 02:55:00,2026-09-27,2026-09-27 05:27:00,2026-09-27 15:29:00,Medium,3,Large outbound transfer,Network,T1041,WS-045,Analyst C,Closed,True Positive,120,152,754,Breached,2026-10-01 00:00:00,Synthetic
ALT-00786,2026-09-26 15:43:00,2026-09-26,2026-09-26 16:06:00,2026-09-27 11:49:00,High,2,Unusual remote access,Identity,T1078,WS-019,Analyst A,Closed,True Positive,30,23,1206,Met,2026-10-01 00:00:00,Synthetic
ALT-00787,2026-09-14 01:16:00,2026-09-14,2026-09-14 03:40:00,2026-09-14 12:26:00,Medium,3,Suspicious PowerShell,Endpoint,T1059.001,WS-018,Analyst C,Closed,True Positive,120,144,670,Breached,2026-10-01 00:00:00,Synthetic
ALT-00788,2026-09-12 16:39:00,2026-09-12,2026-09-12 17:18:00,2026-09-12 22:37:00,Critical,1,Repeated authentication failures,Identity,T1110,WS-024,Analyst B,Closed,False Positive,15,39,358,Breached,2026-10-01 00:00:00,Synthetic
ALT-00789,2026-09-12 21:21:00,2026-09-12,2026-09-13 06:23:00,2026-09-13 07:40:00,Low,4,Suspicious PowerShell,Endpoint,T1059.001,WS-006,Analyst B,Closed,False Positive,240,542,619,Breached,2026-10-01 00:00:00,Synthetic
ALT-00790,2026-09-28 02:29:00,2026-09-28,2026-09-28 09:33:00,,Low,4,Suspicious PowerShell,Endpoint,T1059.001,WS-050,Analyst D,In Progress,Pending,240,424,,Breached,2026-10-01 00:00:00,Synthetic
ALT-00791,2026-09-11 19:54:00,2026-09-11,2026-09-11 21:43:00,2026-09-12 17:36:00,Medium,3,Unusual remote access,Identity,T1078,WS-023,Analyst A,Closed,False Positive,120,109,1302,Met,2026-10-01 00:00:00,Synthetic
ALT-00792,2026-09-30 05:31:00,2026-09-30,2026-09-30 06:32:00,2026-09-30 20:18:00,High,2,Repeated authentication failures,Identity,T1110,WS-031,Analyst B,Closed,False Positive,30,61,887,Breached,2026-10-01 00:00:00,Synthetic
ALT-00793,2026-09-18 06:50:00,2026-09-18,2026-09-18 08:06:00,2026-09-19 02:22:00,Medium,3,Large outbound transfer,Network,T1041,WS-001,Analyst C,Closed,Benign Positive,120,76,1172,Met,2026-10-01 00:00:00,Synthetic
ALT-00794,2026-09-21 10:13:00,2026-09-21,,,Medium,3,Periodic outbound connection,Network,T1071.001,WS-044,Unassigned,New,Pending,120,,,Breached,2026-10-01 00:00:00,Synthetic
ALT-00795,2026-09-02 20:48:00,2026-09-02,2026-09-02 21:45:00,2026-09-03 18:45:00,High,2,Suspicious email attachment,Email,T1566.001,WS-055,Analyst C,Closed,Benign Positive,30,57,1317,Breached,2026-10-01 00:00:00,Synthetic
ALT-00796,2026-09-16 05:52:00,2026-09-16,2026-09-16 07:08:00,2026-09-16 20:39:00,High,2,Repeated authentication failures,Identity,T1110,WS-044,Analyst B,Closed,False Positive,30,76,887,Breached,2026-10-01 00:00:00,Synthetic
ALT-00797,2026-09-27 19:02:00,2026-09-27,2026-09-28 06:50:00,2026-09-28 13:08:00,Low,4,Suspicious email attachment,Email,T1566.001,WS-001,Analyst A,Closed,True Positive,240,708,1086,Breached,2026-10-01 00:00:00,Synthetic
ALT-00798,2026-09-04 02:13:00,2026-09-04,2026-09-04 02:58:00,2026-09-04 18:21:00,Critical,1,Repeated authentication failures,Identity,T1110,WS-047,Analyst C,Closed,False Positive,15,45,968,Breached,2026-10-01 00:00:00,Synthetic
ALT-00799,2026-09-12 11:08:00,2026-09-12,2026-09-12 11:17:00,2026-09-13 07:43:00,High,2,Repeated authentication failures,Identity,T1110,WS-054,Analyst B,Closed,False Positive,30,9,1235,Met,2026-10-01 00:00:00,Synthetic
ALT-00800,2026-09-28 06:41:00,2026-09-28,,,Medium,3,Unusual remote access,Identity,T1078,WS-006,Unassigned,New,Pending,120,,,Breached,2026-10-01 00:00:00,Synthetic
ALT-00801,2026-09-28 12:28:00,2026-09-28,2026-09-28 13:52:00,,High,2,Unusual remote access,Identity,T1078,WS-037,Analyst B,In Progress,Pending,30,84,,Breached,2026-10-01 00:00:00,Synthetic
ALT-00802,2026-09-06 01:04:00,2026-09-06,2026-09-06 06:44:00,2026-09-06 09:29:00,Medium,3,Periodic outbound connection,Network,T1071.001,WS-060,Analyst C,Closed,False Positive,120,340,505,Breached,2026-10-01 00:00:00,Synthetic
ALT-00803,2026-09-20 10:22:00,2026-09-20,2026-09-20 13:09:00,,Medium,3,Unusual remote access,Identity,T1078,WS-017,Analyst B,In Progress,Pending,120,167,,Breached,2026-10-01 00:00:00,Synthetic
ALT-00804,2026-09-04 08:49:00,2026-09-04,2026-09-04 09:33:00,2026-09-04 11:46:00,High,2,Repeated authentication failures,Identity,T1110,WS-053,Analyst C,Closed,True Positive,30,44,177,Breached,2026-10-01 00:00:00,Synthetic
ALT-00805,2026-09-09 02:20:00,2026-09-09,,,Medium,3,Large outbound transfer,Network,T1041,WS-013,Unassigned,New,Pending,120,,,Breached,2026-10-01 00:00:00,Synthetic
ALT-00806,2026-09-28 18:36:00,2026-09-28,2026-09-28 19:51:00,2026-09-29 14:28:00,Medium,3,Unusual remote access,Identity,T1078,WS-014,Analyst A,Closed,False Positive,120,75,1192,Met,2026-10-01 00:00:00,Synthetic
ALT-00807,2026-09-21 02:19:00,2026-09-21,2026-09-21 02:57:00,2026-09-21 22:37:00,Medium,3,Repeated authentication failures,Identity,T1110,WS-050,Analyst D,Closed,False Positive,120,38,1218,Met,2026-10-01 00:00:00,Synthetic
ALT-00808,2026-09-01 20:29:00,2026-09-01,2026-09-01 20:31:00,2026-09-01 21:58:00,Low,4,Suspicious PowerShell,Endpoint,T1059.001,WS-018,Analyst B,Closed,False Positive,240,2,89,Met,2026-10-01 00:00:00,Synthetic
ALT-00809,2026-09-16 00:15:00,2026-09-16,2026-09-16 08:39:00,2026-09-17 01:08:00,Low,4,Suspicious email attachment,Email,T1566.001,WS-055,Analyst A,Closed,False Positive,240,504,1493,Breached,2026-10-01 00:00:00,Synthetic
ALT-00810,2026-09-25 13:57:00,2026-09-25,,,High,2,Large outbound transfer,Network,T1041,WS-053,Unassigned,New,Pending,30,,,Breached,2026-10-01 00:00:00,Synthetic
ALT-00811,2026-09-22 22:32:00,2026-09-22,,,High,2,Suspicious email attachment,Email,T1566.001,WS-023,Unassigned,New,Pending,30,,,Breached,2026-10-01 00:00:00,Synthetic
ALT-00812,2026-09-16 04:12:00,2026-09-16,2026-09-16 09:45:00,2026-09-16 13:00:00,Medium,3,Large outbound transfer,Network,T1041,WS-055,Analyst C,Closed,False Positive,120,333,528,Breached,2026-10-01 00:00:00,Synthetic
ALT-00813,2026-09-04 15:52:00,2026-09-04,2026-09-04 18:54:00,2026-09-05 13:59:00,Low,4,Periodic outbound connection,Network,T1071.001,WS-025,Analyst B,Closed,True Positive,240,182,1327,Met,2026-10-01 00:00:00,Synthetic
ALT-00814,2026-09-14 14:26:00,2026-09-14,2026-09-14 17:31:00,2026-09-15 10:17:00,Medium,3,Repeated authentication failures,Identity,T1110,WS-041,Analyst D,Closed,True Positive,120,185,1191,Breached,2026-10-01 00:00:00,Synthetic
ALT-00815,2026-09-09 14:56:00,2026-09-09,2026-09-09 16:13:00,2026-09-10 00:31:00,High,2,Suspicious PowerShell,Endpoint,T1059.001,WS-005,Analyst C,Closed,False Positive,30,77,575,Breached,2026-10-01 00:00:00,Synthetic
ALT-00816,2026-09-23 17:47:00,2026-09-23,,,Medium,3,Large outbound transfer,Network,T1041,WS-002,Unassigned,New,Pending,120,,,Breached,2026-10-01 00:00:00,Synthetic
ALT-00817,2026-09-02 16:27:00,2026-09-02,2026-09-02 16:50:00,,Medium,3,Periodic outbound connection,Network,T1071.001,WS-026,Analyst A,In Progress,Pending,120,23,,Met,2026-10-01 00:00:00,Synthetic
ALT-00818,2026-09-10 15:12:00,2026-09-10,2026-09-11 02:48:00,2026-09-11 21:16:00,Low,4,Unusual remote access,Identity,T1078,WS-038,Analyst B,Closed,True Positive,240,696,1804,Breached,2026-10-01 00:00:00,Synthetic
ALT-00819,2026-09-04 06:40:00,2026-09-04,2026-09-04 06:43:00,2026-09-04 22:58:00,Critical,1,Suspicious PowerShell,Endpoint,T1059.001,WS-040,Analyst A,Closed,Benign Positive,15,3,978,Met,2026-10-01 00:00:00,Synthetic
ALT-00820,2026-09-12 01:04:00,2026-09-12,2026-09-12 06:29:00,2026-09-12 08:21:00,Medium,3,Suspicious PowerShell,Endpoint,T1059.001,WS-053,Analyst A,Closed,Benign Positive,120,325,437,Breached,2026-10-01 00:00:00,Synthetic
ALT-00821,2026-09-21 18:16:00,2026-09-21,2026-09-21 19:12:00,2026-09-21 23:15:00,Medium,3,Suspicious email attachment,Email,T1566.001,WS-052,Analyst B,Closed,False Positive,120,56,299,Met,2026-10-01 00:00:00,Synthetic
ALT-00822,2026-09-03 20:55:00,2026-09-03,2026-09-04 08:31:00,2026-09-04 22:24:00,Low,4,Large outbound transfer,Network,T1041,WS-044,Analyst B,Closed,False Positive,240,696,1529,Breached,2026-10-01 00:00:00,Synthetic
ALT-00823,2026-09-15 15:15:00,2026-09-15,2026-09-16 01:24:00,,Low,4,Suspicious PowerShell,Endpoint,T1059.001,WS-012,Analyst C,In Progress,Pending,240,609,,Breached,2026-10-01 00:00:00,Synthetic
ALT-00824,2026-09-03 21:03:00,2026-09-03,2026-09-03 21:26:00,,High,2,Suspicious PowerShell,Endpoint,T1059.001,WS-045,Analyst C,In Progress,Pending,30,23,,Met,2026-10-01 00:00:00,Synthetic
ALT-00825,2026-09-26 04:28:00,2026-09-26,,,High,2,Suspicious PowerShell,Endpoint,T1059.001,WS-003,Unassigned,New,Pending,30,,,Breached,2026-10-01 00:00:00,Synthetic
ALT-00826,2026-09-07 01:40:00,2026-09-07,2026-09-07 02:02:00,2026-09-07 02:44:00,High,2,Unusual remote access,Identity,T1078,WS-006,Analyst A,Closed,Benign Positive,30,22,64,Met,2026-10-01 00:00:00,Synthetic
ALT-00827,2026-09-01 07:53:00,2026-09-01,2026-09-01 09:10:00,2026-09-01 19:01:00,High,2,Repeated authentication failures,Identity,T1110,WS-052,Analyst D,Closed,False Positive,30,77,668,Breached,2026-10-01 00:00:00,Synthetic
ALT-00828,2026-09-06 18:36:00,2026-09-06,2026-09-06 19:35:00,2026-09-07 09:48:00,High,2,Unusual remote access,Identity,T1078,WS-012,Analyst A,Closed,True Positive,30,59,912,Breached,2026-10-01 00:00:00,Synthetic
ALT-00829,2026-09-28 03:17:00,2026-09-28,2026-09-28 03:30:00,2026-09-29 01:04:00,High,2,Large outbound transfer,Network,T1041,WS-020,Analyst C,Closed,Benign Positive,30,13,1307,Met,2026-10-01 00:00:00,Synthetic
ALT-00830,2026-09-20 01:25:00,2026-09-20,2026-09-20 02:00:00,2026-09-20 05:25:00,Critical,1,Suspicious PowerShell,Endpoint,T1059.001,WS-056,Analyst B,Closed,False Positive,15,35,240,Breached,2026-10-01 00:00:00,Synthetic
ALT-00831,2026-09-22 03:02:00,2026-09-22,2026-09-22 03:58:00,2026-09-22 10:44:00,Low,4,Unusual remote access,Identity,T1078,WS-010,Analyst D,Closed,True Positive,240,56,462,Met,2026-10-01 00:00:00,Synthetic
ALT-00832,2026-09-23 15:25:00,2026-09-23,,,High,2,Unusual remote access,Identity,T1078,WS-004,Unassigned,New,Pending,30,,,Breached,2026-10-01 00:00:00,Synthetic
ALT-00833,2026-09-30 08:21:00,2026-09-30,2026-09-30 11:14:00,,Medium,3,Suspicious PowerShell,Endpoint,T1059.001,WS-052,Analyst D,In Progress,Pending,120,173,,Breached,2026-10-01 00:00:00,Synthetic
ALT-00834,2026-09-02 23:18:00,2026-09-02,,,High,2,Repeated authentication failures,Identity,T1110,WS-012,Unassigned,New,Pending,30,,,Breached,2026-10-01 00:00:00,Synthetic
ALT-00835,2026-09-08 04:37:00,2026-09-08,2026-09-08 05:51:00,2026-09-08 14:02:00,Low,4,Large outbound transfer,Network,T1041,WS-038,Analyst C,Closed,False Positive,240,74,565,Met,2026-10-01 00:00:00,Synthetic
ALT-00836,2026-09-20 01:43:00,2026-09-20,2026-09-20 02:14:00,,High,2,Unusual remote access,Identity,T1078,WS-050,Analyst A,In Progress,Pending,30,31,,Breached,2026-10-01 00:00:00,Synthetic
ALT-00837,2026-09-15 20:13:00,2026-09-15,2026-09-15 20:40:00,,High,2,Suspicious PowerShell,Endpoint,T1059.001,WS-025,Analyst B,In Progress,Pending,30,27,,Met,2026-10-01 00:00:00,Synthetic
ALT-00838,2026-09-04 08:18:00,2026-09-04,2026-09-04 12:03:00,2026-09-04 17:09:00,Medium,3,Large outbound transfer,Network,T1041,WS-040,Analyst D,Closed,True Positive,120,225,531,Breached,2026-10-01 00:00:00,Synthetic
ALT-00839,2026-09-09 02:29:00,2026-09-09,2026-09-09 04:10:00,2026-09-10 01:54:00,Medium,3,Suspicious PowerShell,Endpoint,T1059.001,WS-018,Analyst B,Closed,False Positive,120,101,1405,Met,2026-10-01 00:00:00,Synthetic
ALT-00840,2026-09-16 06:52:00,2026-09-16,2026-09-16 07:29:00,2026-09-16 12:18:00,High,2,Unusual remote access,Identity,T1078,WS-030,Analyst D,Closed,True Positive,30,37,326,Breached,2026-10-01 00:00:00,Synthetic
ALT-00841,2026-09-20 00:48:00,2026-09-20,2026-09-20 01:27:00,2026-09-20 22:13:00,High,2,Periodic outbound connection,Network,T1071.001,WS-051,Analyst B,Closed,True Positive,30,39,1285,Breached,2026-10-01 00:00:00,Synthetic
ALT-00842,2026-09-27 07:27:00,2026-09-27,2026-09-27 16:23:00,2026-09-28 09:14:00,Low,4,Suspicious PowerShell,Endpoint,T1059.001,WS-014,Analyst D,Closed,Benign Positive,240,536,1547,Breached,2026-10-01 00:00:00,Synthetic
ALT-00843,2026-09-22 01:27:00,2026-09-22,2026-09-22 02:00:00,2026-09-22 10:37:00,High,2,Unusual remote access,Identity,T1078,WS-038,Analyst B,Closed,False Positive,30,33,550,Breached,2026-10-01 00:00:00,Synthetic
ALT-00844,2026-09-27 22:22:00,2026-09-27,2026-09-28 05:31:00,,Low,4,Suspicious email attachment,Email,T1566.001,WS-003,Analyst A,In Progress,Pending,240,429,,Breached,2026-10-01 00:00:00,Synthetic
ALT-00845,2026-09-22 10:04:00,2026-09-22,2026-09-22 14:37:00,2026-09-23 04:14:00,Medium,3,Suspicious email attachment,Email,T1566.001,WS-052,Analyst A,Closed,False Positive,120,273,1090,Breached,2026-10-01 00:00:00,Synthetic
ALT-00846,2026-09-21 14:11:00,2026-09-21,2026-09-21 14:19:00,2026-09-22 14:08:00,Medium,3,Repeated authentication failures,Identity,T1110,WS-014,Analyst B,Closed,False Positive,120,8,1437,Met,2026-10-01 00:00:00,Synthetic
ALT-00847,2026-09-17 07:28:00,2026-09-17,,,High,2,Unusual remote access,Identity,T1078,WS-002,Unassigned,New,Pending,30,,,Breached,2026-10-01 00:00:00,Synthetic
ALT-00848,2026-09-22 20:03:00,2026-09-22,2026-09-23 00:57:00,2026-09-23 21:02:00,Medium,3,Suspicious PowerShell,Endpoint,T1059.001,WS-030,Analyst D,Closed,True Positive,120,294,1499,Breached,2026-10-01 00:00:00,Synthetic
ALT-00849,2026-09-07 07:24:00,2026-09-07,2026-09-07 13:45:00,2026-09-08 11:18:00,Low,4,Large outbound transfer,Network,T1041,WS-041,Analyst A,Closed,False Positive,240,381,1674,Breached,2026-10-01 00:00:00,Synthetic
ALT-00850,2026-09-29 13:11:00,2026-09-29,2026-09-29 13:15:00,2026-09-29 23:32:00,Critical,1,Unusual remote access,Identity,T1078,WS-018,Analyst B,Closed,False Positive,15,4,621,Met,2026-10-01 00:00:00,Synthetic
ALT-00851,2026-09-04 16:25:00,2026-09-04,2026-09-04 16:55:00,,Medium,3,Periodic outbound connection,Network,T1071.001,WS-033,Analyst C,In Progress,Pending,120,30,,Met,2026-10-01 00:00:00,Synthetic
ALT-00852,2026-09-03 08:19:00,2026-09-03,2026-09-03 08:26:00,2026-09-03 21:04:00,High,2,Periodic outbound connection,Network,T1071.001,WS-042,Analyst A,Closed,False Positive,30,7,765,Met,2026-10-01 00:00:00,Synthetic
ALT-00853,2026-09-26 12:29:00,2026-09-26,2026-09-26 15:22:00,2026-09-26 23:40:00,Medium,3,Suspicious PowerShell,Endpoint,T1059.001,WS-042,Analyst D,Closed,False Positive,120,173,671,Breached,2026-10-01 00:00:00,Synthetic
ALT-00854,2026-09-27 09:38:00,2026-09-27,2026-09-27 13:30:00,2026-09-28 00:36:00,Low,4,Unusual remote access,Identity,T1078,WS-018,Analyst D,Closed,False Positive,240,232,898,Met,2026-10-01 00:00:00,Synthetic
ALT-00855,2026-09-13 14:42:00,2026-09-13,2026-09-13 15:15:00,2026-09-14 08:31:00,Critical,1,Periodic outbound connection,Network,T1071.001,WS-008,Analyst D,Closed,False Positive,15,33,1069,Breached,2026-10-01 00:00:00,Synthetic
ALT-00856,2026-09-25 04:58:00,2026-09-25,2026-09-25 08:51:00,,Medium,3,Suspicious email attachment,Email,T1566.001,WS-040,Analyst C,In Progress,Pending,120,233,,Breached,2026-10-01 00:00:00,Synthetic
ALT-00857,2026-09-03 23:40:00,2026-09-03,2026-09-04 00:32:00,2026-09-04 06:48:00,High,2,Large outbound transfer,Network,T1041,WS-005,Analyst A,Closed,True Positive,30,52,428,Breached,2026-10-01 00:00:00,Synthetic
ALT-00858,2026-09-08 11:58:00,2026-09-08,2026-09-08 12:19:00,2026-09-08 19:27:00,High,2,Unusual remote access,Identity,T1078,WS-041,Analyst A,Closed,False Positive,30,21,449,Met,2026-10-01 00:00:00,Synthetic
ALT-00859,2026-09-14 08:13:00,2026-09-14,2026-09-14 09:22:00,2026-09-15 01:42:00,Medium,3,Unusual remote access,Identity,T1078,WS-029,Analyst A,Closed,False Positive,120,69,1049,Met,2026-10-01 00:00:00,Synthetic
ALT-00860,2026-09-14 06:24:00,2026-09-14,2026-09-14 06:55:00,,High,2,Repeated authentication failures,Identity,T1110,WS-054,Analyst C,In Progress,Pending,30,31,,Breached,2026-10-01 00:00:00,Synthetic
ALT-00861,2026-09-19 17:40:00,2026-09-19,2026-09-19 20:29:00,2026-09-20 13:14:00,Medium,3,Unusual remote access,Identity,T1078,WS-045,Analyst D,Closed,False Positive,120,169,1174,Breached,2026-10-01 00:00:00,Synthetic
ALT-00862,2026-09-21 20:15:00,2026-09-21,2026-09-21 22:53:00,,Medium,3,Suspicious PowerShell,Endpoint,T1059.001,WS-011,Analyst C,In Progress,Pending,120,158,,Breached,2026-10-01 00:00:00,Synthetic
ALT-00863,2026-09-11 07:42:00,2026-09-11,2026-09-11 08:08:00,,Medium,3,Periodic outbound connection,Network,T1071.001,WS-010,Analyst C,In Progress,Pending,120,26,,Met,2026-10-01 00:00:00,Synthetic
ALT-00864,2026-09-13 22:37:00,2026-09-13,2026-09-14 00:01:00,2026-09-14 18:27:00,Medium,3,Suspicious PowerShell,Endpoint,T1059.001,WS-012,Analyst B,Closed,True Positive,120,84,1190,Met,2026-10-01 00:00:00,Synthetic
ALT-00865,2026-09-08 08:07:00,2026-09-08,,,High,2,Repeated authentication failures,Identity,T1110,WS-037,Unassigned,New,Pending,30,,,Breached,2026-10-01 00:00:00,Synthetic
ALT-00866,2026-09-06 18:08:00,2026-09-06,2026-09-06 22:57:00,2026-09-07 00:18:00,Medium,3,Periodic outbound connection,Network,T1071.001,WS-023,Analyst B,Closed,False Positive,120,289,370,Breached,2026-10-01 00:00:00,Synthetic
ALT-00867,2026-09-17 23:19:00,2026-09-17,2026-09-18 00:23:00,2026-09-18 01:24:00,Medium,3,Suspicious PowerShell,Endpoint,T1059.001,WS-032,Analyst B,Closed,False Positive,120,64,125,Met,2026-10-01 00:00:00,Synthetic
ALT-00868,2026-09-21 20:18:00,2026-09-21,2026-09-22 05:39:00,2026-09-22 23:08:00,Low,4,Suspicious PowerShell,Endpoint,T1059.001,WS-046,Analyst C,Closed,False Positive,240,561,1610,Breached,2026-10-01 00:00:00,Synthetic
ALT-00869,2026-09-22 13:38:00,2026-09-22,2026-09-22 23:18:00,2026-09-23 14:33:00,Low,4,Suspicious email attachment,Email,T1566.001,WS-008,Analyst D,Closed,False Positive,240,580,1495,Breached,2026-10-01 00:00:00,Synthetic
ALT-00870,2026-09-02 19:46:00,2026-09-02,2026-09-02 19:51:00,2026-09-03 09:43:00,High,2,Suspicious email attachment,Email,T1566.001,WS-015,Analyst D,Closed,False Positive,30,5,837,Met,2026-10-01 00:00:00,Synthetic
ALT-00871,2026-09-17 06:22:00,2026-09-17,2026-09-17 06:48:00,2026-09-18 02:52:00,High,2,Repeated authentication failures,Identity,T1110,WS-051,Analyst C,Closed,False Positive,30,26,1230,Met,2026-10-01 00:00:00,Synthetic
ALT-00872,2026-09-09 21:46:00,2026-09-09,2026-09-09 22:31:00,,Critical,1,Suspicious email attachment,Email,T1566.001,WS-043,Analyst A,In Progress,Pending,15,45,,Breached,2026-10-01 00:00:00,Synthetic
ALT-00873,2026-09-24 07:00:00,2026-09-24,2026-09-24 12:11:00,2026-09-25 05:48:00,Medium,3,Large outbound transfer,Network,T1041,WS-059,Analyst C,Closed,Benign Positive,120,311,1368,Breached,2026-10-01 00:00:00,Synthetic
ALT-00874,2026-09-19 02:14:00,2026-09-19,2026-09-19 03:03:00,2026-09-19 03:37:00,High,2,Large outbound transfer,Network,T1041,WS-023,Analyst C,Closed,True Positive,30,49,83,Breached,2026-10-01 00:00:00,Synthetic
ALT-00875,2026-09-21 06:41:00,2026-09-21,2026-09-21 14:17:00,2026-09-22 04:38:00,Low,4,Repeated authentication failures,Identity,T1110,WS-019,Analyst B,Closed,Benign Positive,240,456,1317,Breached,2026-10-01 00:00:00,Synthetic
ALT-00876,2026-09-20 06:56:00,2026-09-20,2026-09-20 11:58:00,2026-09-21 08:32:00,Medium,3,Large outbound transfer,Network,T1041,WS-014,Analyst C,Closed,True Positive,120,302,1536,Breached,2026-10-01 00:00:00,Synthetic
ALT-00877,2026-09-22 14:24:00,2026-09-22,,,Low,4,Suspicious email attachment,Email,T1566.001,WS-005,Unassigned,New,Pending,240,,,Breached,2026-10-01 00:00:00,Synthetic
ALT-00878,2026-09-27 21:10:00,2026-09-27,2026-09-28 08:06:00,2026-09-28 17:35:00,Low,4,Repeated authentication failures,Identity,T1110,WS-036,Analyst D,Closed,False Positive,240,656,1225,Breached,2026-10-01 00:00:00,Synthetic
ALT-00879,2026-09-26 20:18:00,2026-09-26,2026-09-27 02:50:00,2026-09-27 12:52:00,Low,4,Suspicious PowerShell,Endpoint,T1059.001,WS-003,Analyst C,Closed,False Positive,240,392,994,Breached,2026-10-01 00:00:00,Synthetic
ALT-00880,2026-09-27 15:12:00,2026-09-27,2026-09-27 17:08:00,,Medium,3,Suspicious email attachment,Email,T1566.001,WS-002,Analyst A,In Progress,Pending,120,116,,Met,2026-10-01 00:00:00,Synthetic
ALT-00881,2026-09-08 00:14:00,2026-09-08,2026-09-08 01:16:00,,High,2,Unusual remote access,Identity,T1078,WS-008,Analyst C,In Progress,Pending,30,62,,Breached,2026-10-01 00:00:00,Synthetic
ALT-00882,2026-09-19 23:38:00,2026-09-19,2026-09-19 23:43:00,2026-09-20 03:57:00,High,2,Unusual remote access,Identity,T1078,WS-032,Analyst A,Closed,False Positive,30,5,259,Met,2026-10-01 00:00:00,Synthetic
ALT-00883,2026-09-28 06:08:00,2026-09-28,2026-09-28 09:53:00,2026-09-28 18:51:00,Medium,3,Suspicious email attachment,Email,T1566.001,WS-031,Analyst A,Closed,False Positive,120,225,763,Breached,2026-10-01 00:00:00,Synthetic
ALT-00884,2026-09-17 23:38:00,2026-09-17,2026-09-18 01:52:00,2026-09-18 07:35:00,Medium,3,Suspicious email attachment,Email,T1566.001,WS-010,Analyst C,Closed,False Positive,120,134,477,Breached,2026-10-01 00:00:00,Synthetic
ALT-00885,2026-09-21 23:34:00,2026-09-21,2026-09-22 00:30:00,2026-09-22 09:58:00,Low,4,Suspicious PowerShell,Endpoint,T1059.001,WS-041,Analyst C,Closed,False Positive,240,56,624,Met,2026-10-01 00:00:00,Synthetic
ALT-00886,2026-09-03 05:12:00,2026-09-03,2026-09-03 05:23:00,2026-09-03 23:05:00,High,2,Suspicious email attachment,Email,T1566.001,WS-041,Analyst B,Closed,True Positive,30,11,1073,Met,2026-10-01 00:00:00,Synthetic
ALT-00887,2026-09-05 07:13:00,2026-09-05,2026-09-05 09:56:00,2026-09-06 09:28:00,Medium,3,Suspicious PowerShell,Endpoint,T1059.001,WS-018,Analyst C,Closed,False Positive,120,163,1575,Breached,2026-10-01 00:00:00,Synthetic
ALT-00888,2026-09-05 08:40:00,2026-09-05,2026-09-05 08:48:00,,Medium,3,Periodic outbound connection,Network,T1071.001,WS-009,Analyst C,In Progress,Pending,120,8,,Met,2026-10-01 00:00:00,Synthetic
ALT-00889,2026-09-17 23:25:00,2026-09-17,2026-09-18 02:13:00,2026-09-18 05:52:00,Low,4,Large outbound transfer,Network,T1041,WS-033,Analyst B,Closed,True Positive,240,168,387,Met,2026-10-01 00:00:00,Synthetic
ALT-00890,2026-09-09 13:48:00,2026-09-09,2026-09-09 22:48:00,2026-09-10 17:07:00,Low,4,Suspicious email attachment,Email,T1566.001,WS-045,Analyst A,Closed,False Positive,240,540,1639,Breached,2026-10-01 00:00:00,Synthetic
ALT-00891,2026-09-19 23:51:00,2026-09-19,2026-09-20 01:00:00,2026-09-20 01:45:00,Medium,3,Repeated authentication failures,Identity,T1110,WS-020,Analyst C,Closed,False Positive,120,69,114,Met,2026-10-01 00:00:00,Synthetic
ALT-00892,2026-09-07 07:50:00,2026-09-07,2026-09-07 13:42:00,2026-09-07 19:44:00,Low,4,Suspicious email attachment,Email,T1566.001,WS-002,Analyst A,Closed,False Positive,240,352,714,Breached,2026-10-01 00:00:00,Synthetic
ALT-00893,2026-09-11 02:52:00,2026-09-11,2026-09-11 03:23:00,2026-09-11 14:02:00,High,2,Unusual remote access,Identity,T1078,WS-009,Analyst A,Closed,True Positive,30,31,670,Breached,2026-10-01 00:00:00,Synthetic
ALT-00894,2026-09-20 08:00:00,2026-09-20,2026-09-20 12:09:00,2026-09-21 03:02:00,Medium,3,Repeated authentication failures,Identity,T1110,WS-007,Analyst A,Closed,True Positive,120,249,1142,Breached,2026-10-01 00:00:00,Synthetic
ALT-00895,2026-09-24 08:51:00,2026-09-24,2026-09-24 11:02:00,2026-09-24 12:40:00,Medium,3,Large outbound transfer,Network,T1041,WS-043,Analyst A,Closed,True Positive,120,131,229,Breached,2026-10-01 00:00:00,Synthetic
ALT-00896,2026-09-05 09:24:00,2026-09-05,2026-09-05 12:50:00,2026-09-05 19:18:00,Low,4,Suspicious email attachment,Email,T1566.001,WS-002,Analyst A,Closed,False Positive,240,206,594,Met,2026-10-01 00:00:00,Synthetic
ALT-00897,2026-09-07 14:59:00,2026-09-07,,,Low,4,Periodic outbound connection,Network,T1071.001,WS-023,Unassigned,New,Pending,240,,,Breached,2026-10-01 00:00:00,Synthetic
ALT-00898,2026-09-17 00:41:00,2026-09-17,2026-09-17 02:01:00,,High,2,Suspicious email attachment,Email,T1566.001,WS-016,Analyst A,In Progress,Pending,30,80,,Breached,2026-10-01 00:00:00,Synthetic
ALT-00899,2026-09-05 12:14:00,2026-09-05,2026-09-05 15:32:00,2026-09-06 01:19:00,Low,4,Repeated authentication failures,Identity,T1110,WS-049,Analyst A,Closed,True Positive,240,198,785,Met,2026-10-01 00:00:00,Synthetic
ALT-00900,2026-09-05 11:47:00,2026-09-05,2026-09-05 19:55:00,,Low,4,Suspicious email attachment,Email,T1566.001,WS-024,Analyst B,In Progress,Pending,240,488,,Breached,2026-10-01 00:00:00,Synthetic
ALT-00901,2026-09-21 00:13:00,2026-09-21,2026-09-21 03:16:00,2026-09-21 16:23:00,Medium,3,Repeated authentication failures,Identity,T1110,WS-033,Analyst B,Closed,False Positive,120,183,970,Breached,2026-10-01 00:00:00,Synthetic
ALT-00902,2026-09-19 13:11:00,2026-09-19,2026-09-19 13:27:00,2026-09-20 07:21:00,High,2,Periodic outbound connection,Network,T1071.001,WS-049,Analyst C,Closed,True Positive,30,16,1090,Met,2026-10-01 00:00:00,Synthetic
ALT-00903,2026-09-14 02:52:00,2026-09-14,2026-09-14 07:06:00,2026-09-14 11:12:00,Medium,3,Repeated authentication failures,Identity,T1110,WS-030,Analyst C,Closed,False Positive,120,254,500,Breached,2026-10-01 00:00:00,Synthetic
ALT-00904,2026-09-21 04:55:00,2026-09-21,2026-09-21 05:51:00,2026-09-21 12:27:00,High,2,Large outbound transfer,Network,T1041,WS-058,Analyst D,Closed,Benign Positive,30,56,452,Breached,2026-10-01 00:00:00,Synthetic
ALT-00905,2026-09-17 17:20:00,2026-09-17,2026-09-17 17:35:00,2026-09-18 07:16:00,High,2,Unusual remote access,Identity,T1078,WS-043,Analyst A,Closed,False Positive,30,15,836,Met,2026-10-01 00:00:00,Synthetic
ALT-00906,2026-09-06 10:13:00,2026-09-06,2026-09-06 10:28:00,2026-09-06 16:23:00,High,2,Large outbound transfer,Network,T1041,WS-013,Analyst C,Closed,True Positive,30,15,370,Met,2026-10-01 00:00:00,Synthetic
ALT-00907,2026-09-10 02:44:00,2026-09-10,2026-09-10 06:23:00,2026-09-10 23:35:00,Medium,3,Large outbound transfer,Network,T1041,WS-046,Analyst C,Closed,True Positive,120,219,1251,Breached,2026-10-01 00:00:00,Synthetic
ALT-00908,2026-09-30 07:14:00,2026-09-30,2026-09-30 17:33:00,,Low,4,Periodic outbound connection,Network,T1071.001,WS-032,Analyst C,In Progress,Pending,240,619,,Breached,2026-10-01 00:00:00,Synthetic
ALT-00909,2026-09-07 16:58:00,2026-09-07,2026-09-08 01:21:00,2026-09-08 18:29:00,Low,4,Repeated authentication failures,Identity,T1110,WS-009,Analyst A,Closed,True Positive,240,503,1531,Breached,2026-10-01 00:00:00,Synthetic
ALT-00910,2026-09-05 12:47:00,2026-09-05,2026-09-05 13:02:00,2026-09-05 19:18:00,Medium,3,Repeated authentication failures,Identity,T1110,WS-044,Analyst C,Closed,False Positive,120,15,391,Met,2026-10-01 00:00:00,Synthetic
ALT-00911,2026-09-07 22:49:00,2026-09-07,2026-09-07 23:30:00,2026-09-08 22:13:00,Medium,3,Suspicious email attachment,Email,T1566.001,WS-050,Analyst D,Closed,False Positive,120,41,1404,Met,2026-10-01 00:00:00,Synthetic
ALT-00912,2026-09-22 05:01:00,2026-09-22,2026-09-22 06:07:00,2026-09-22 15:12:00,High,2,Unusual remote access,Identity,T1078,WS-052,Analyst A,Closed,False Positive,30,66,611,Breached,2026-10-01 00:00:00,Synthetic
ALT-00913,2026-09-02 10:30:00,2026-09-02,2026-09-02 15:54:00,2026-09-03 04:54:00,Low,4,Repeated authentication failures,Identity,T1110,WS-003,Analyst A,Closed,False Positive,240,324,1104,Breached,2026-10-01 00:00:00,Synthetic
ALT-00914,2026-09-09 01:11:00,2026-09-09,2026-09-09 02:37:00,,Medium,3,Periodic outbound connection,Network,T1071.001,WS-032,Analyst D,In Progress,Pending,120,86,,Met,2026-10-01 00:00:00,Synthetic
ALT-00915,2026-09-07 02:53:00,2026-09-07,2026-09-07 03:51:00,2026-09-07 23:26:00,Medium,3,Large outbound transfer,Network,T1041,WS-043,Analyst D,Closed,False Positive,120,58,1233,Met,2026-10-01 00:00:00,Synthetic
ALT-00916,2026-09-22 15:49:00,2026-09-22,2026-09-22 19:11:00,2026-09-23 04:20:00,Medium,3,Suspicious PowerShell,Endpoint,T1059.001,WS-025,Analyst C,Closed,False Positive,120,202,751,Breached,2026-10-01 00:00:00,Synthetic
ALT-00917,2026-09-13 22:40:00,2026-09-13,2026-09-13 23:47:00,2026-09-14 12:27:00,Medium,3,Repeated authentication failures,Identity,T1110,WS-048,Analyst A,Closed,False Positive,120,67,827,Met,2026-10-01 00:00:00,Synthetic
ALT-00918,2026-09-29 10:50:00,2026-09-29,2026-09-29 13:54:00,2026-09-30 04:07:00,Medium,3,Repeated authentication failures,Identity,T1110,WS-043,Analyst B,Closed,False Positive,120,184,1037,Breached,2026-10-01 00:00:00,Synthetic
ALT-00919,2026-09-12 06:27:00,2026-09-12,2026-09-12 07:57:00,2026-09-12 10:21:00,High,2,Periodic outbound connection,Network,T1071.001,WS-008,Analyst C,Closed,Benign Positive,30,90,234,Breached,2026-10-01 00:00:00,Synthetic
ALT-00920,2026-09-08 17:26:00,2026-09-08,2026-09-08 18:10:00,2026-09-09 08:45:00,Critical,1,Periodic outbound connection,Network,T1071.001,WS-058,Analyst D,Closed,False Positive,15,44,919,Breached,2026-10-01 00:00:00,Synthetic
ALT-00921,2026-09-13 03:13:00,2026-09-13,2026-09-13 03:35:00,2026-09-13 16:38:00,Critical,1,Large outbound transfer,Network,T1041,WS-021,Analyst A,Closed,False Positive,15,22,805,Breached,2026-10-01 00:00:00,Synthetic
ALT-00922,2026-09-23 05:25:00,2026-09-23,2026-09-23 06:30:00,2026-09-23 23:49:00,High,2,Unusual remote access,Identity,T1078,WS-043,Analyst C,Closed,Benign Positive,30,65,1104,Breached,2026-10-01 00:00:00,Synthetic
ALT-00923,2026-09-08 14:00:00,2026-09-08,,,Medium,3,Periodic outbound connection,Network,T1071.001,WS-013,Unassigned,New,Pending,120,,,Breached,2026-10-01 00:00:00,Synthetic
ALT-00924,2026-09-23 14:48:00,2026-09-23,2026-09-23 19:24:00,,Medium,3,Repeated authentication failures,Identity,T1110,WS-014,Analyst C,In Progress,Pending,120,276,,Breached,2026-10-01 00:00:00,Synthetic
ALT-00925,2026-09-13 01:37:00,2026-09-13,2026-09-13 01:53:00,2026-09-13 23:22:00,Critical,1,Suspicious email attachment,Email,T1566.001,WS-006,Analyst A,Closed,False Positive,15,16,1305,Breached,2026-10-01 00:00:00,Synthetic
ALT-00926,2026-09-27 22:28:00,2026-09-27,2026-09-28 03:01:00,2026-09-28 19:24:00,Medium,3,Repeated authentication failures,Identity,T1110,WS-023,Analyst A,Closed,False Positive,120,273,1256,Breached,2026-10-01 00:00:00,Synthetic
ALT-00927,2026-09-30 15:39:00,2026-09-30,2026-09-30 23:04:00,,Low,4,Suspicious email attachment,Email,T1566.001,WS-043,Analyst C,In Progress,Pending,240,445,,Breached,2026-10-01 00:00:00,Synthetic
ALT-00928,2026-09-10 02:32:00,2026-09-10,2026-09-10 06:26:00,2026-09-11 05:31:00,Medium,3,Periodic outbound connection,Network,T1071.001,WS-012,Analyst A,Closed,False Positive,120,234,1619,Breached,2026-10-01 00:00:00,Synthetic
ALT-00929,2026-09-29 13:46:00,2026-09-29,2026-09-29 15:37:00,2026-09-30 14:20:00,Medium,3,Suspicious PowerShell,Endpoint,T1059.001,WS-048,Analyst D,Closed,Benign Positive,120,111,1474,Met,2026-10-01 00:00:00,Synthetic
ALT-00930,2026-09-13 04:39:00,2026-09-13,2026-09-13 12:05:00,,Low,4,Suspicious email attachment,Email,T1566.001,WS-060,Analyst A,In Progress,Pending,240,446,,Breached,2026-10-01 00:00:00,Synthetic
ALT-00931,2026-09-24 18:27:00,2026-09-24,2026-09-24 18:48:00,2026-09-25 18:21:00,High,2,Large outbound transfer,Network,T1041,WS-055,Analyst D,Closed,False Positive,30,21,1434,Met,2026-10-01 00:00:00,Synthetic
ALT-00932,2026-09-19 16:06:00,2026-09-19,2026-09-19 19:39:00,2026-09-20 04:55:00,Medium,3,Repeated authentication failures,Identity,T1110,WS-042,Analyst B,Closed,Benign Positive,120,213,769,Breached,2026-10-01 00:00:00,Synthetic
ALT-00933,2026-09-12 16:06:00,2026-09-12,2026-09-12 17:06:00,2026-09-12 22:23:00,Medium,3,Suspicious PowerShell,Endpoint,T1059.001,WS-016,Analyst C,Closed,True Positive,120,60,377,Met,2026-10-01 00:00:00,Synthetic
ALT-00934,2026-09-22 02:59:00,2026-09-22,2026-09-22 03:19:00,2026-09-22 10:22:00,Medium,3,Large outbound transfer,Network,T1041,WS-009,Analyst A,Closed,True Positive,120,20,443,Met,2026-10-01 00:00:00,Synthetic
ALT-00935,2026-09-12 18:14:00,2026-09-12,2026-09-12 21:16:00,2026-09-13 19:25:00,Low,4,Periodic outbound connection,Network,T1071.001,WS-047,Analyst D,Closed,Benign Positive,240,182,1511,Met,2026-10-01 00:00:00,Synthetic
ALT-00936,2026-09-01 21:44:00,2026-09-01,2026-09-01 22:05:00,2026-09-02 00:25:00,Critical,1,Repeated authentication failures,Identity,T1110,WS-027,Analyst C,Closed,Benign Positive,15,21,161,Breached,2026-10-01 00:00:00,Synthetic
ALT-00937,2026-09-30 22:05:00,2026-09-30,,,Low,4,Large outbound transfer,Network,T1041,WS-047,Unassigned,New,Pending,240,,,Pending,2026-10-01 00:00:00,Synthetic
ALT-00938,2026-09-07 09:31:00,2026-09-07,2026-09-07 09:48:00,,High,2,Suspicious email attachment,Email,T1566.001,WS-034,Analyst C,In Progress,Pending,30,17,,Met,2026-10-01 00:00:00,Synthetic
ALT-00939,2026-09-23 14:15:00,2026-09-23,2026-09-23 19:37:00,2026-09-24 07:01:00,Low,4,Suspicious PowerShell,Endpoint,T1059.001,WS-048,Analyst D,Closed,Benign Positive,240,322,1006,Breached,2026-10-01 00:00:00,Synthetic
ALT-00940,2026-09-11 17:42:00,2026-09-11,2026-09-11 20:43:00,2026-09-12 04:11:00,Low,4,Suspicious PowerShell,Endpoint,T1059.001,WS-029,Analyst D,Closed,Benign Positive,240,181,629,Met,2026-10-01 00:00:00,Synthetic
ALT-00941,2026-09-12 13:46:00,2026-09-12,2026-09-12 20:11:00,2026-09-13 00:12:00,Low,4,Repeated authentication failures,Identity,T1110,WS-028,Analyst D,Closed,True Positive,240,385,626,Breached,2026-10-01 00:00:00,Synthetic
ALT-00942,2026-09-12 05:04:00,2026-09-12,2026-09-12 11:22:00,2026-09-12 22:03:00,Low,4,Suspicious PowerShell,Endpoint,T1059.001,WS-058,Analyst A,Closed,True Positive,240,378,1019,Breached,2026-10-01 00:00:00,Synthetic
ALT-00943,2026-09-03 11:43:00,2026-09-03,2026-09-03 16:27:00,2026-09-04 05:44:00,Medium,3,Unusual remote access,Identity,T1078,WS-045,Analyst C,Closed,True Positive,120,284,1081,Breached,2026-10-01 00:00:00,Synthetic
ALT-00944,2026-09-06 13:18:00,2026-09-06,2026-09-06 16:38:00,,Medium,3,Suspicious PowerShell,Endpoint,T1059.001,WS-001,Analyst D,In Progress,Pending,120,200,,Breached,2026-10-01 00:00:00,Synthetic
ALT-00945,2026-09-12 15:06:00,2026-09-12,2026-09-12 16:30:00,2026-09-13 07:38:00,Medium,3,Suspicious PowerShell,Endpoint,T1059.001,WS-057,Analyst D,Closed,False Positive,120,84,992,Met,2026-10-01 00:00:00,Synthetic
ALT-00946,2026-09-02 13:00:00,2026-09-02,2026-09-02 14:04:00,,High,2,Repeated authentication failures,Identity,T1110,WS-031,Analyst D,In Progress,Pending,30,64,,Breached,2026-10-01 00:00:00,Synthetic
ALT-00947,2026-09-16 03:25:00,2026-09-16,2026-09-16 09:24:00,,Medium,3,Repeated authentication failures,Identity,T1110,WS-017,Analyst A,In Progress,Pending,120,359,,Breached,2026-10-01 00:00:00,Synthetic
ALT-00948,2026-09-17 00:19:00,2026-09-17,2026-09-17 03:08:00,,Medium,3,Unusual remote access,Identity,T1078,WS-030,Analyst A,In Progress,Pending,120,169,,Breached,2026-10-01 00:00:00,Synthetic
ALT-00949,2026-09-03 08:54:00,2026-09-03,2026-09-03 14:24:00,2026-09-03 19:12:00,Medium,3,Suspicious PowerShell,Endpoint,T1059.001,WS-013,Analyst C,Closed,True Positive,120,330,618,Breached,2026-10-01 00:00:00,Synthetic
ALT-00950,2026-09-15 06:40:00,2026-09-15,2026-09-15 11:06:00,2026-09-16 09:25:00,Medium,3,Repeated authentication failures,Identity,T1110,WS-055,Analyst D,Closed,False Positive,120,266,1605,Breached,2026-10-01 00:00:00,Synthetic
ALT-00951,2026-09-15 12:52:00,2026-09-15,2026-09-15 14:22:00,2026-09-16 13:59:00,Medium,3,Unusual remote access,Identity,T1078,WS-021,Analyst C,Closed,False Positive,120,90,1507,Met,2026-10-01 00:00:00,Synthetic
ALT-00952,2026-09-10 00:59:00,2026-09-10,2026-09-10 01:49:00,2026-09-10 21:27:00,High,2,Periodic outbound connection,Network,T1071.001,WS-002,Analyst B,Closed,True Positive,30,50,1228,Breached,2026-10-01 00:00:00,Synthetic
ALT-00953,2026-09-05 01:11:00,2026-09-05,2026-09-05 04:05:00,2026-09-05 05:56:00,Low,4,Suspicious PowerShell,Endpoint,T1059.001,WS-028,Analyst C,Closed,False Positive,240,174,285,Met,2026-10-01 00:00:00,Synthetic
ALT-00954,2026-09-07 19:01:00,2026-09-07,2026-09-07 20:15:00,2026-09-08 00:25:00,High,2,Periodic outbound connection,Network,T1071.001,WS-034,Analyst D,Closed,True Positive,30,74,324,Breached,2026-10-01 00:00:00,Synthetic
ALT-00955,2026-09-21 15:34:00,2026-09-21,2026-09-21 19:04:00,2026-09-22 01:44:00,Low,4,Large outbound transfer,Network,T1041,WS-053,Analyst C,Closed,Benign Positive,240,210,610,Met,2026-10-01 00:00:00,Synthetic
ALT-00956,2026-09-14 02:31:00,2026-09-14,2026-09-14 04:18:00,2026-09-15 00:56:00,Medium,3,Large outbound transfer,Network,T1041,WS-053,Analyst C,Closed,True Positive,120,107,1345,Met,2026-10-01 00:00:00,Synthetic
ALT-00957,2026-09-09 14:50:00,2026-09-09,2026-09-09 15:06:00,,Medium,3,Large outbound transfer,Network,T1041,WS-019,Analyst C,In Progress,Pending,120,16,,Met,2026-10-01 00:00:00,Synthetic
ALT-00958,2026-09-11 17:12:00,2026-09-11,2026-09-11 23:04:00,2026-09-12 21:19:00,Medium,3,Suspicious PowerShell,Endpoint,T1059.001,WS-001,Analyst D,Closed,False Positive,120,352,1687,Breached,2026-10-01 00:00:00,Synthetic
ALT-00959,2026-09-07 01:29:00,2026-09-07,2026-09-07 05:08:00,2026-09-07 18:23:00,Low,4,Unusual remote access,Identity,T1078,WS-048,Analyst C,Closed,False Positive,240,219,1014,Met,2026-10-01 00:00:00,Synthetic
ALT-00960,2026-09-04 07:47:00,2026-09-04,2026-09-04 08:19:00,2026-09-05 00:33:00,High,2,Repeated authentication failures,Identity,T1110,WS-039,Analyst A,Closed,Benign Positive,30,32,1006,Breached,2026-10-01 00:00:00,Synthetic
ALT-00961,2026-09-01 05:51:00,2026-09-01,2026-09-01 06:43:00,2026-09-02 05:47:00,High,2,Suspicious email attachment,Email,T1566.001,WS-058,Analyst A,Closed,False Positive,30,52,1436,Breached,2026-10-01 00:00:00,Synthetic
ALT-00962,2026-09-27 10:02:00,2026-09-27,2026-09-27 10:47:00,2026-09-28 02:55:00,High,2,Suspicious PowerShell,Endpoint,T1059.001,WS-021,Analyst D,Closed,True Positive,30,45,1013,Breached,2026-10-01 00:00:00,Synthetic
ALT-00963,2026-09-07 10:52:00,2026-09-07,2026-09-07 11:10:00,2026-09-08 04:22:00,High,2,Periodic outbound connection,Network,T1071.001,WS-054,Analyst C,Closed,Benign Positive,30,18,1050,Met,2026-10-01 00:00:00,Synthetic
ALT-00964,2026-09-17 09:51:00,2026-09-17,,,Low,4,Periodic outbound connection,Network,T1071.001,WS-017,Unassigned,New,Pending,240,,,Breached,2026-10-01 00:00:00,Synthetic
ALT-00965,2026-09-28 21:29:00,2026-09-28,2026-09-29 04:57:00,2026-09-29 10:44:00,Low,4,Periodic outbound connection,Network,T1071.001,WS-032,Analyst B,Closed,True Positive,240,448,795,Breached,2026-10-01 00:00:00,Synthetic
ALT-00966,2026-09-26 06:56:00,2026-09-26,2026-09-26 14:28:00,2026-09-26 16:26:00,Low,4,Unusual remote access,Identity,T1078,WS-004,Analyst B,Closed,True Positive,240,452,570,Breached,2026-10-01 00:00:00,Synthetic
ALT-00967,2026-09-09 08:02:00,2026-09-09,2026-09-09 08:33:00,2026-09-09 23:36:00,Critical,1,Periodic outbound connection,Network,T1071.001,WS-058,Analyst D,Closed,True Positive,15,31,934,Breached,2026-10-01 00:00:00,Synthetic
ALT-00968,2026-09-02 20:33:00,2026-09-02,2026-09-03 00:29:00,2026-09-03 17:28:00,Medium,3,Unusual remote access,Identity,T1078,WS-047,Analyst B,Closed,True Positive,120,236,1255,Breached,2026-10-01 00:00:00,Synthetic
ALT-00969,2026-09-06 15:03:00,2026-09-06,2026-09-06 16:37:00,,Medium,3,Suspicious PowerShell,Endpoint,T1059.001,WS-054,Analyst B,In Progress,Pending,120,94,,Met,2026-10-01 00:00:00,Synthetic
ALT-00970,2026-09-24 03:40:00,2026-09-24,2026-09-24 13:41:00,,Low,4,Suspicious email attachment,Email,T1566.001,WS-014,Analyst A,In Progress,Pending,240,601,,Breached,2026-10-01 00:00:00,Synthetic
ALT-00971,2026-09-24 22:32:00,2026-09-24,2026-09-24 23:52:00,2026-09-25 08:26:00,Low,4,Suspicious PowerShell,Endpoint,T1059.001,WS-044,Analyst A,Closed,False Positive,240,80,594,Met,2026-10-01 00:00:00,Synthetic
ALT-00972,2026-09-15 22:58:00,2026-09-15,,,Critical,1,Unusual remote access,Identity,T1078,WS-008,Unassigned,New,Pending,15,,,Breached,2026-10-01 00:00:00,Synthetic
ALT-00973,2026-09-18 22:32:00,2026-09-18,2026-09-18 23:52:00,,Medium,3,Repeated authentication failures,Identity,T1110,WS-002,Analyst A,In Progress,Pending,120,80,,Met,2026-10-01 00:00:00,Synthetic
ALT-00974,2026-09-21 22:41:00,2026-09-21,2026-09-22 09:26:00,2026-09-22 18:47:00,Low,4,Unusual remote access,Identity,T1078,WS-001,Analyst C,Closed,False Positive,240,645,1206,Breached,2026-10-01 00:00:00,Synthetic
ALT-00975,2026-09-02 23:53:00,2026-09-02,2026-09-03 04:46:00,2026-09-03 09:20:00,Medium,3,Large outbound transfer,Network,T1041,WS-004,Analyst C,Closed,True Positive,120,293,567,Breached,2026-10-01 00:00:00,Synthetic
ALT-00976,2026-09-15 16:59:00,2026-09-15,2026-09-16 03:17:00,2026-09-16 16:28:00,Low,4,Unusual remote access,Identity,T1078,WS-017,Analyst B,Closed,True Positive,240,618,1409,Breached,2026-10-01 00:00:00,Synthetic
ALT-00977,2026-09-11 22:13:00,2026-09-11,2026-09-12 01:48:00,2026-09-12 07:31:00,Low,4,Large outbound transfer,Network,T1041,WS-026,Analyst C,Closed,False Positive,240,215,558,Met,2026-10-01 00:00:00,Synthetic
ALT-00978,2026-09-30 10:52:00,2026-09-30,2026-09-30 15:59:00,,Low,4,Unusual remote access,Identity,T1078,WS-052,Analyst D,In Progress,Pending,240,307,,Breached,2026-10-01 00:00:00,Synthetic
ALT-00979,2026-09-15 02:42:00,2026-09-15,2026-09-15 14:05:00,2026-09-15 17:31:00,Low,4,Suspicious email attachment,Email,T1566.001,WS-033,Analyst B,Closed,Benign Positive,240,683,889,Breached,2026-10-01 00:00:00,Synthetic
ALT-00980,2026-09-23 06:47:00,2026-09-23,2026-09-23 11:37:00,2026-09-24 08:16:00,Medium,3,Large outbound transfer,Network,T1041,WS-049,Analyst D,Closed,False Positive,120,290,1529,Breached,2026-10-01 00:00:00,Synthetic
ALT-00981,2026-09-17 18:12:00,2026-09-17,2026-09-17 19:01:00,2026-09-17 20:33:00,Medium,3,Large outbound transfer,Network,T1041,WS-030,Analyst B,Closed,False Positive,120,49,141,Met,2026-10-01 00:00:00,Synthetic
ALT-00982,2026-09-30 11:21:00,2026-09-30,,,Medium,3,Suspicious PowerShell,Endpoint,T1059.001,WS-034,Unassigned,New,Pending,120,,,Breached,2026-10-01 00:00:00,Synthetic
ALT-00983,2026-09-29 15:38:00,2026-09-29,2026-09-29 19:23:00,2026-09-29 22:15:00,Medium,3,Repeated authentication failures,Identity,T1110,WS-031,Analyst C,Closed,Benign Positive,120,225,397,Breached,2026-10-01 00:00:00,Synthetic
ALT-00984,2026-09-07 18:19:00,2026-09-07,,,Low,4,Unusual remote access,Identity,T1078,WS-054,Unassigned,New,Pending,240,,,Breached,2026-10-01 00:00:00,Synthetic
ALT-00985,2026-09-12 07:35:00,2026-09-12,2026-09-12 12:19:00,2026-09-12 15:05:00,Medium,3,Periodic outbound connection,Network,T1071.001,WS-033,Analyst A,Closed,Benign Positive,120,284,450,Breached,2026-10-01 00:00:00,Synthetic
ALT-00986,2026-09-24 05:46:00,2026-09-24,2026-09-24 10:39:00,2026-09-24 19:27:00,Medium,3,Repeated authentication failures,Identity,T1110,WS-038,Analyst A,Closed,False Positive,120,293,821,Breached,2026-10-01 00:00:00,Synthetic
ALT-00987,2026-09-23 21:53:00,2026-09-23,2026-09-23 22:06:00,2026-09-24 04:29:00,Critical,1,Unusual remote access,Identity,T1078,WS-003,Analyst A,Closed,Benign Positive,15,13,396,Met,2026-10-01 00:00:00,Synthetic
ALT-00988,2026-09-19 22:39:00,2026-09-19,2026-09-20 06:26:00,2026-09-21 05:28:00,Low,4,Periodic outbound connection,Network,T1071.001,WS-052,Analyst C,Closed,False Positive,240,467,1849,Breached,2026-10-01 00:00:00,Synthetic
ALT-00989,2026-09-16 12:49:00,2026-09-16,2026-09-16 14:11:00,2026-09-17 10:58:00,Low,4,Suspicious PowerShell,Endpoint,T1059.001,WS-044,Analyst A,Closed,True Positive,240,82,1329,Met,2026-10-01 00:00:00,Synthetic
ALT-00990,2026-09-20 17:49:00,2026-09-20,2026-09-20 17:57:00,2026-09-20 23:58:00,Medium,3,Repeated authentication failures,Identity,T1110,WS-030,Analyst D,Closed,False Positive,120,8,369,Met,2026-10-01 00:00:00,Synthetic
ALT-00991,2026-09-30 22:24:00,2026-09-30,,,Low,4,Suspicious email attachment,Email,T1566.001,WS-040,Unassigned,New,Pending,240,,,Pending,2026-10-01 00:00:00,Synthetic
ALT-00992,2026-09-29 01:38:00,2026-09-29,,,Medium,3,Unusual remote access,Identity,T1078,WS-044,Unassigned,New,Pending,120,,,Breached,2026-10-01 00:00:00,Synthetic
ALT-00993,2026-09-18 23:26:00,2026-09-18,2026-09-18 23:42:00,2026-09-19 06:22:00,Low,4,Repeated authentication failures,Identity,T1110,WS-002,Analyst B,Closed,True Positive,240,16,416,Met,2026-10-01 00:00:00,Synthetic
ALT-00994,2026-09-02 05:17:00,2026-09-02,2026-09-02 05:49:00,2026-09-02 20:51:00,High,2,Unusual remote access,Identity,T1078,WS-055,Analyst B,Closed,Benign Positive,30,32,934,Breached,2026-10-01 00:00:00,Synthetic
ALT-00995,2026-09-04 22:02:00,2026-09-04,2026-09-05 01:40:00,2026-09-05 02:34:00,Medium,3,Large outbound transfer,Network,T1041,WS-058,Analyst B,Closed,True Positive,120,218,272,Breached,2026-10-01 00:00:00,Synthetic
ALT-00996,2026-09-21 06:20:00,2026-09-21,2026-09-21 14:02:00,2026-09-22 10:10:00,Low,4,Large outbound transfer,Network,T1041,WS-019,Analyst D,Closed,True Positive,240,462,1670,Breached,2026-10-01 00:00:00,Synthetic
ALT-00997,2026-09-03 07:37:00,2026-09-03,2026-09-03 11:20:00,2026-09-04 01:41:00,Medium,3,Repeated authentication failures,Identity,T1110,WS-048,Analyst C,Closed,Benign Positive,120,223,1084,Breached,2026-10-01 00:00:00,Synthetic
ALT-00998,2026-09-02 16:25:00,2026-09-02,2026-09-02 21:40:00,2026-09-03 20:59:00,Medium,3,Large outbound transfer,Network,T1041,WS-056,Analyst D,Closed,Benign Positive,120,315,1714,Breached,2026-10-01 00:00:00,Synthetic
ALT-00999,2026-09-11 13:18:00,2026-09-11,2026-09-11 18:15:00,2026-09-12 05:11:00,Medium,3,Suspicious email attachment,Email,T1566.001,WS-018,Analyst D,Closed,False Positive,120,297,953,Breached,2026-10-01 00:00:00,Synthetic
ALT-01000,2026-09-22 13:00:00,2026-09-22,,,High,2,Suspicious email attachment,Email,T1566.001,WS-023,Unassigned,New,Pending,30,,,Breached,2026-10-01 00:00:00,Synthetic
ALT-01001,2026-09-21 09:41:00,2026-09-21,2026-09-21 11:21:00,2026-09-22 03:32:00,Medium,3,Repeated authentication failures,Identity,T1110,WS-015,Analyst B,Closed,False Positive,120,100,1071,Met,2026-10-01 00:00:00,Synthetic
ALT-01002,2026-09-27 17:52:00,2026-09-27,,,Low,4,Periodic outbound connection,Network,T1071.001,WS-055,Unassigned,New,Pending,240,,,Breached,2026-10-01 00:00:00,Synthetic
ALT-01003,2026-09-30 21:34:00,2026-09-30,,,Medium,3,Periodic outbound connection,Network,T1071.001,WS-027,Unassigned,New,Pending,120,,,Breached,2026-10-01 00:00:00,Synthetic
ALT-01004,2026-09-30 16:42:00,2026-09-30,2026-09-30 18:06:00,,Medium,3,Large outbound transfer,Network,T1041,WS-040,Analyst B,In Progress,Pending,120,84,,Met,2026-10-01 00:00:00,Synthetic
ALT-01005,2026-09-13 20:31:00,2026-09-13,2026-09-13 21:39:00,2026-09-14 03:43:00,Medium,3,Repeated authentication failures,Identity,T1110,WS-039,Analyst D,Closed,True Positive,120,68,432,Met,2026-10-01 00:00:00,Synthetic
ALT-01006,2026-09-05 14:12:00,2026-09-05,2026-09-05 17:48:00,2026-09-06 12:58:00,Low,4,Large outbound transfer,Network,T1041,WS-002,Analyst C,Closed,True Positive,240,216,1366,Met,2026-10-01 00:00:00,Synthetic
ALT-01007,2026-09-12 20:52:00,2026-09-12,2026-09-13 01:11:00,2026-09-13 02:26:00,Medium,3,Suspicious PowerShell,Endpoint,T1059.001,WS-022,Analyst D,Closed,Benign Positive,120,259,334,Breached,2026-10-01 00:00:00,Synthetic
ALT-01008,2026-09-06 04:29:00,2026-09-06,2026-09-06 08:40:00,2026-09-06 17:38:00,Medium,3,Repeated authentication failures,Identity,T1110,WS-051,Analyst C,Closed,Benign Positive,120,251,789,Breached,2026-10-01 00:00:00,Synthetic
ALT-01009,2026-09-03 02:58:00,2026-09-03,2026-09-03 05:34:00,2026-09-04 05:17:00,Low,4,Suspicious email attachment,Email,T1566.001,WS-039,Analyst A,Closed,Benign Positive,240,156,1579,Met,2026-10-01 00:00:00,Synthetic
ALT-01010,2026-09-03 07:04:00,2026-09-03,2026-09-03 08:59:00,,Low,4,Large outbound transfer,Network,T1041,WS-007,Analyst A,In Progress,Pending,240,115,,Met,2026-10-01 00:00:00,Synthetic
ALT-01011,2026-09-26 14:22:00,2026-09-26,2026-09-26 14:31:00,2026-09-26 21:41:00,Critical,1,Repeated authentication failures,Identity,T1110,WS-011,Analyst C,Closed,Benign Positive,15,9,439,Met,2026-10-01 00:00:00,Synthetic
ALT-01012,2026-09-21 02:15:00,2026-09-21,2026-09-21 03:58:00,,Low,4,Large outbound transfer,Network,T1041,WS-010,Analyst C,In Progress,Pending,240,103,,Met,2026-10-01 00:00:00,Synthetic
ALT-01013,2026-09-16 05:28:00,2026-09-16,2026-09-16 12:59:00,,Low,4,Repeated authentication failures,Identity,T1110,WS-027,Analyst A,In Progress,Pending,240,451,,Breached,2026-10-01 00:00:00,Synthetic
ALT-01014,2026-09-12 03:57:00,2026-09-12,2026-09-12 12:36:00,2026-09-12 18:36:00,Low,4,Large outbound transfer,Network,T1041,WS-024,Analyst D,Closed,True Positive,240,519,879,Breached,2026-10-01 00:00:00,Synthetic
ALT-01015,2026-09-17 09:55:00,2026-09-17,2026-09-17 14:28:00,2026-09-18 05:01:00,Medium,3,Suspicious PowerShell,Endpoint,T1059.001,WS-009,Analyst D,Closed,False Positive,120,273,1146,Breached,2026-10-01 00:00:00,Synthetic
ALT-01016,2026-09-19 19:33:00,2026-09-19,,,Low,4,Large outbound transfer,Network,T1041,WS-034,Unassigned,New,Pending,240,,,Breached,2026-10-01 00:00:00,Synthetic
ALT-01017,2026-09-17 11:09:00,2026-09-17,2026-09-17 11:21:00,2026-09-18 05:10:00,Low,4,Large outbound transfer,Network,T1041,WS-006,Analyst C,Closed,Benign Positive,240,12,1081,Met,2026-10-01 00:00:00,Synthetic
ALT-01018,2026-09-15 07:51:00,2026-09-15,2026-09-15 11:14:00,2026-09-15 12:39:00,Medium,3,Suspicious PowerShell,Endpoint,T1059.001,WS-042,Analyst B,Closed,False Positive,120,203,288,Breached,2026-10-01 00:00:00,Synthetic
ALT-01019,2026-09-27 03:34:00,2026-09-27,,,Critical,1,Unusual remote access,Identity,T1078,WS-052,Unassigned,New,Pending,15,,,Breached,2026-10-01 00:00:00,Synthetic
ALT-01020,2026-09-24 15:44:00,2026-09-24,2026-09-25 03:23:00,2026-09-25 22:26:00,Low,4,Large outbound transfer,Network,T1041,WS-047,Analyst C,Closed,Benign Positive,240,699,1842,Breached,2026-10-01 00:00:00,Synthetic
ALT-01021,2026-09-16 15:54:00,2026-09-16,,,Critical,1,Periodic outbound connection,Network,T1071.001,WS-040,Unassigned,New,Pending,15,,,Breached,2026-10-01 00:00:00,Synthetic
ALT-01022,2026-09-07 16:24:00,2026-09-07,2026-09-07 21:04:00,2026-09-08 18:32:00,Medium,3,Large outbound transfer,Network,T1041,WS-042,Analyst D,Closed,False Positive,120,280,1568,Breached,2026-10-01 00:00:00,Synthetic
ALT-01023,2026-09-16 17:06:00,2026-09-16,2026-09-16 20:30:00,2026-09-17 06:57:00,Low,4,Unusual remote access,Identity,T1078,WS-035,Analyst C,Closed,True Positive,240,204,831,Met,2026-10-01 00:00:00,Synthetic
ALT-01024,2026-09-18 17:58:00,2026-09-18,2026-09-18 22:26:00,,Medium,3,Unusual remote access,Identity,T1078,WS-035,Analyst C,In Progress,Pending,120,268,,Breached,2026-10-01 00:00:00,Synthetic
ALT-01025,2026-09-10 17:27:00,2026-09-10,2026-09-10 18:12:00,2026-09-11 16:03:00,High,2,Suspicious email attachment,Email,T1566.001,WS-002,Analyst C,Closed,True Positive,30,45,1356,Breached,2026-10-01 00:00:00,Synthetic
ALT-01026,2026-09-11 23:36:00,2026-09-11,2026-09-12 08:15:00,,Low,4,Periodic outbound connection,Network,T1071.001,WS-008,Analyst A,In Progress,Pending,240,519,,Breached,2026-10-01 00:00:00,Synthetic
ALT-01027,2026-09-17 23:23:00,2026-09-17,2026-09-17 23:31:00,2026-09-18 21:54:00,High,2,Suspicious email attachment,Email,T1566.001,WS-029,Analyst C,Closed,Benign Positive,30,8,1351,Met,2026-10-01 00:00:00,Synthetic
ALT-01028,2026-09-27 01:15:00,2026-09-27,2026-09-27 03:17:00,2026-09-27 23:18:00,Medium,3,Large outbound transfer,Network,T1041,WS-058,Analyst B,Closed,False Positive,120,122,1323,Breached,2026-10-01 00:00:00,Synthetic
ALT-01029,2026-09-16 22:39:00,2026-09-16,2026-09-16 23:54:00,,High,2,Unusual remote access,Identity,T1078,WS-044,Analyst B,In Progress,Pending,30,75,,Breached,2026-10-01 00:00:00,Synthetic
ALT-01030,2026-09-18 04:30:00,2026-09-18,2026-09-18 08:56:00,2026-09-19 04:58:00,Medium,3,Suspicious PowerShell,Endpoint,T1059.001,WS-050,Analyst C,Closed,True Positive,120,266,1468,Breached,2026-10-01 00:00:00,Synthetic
ALT-01031,2026-09-21 16:13:00,2026-09-21,2026-09-21 17:07:00,2026-09-21 20:04:00,High,2,Unusual remote access,Identity,T1078,WS-028,Analyst B,Closed,True Positive,30,54,231,Breached,2026-10-01 00:00:00,Synthetic
ALT-01032,2026-09-22 16:11:00,2026-09-22,2026-09-22 17:20:00,2026-09-23 07:14:00,High,2,Repeated authentication failures,Identity,T1110,WS-034,Analyst D,Closed,False Positive,30,69,903,Breached,2026-10-01 00:00:00,Synthetic
ALT-01033,2026-09-13 00:01:00,2026-09-13,2026-09-13 03:48:00,2026-09-14 03:29:00,Medium,3,Unusual remote access,Identity,T1078,WS-032,Analyst D,Closed,Benign Positive,120,227,1648,Breached,2026-10-01 00:00:00,Synthetic
ALT-01034,2026-09-08 09:52:00,2026-09-08,2026-09-08 10:52:00,2026-09-08 15:26:00,High,2,Suspicious PowerShell,Endpoint,T1059.001,WS-033,Analyst A,Closed,Benign Positive,30,60,334,Breached,2026-10-01 00:00:00,Synthetic
ALT-01035,2026-09-10 16:15:00,2026-09-10,2026-09-10 21:03:00,,Medium,3,Repeated authentication failures,Identity,T1110,WS-024,Analyst A,In Progress,Pending,120,288,,Breached,2026-10-01 00:00:00,Synthetic
ALT-01036,2026-09-28 09:06:00,2026-09-28,2026-09-28 18:53:00,2026-09-29 04:56:00,Low,4,Repeated authentication failures,Identity,T1110,WS-010,Analyst A,Closed,True Positive,240,587,1190,Breached,2026-10-01 00:00:00,Synthetic
ALT-01037,2026-09-17 21:44:00,2026-09-17,2026-09-18 01:54:00,2026-09-18 03:01:00,Medium,3,Periodic outbound connection,Network,T1071.001,WS-010,Analyst D,Closed,False Positive,120,250,317,Breached,2026-10-01 00:00:00,Synthetic
ALT-01038,2026-09-03 05:08:00,2026-09-03,2026-09-03 08:50:00,,Low,4,Periodic outbound connection,Network,T1071.001,WS-012,Analyst D,In Progress,Pending,240,222,,Met,2026-10-01 00:00:00,Synthetic
ALT-01039,2026-09-01 02:16:00,2026-09-01,2026-09-01 02:23:00,2026-09-01 16:48:00,High,2,Periodic outbound connection,Network,T1071.001,WS-020,Analyst D,Closed,False Positive,30,7,872,Met,2026-10-01 00:00:00,Synthetic
ALT-01040,2026-09-16 08:59:00,2026-09-16,2026-09-16 19:21:00,,Low,4,Large outbound transfer,Network,T1041,WS-009,Analyst B,In Progress,Pending,240,622,,Breached,2026-10-01 00:00:00,Synthetic
ALT-01041,2026-09-23 23:20:00,2026-09-23,2026-09-24 00:38:00,2026-09-24 11:54:00,Medium,3,Large outbound transfer,Network,T1041,WS-040,Analyst D,Closed,True Positive,120,78,754,Met,2026-10-01 00:00:00,Synthetic
ALT-01042,2026-09-18 14:57:00,2026-09-18,2026-09-18 15:04:00,2026-09-19 14:07:00,High,2,Large outbound transfer,Network,T1041,WS-048,Analyst C,Closed,Benign Positive,30,7,1390,Met,2026-10-01 00:00:00,Synthetic
ALT-01043,2026-09-30 09:30:00,2026-09-30,2026-09-30 10:45:00,,High,2,Suspicious PowerShell,Endpoint,T1059.001,WS-051,Analyst C,In Progress,Pending,30,75,,Breached,2026-10-01 00:00:00,Synthetic
ALT-01044,2026-09-26 12:48:00,2026-09-26,2026-09-26 14:28:00,2026-09-27 11:45:00,Medium,3,Unusual remote access,Identity,T1078,WS-049,Analyst A,Closed,False Positive,120,100,1377,Met,2026-10-01 00:00:00,Synthetic
ALT-01045,2026-09-26 22:51:00,2026-09-26,2026-09-26 23:02:00,2026-09-27 03:18:00,Medium,3,Large outbound transfer,Network,T1041,WS-035,Analyst B,Closed,False Positive,120,11,267,Met,2026-10-01 00:00:00,Synthetic
ALT-01046,2026-09-01 20:43:00,2026-09-01,2026-09-01 21:59:00,2026-09-02 13:18:00,High,2,Suspicious PowerShell,Endpoint,T1059.001,WS-035,Analyst C,Closed,True Positive,30,76,995,Breached,2026-10-01 00:00:00,Synthetic
ALT-01047,2026-09-19 06:52:00,2026-09-19,2026-09-19 07:05:00,,Medium,3,Large outbound transfer,Network,T1041,WS-022,Analyst D,In Progress,Pending,120,13,,Met,2026-10-01 00:00:00,Synthetic
ALT-01048,2026-09-09 05:09:00,2026-09-09,2026-09-09 07:22:00,2026-09-09 10:38:00,Medium,3,Suspicious email attachment,Email,T1566.001,WS-007,Analyst B,Closed,True Positive,120,133,329,Breached,2026-10-01 00:00:00,Synthetic
ALT-01049,2026-09-13 23:40:00,2026-09-13,2026-09-14 00:01:00,,High,2,Periodic outbound connection,Network,T1071.001,WS-020,Analyst D,In Progress,Pending,30,21,,Met,2026-10-01 00:00:00,Synthetic
ALT-01050,2026-09-08 16:48:00,2026-09-08,2026-09-08 16:53:00,2026-09-09 03:13:00,Critical,1,Periodic outbound connection,Network,T1071.001,WS-021,Analyst B,Closed,False Positive,15,5,625,Met,2026-10-01 00:00:00,Synthetic
ALT-01051,2026-09-19 18:54:00,2026-09-19,2026-09-19 20:59:00,2026-09-19 22:55:00,Low,4,Periodic outbound connection,Network,T1071.001,WS-049,Analyst B,Closed,True Positive,240,125,241,Met,2026-10-01 00:00:00,Synthetic
ALT-01052,2026-09-23 10:27:00,2026-09-23,2026-09-23 11:27:00,2026-09-23 20:48:00,Medium,3,Suspicious email attachment,Email,T1566.001,WS-030,Analyst D,Closed,True Positive,120,60,621,Met,2026-10-01 00:00:00,Synthetic
ALT-01053,2026-09-03 23:29:00,2026-09-03,2026-09-03 23:40:00,2026-09-04 09:01:00,Medium,3,Large outbound transfer,Network,T1041,WS-038,Analyst A,Closed,False Positive,120,11,572,Met,2026-10-01 00:00:00,Synthetic
ALT-01054,2026-09-12 05:02:00,2026-09-12,2026-09-12 10:15:00,,Low,4,Unusual remote access,Identity,T1078,WS-037,Analyst D,In Progress,Pending,240,313,,Breached,2026-10-01 00:00:00,Synthetic
ALT-01055,2026-09-21 07:07:00,2026-09-21,2026-09-21 07:27:00,2026-09-21 20:21:00,High,2,Unusual remote access,Identity,T1078,WS-011,Analyst B,Closed,False Positive,30,20,794,Met,2026-10-01 00:00:00,Synthetic
ALT-01056,2026-09-25 11:07:00,2026-09-25,2026-09-25 11:10:00,2026-09-26 03:11:00,Low,4,Suspicious email attachment,Email,T1566.001,WS-040,Analyst C,Closed,Benign Positive,240,3,964,Met,2026-10-01 00:00:00,Synthetic
ALT-01057,2026-09-30 17:18:00,2026-09-30,,,Low,4,Repeated authentication failures,Identity,T1110,WS-039,Unassigned,New,Pending,240,,,Breached,2026-10-01 00:00:00,Synthetic
ALT-01058,2026-09-12 10:02:00,2026-09-12,,,Low,4,Large outbound transfer,Network,T1041,WS-054,Unassigned,New,Pending,240,,,Breached,2026-10-01 00:00:00,Synthetic
ALT-01059,2026-09-29 18:32:00,2026-09-29,2026-09-29 18:54:00,2026-09-30 13:17:00,High,2,Suspicious email attachment,Email,T1566.001,WS-020,Analyst A,Closed,False Positive,30,22,1125,Met,2026-10-01 00:00:00,Synthetic
ALT-01060,2026-09-18 23:46:00,2026-09-18,2026-09-19 02:11:00,,Medium,3,Suspicious PowerShell,Endpoint,T1059.001,WS-057,Analyst D,In Progress,Pending,120,145,,Breached,2026-10-01 00:00:00,Synthetic
ALT-01061,2026-09-10 14:18:00,2026-09-10,2026-09-10 17:15:00,,Medium,3,Periodic outbound connection,Network,T1071.001,WS-041,Analyst C,In Progress,Pending,120,177,,Breached,2026-10-01 00:00:00,Synthetic
ALT-01062,2026-09-21 14:29:00,2026-09-21,,,High,2,Unusual remote access,Identity,T1078,WS-022,Unassigned,New,Pending,30,,,Breached,2026-10-01 00:00:00,Synthetic
ALT-01063,2026-09-10 14:03:00,2026-09-10,2026-09-10 19:59:00,2026-09-11 00:42:00,Medium,3,Suspicious email attachment,Email,T1566.001,WS-001,Analyst D,Closed,False Positive,120,356,639,Breached,2026-10-01 00:00:00,Synthetic
ALT-01064,2026-09-01 04:40:00,2026-09-01,2026-09-01 14:11:00,2026-09-02 14:07:00,Low,4,Unusual remote access,Identity,T1078,WS-049,Analyst D,Closed,False Positive,240,571,2007,Breached,2026-10-01 00:00:00,Synthetic
ALT-01065,2026-09-25 11:46:00,2026-09-25,2026-09-25 12:56:00,2026-09-25 14:09:00,High,2,Unusual remote access,Identity,T1078,WS-053,Analyst D,Closed,Benign Positive,30,70,143,Breached,2026-10-01 00:00:00,Synthetic
ALT-01066,2026-09-06 14:48:00,2026-09-06,2026-09-06 17:53:00,,Medium,3,Large outbound transfer,Network,T1041,WS-025,Analyst B,In Progress,Pending,120,185,,Breached,2026-10-01 00:00:00,Synthetic
ALT-01067,2026-09-01 09:12:00,2026-09-01,,,High,2,Periodic outbound connection,Network,T1071.001,WS-029,Unassigned,New,Pending,30,,,Breached,2026-10-01 00:00:00,Synthetic
ALT-01068,2026-09-01 10:13:00,2026-09-01,2026-09-01 11:42:00,,High,2,Repeated authentication failures,Identity,T1110,WS-059,Analyst C,In Progress,Pending,30,89,,Breached,2026-10-01 00:00:00,Synthetic
ALT-01069,2026-09-09 17:10:00,2026-09-09,2026-09-09 17:40:00,2026-09-10 01:49:00,High,2,Suspicious email attachment,Email,T1566.001,WS-024,Analyst A,Closed,Benign Positive,30,30,519,Met,2026-10-01 00:00:00,Synthetic
ALT-01070,2026-09-13 18:39:00,2026-09-13,2026-09-13 20:28:00,2026-09-13 20:52:00,Medium,3,Unusual remote access,Identity,T1078,WS-053,Analyst D,Closed,True Positive,120,109,133,Met,2026-10-01 00:00:00,Synthetic
ALT-01071,2026-09-06 01:10:00,2026-09-06,2026-09-06 04:06:00,2026-09-06 23:06:00,Low,4,Suspicious email attachment,Email,T1566.001,WS-048,Analyst B,Closed,True Positive,240,176,1316,Met,2026-10-01 00:00:00,Synthetic
ALT-01072,2026-09-03 23:23:00,2026-09-03,2026-09-04 01:37:00,2026-09-04 21:14:00,Medium,3,Unusual remote access,Identity,T1078,WS-057,Analyst C,Closed,Benign Positive,120,134,1311,Breached,2026-10-01 00:00:00,Synthetic
ALT-01073,2026-09-09 17:33:00,2026-09-09,,,Low,4,Repeated authentication failures,Identity,T1110,WS-045,Unassigned,New,Pending,240,,,Breached,2026-10-01 00:00:00,Synthetic
ALT-01074,2026-09-25 06:06:00,2026-09-25,2026-09-25 10:00:00,2026-09-25 10:14:00,Medium,3,Unusual remote access,Identity,T1078,WS-042,Analyst A,Closed,Benign Positive,120,234,248,Breached,2026-10-01 00:00:00,Synthetic
ALT-01075,2026-09-15 16:48:00,2026-09-15,2026-09-15 22:38:00,2026-09-16 16:29:00,Medium,3,Large outbound transfer,Network,T1041,WS-024,Analyst A,Closed,False Positive,120,350,1421,Breached,2026-10-01 00:00:00,Synthetic
ALT-01076,2026-09-11 05:15:00,2026-09-11,2026-09-11 05:37:00,2026-09-11 05:57:00,Critical,1,Large outbound transfer,Network,T1041,WS-022,Analyst A,Closed,False Positive,15,22,42,Breached,2026-10-01 00:00:00,Synthetic
ALT-01077,2026-09-27 00:34:00,2026-09-27,2026-09-27 12:22:00,2026-09-28 02:59:00,Low,4,Unusual remote access,Identity,T1078,WS-059,Analyst B,Closed,Benign Positive,240,708,1585,Breached,2026-10-01 00:00:00,Synthetic
ALT-01078,2026-09-09 23:02:00,2026-09-09,2026-09-10 00:24:00,2026-09-10 03:52:00,High,2,Periodic outbound connection,Network,T1071.001,WS-028,Analyst A,Closed,True Positive,30,82,290,Breached,2026-10-01 00:00:00,Synthetic
ALT-01079,2026-09-27 23:12:00,2026-09-27,2026-09-28 03:27:00,,Low,4,Periodic outbound connection,Network,T1071.001,WS-007,Analyst D,In Progress,Pending,240,255,,Breached,2026-10-01 00:00:00,Synthetic
ALT-01080,2026-09-11 20:21:00,2026-09-11,2026-09-12 05:15:00,,Low,4,Repeated authentication failures,Identity,T1110,WS-051,Analyst B,In Progress,Pending,240,534,,Breached,2026-10-01 00:00:00,Synthetic
ALT-01081,2026-09-04 07:38:00,2026-09-04,2026-09-04 09:17:00,2026-09-05 06:47:00,Low,4,Suspicious email attachment,Email,T1566.001,WS-008,Analyst A,Closed,False Positive,240,99,1389,Met,2026-10-01 00:00:00,Synthetic
ALT-01082,2026-09-03 18:17:00,2026-09-03,2026-09-04 06:09:00,2026-09-04 08:32:00,Low,4,Large outbound transfer,Network,T1041,WS-004,Analyst D,Closed,False Positive,240,712,855,Breached,2026-10-01 00:00:00,Synthetic
ALT-01083,2026-09-03 11:50:00,2026-09-03,2026-09-03 12:44:00,2026-09-04 12:01:00,Medium,3,Unusual remote access,Identity,T1078,WS-004,Analyst C,Closed,True Positive,120,54,1451,Met,2026-10-01 00:00:00,Synthetic
ALT-01084,2026-09-18 08:39:00,2026-09-18,2026-09-18 10:40:00,,Medium,3,Suspicious email attachment,Email,T1566.001,WS-056,Analyst A,In Progress,Pending,120,121,,Breached,2026-10-01 00:00:00,Synthetic
ALT-01085,2026-09-21 15:14:00,2026-09-21,2026-09-21 20:33:00,,Medium,3,Large outbound transfer,Network,T1041,WS-007,Analyst C,In Progress,Pending,120,319,,Breached,2026-10-01 00:00:00,Synthetic
ALT-01086,2026-09-30 14:58:00,2026-09-30,2026-09-30 20:36:00,,Low,4,Repeated authentication failures,Identity,T1110,WS-013,Analyst A,In Progress,Pending,240,338,,Breached,2026-10-01 00:00:00,Synthetic
ALT-01087,2026-09-05 16:09:00,2026-09-05,2026-09-05 16:23:00,2026-09-06 12:06:00,Critical,1,Unusual remote access,Identity,T1078,WS-033,Analyst C,Closed,True Positive,15,14,1197,Met,2026-10-01 00:00:00,Synthetic
ALT-01088,2026-09-17 04:10:00,2026-09-17,2026-09-17 05:47:00,2026-09-17 14:14:00,Medium,3,Unusual remote access,Identity,T1078,WS-003,Analyst A,Closed,True Positive,120,97,604,Met,2026-10-01 00:00:00,Synthetic
ALT-01089,2026-09-06 19:27:00,2026-09-06,2026-09-07 01:02:00,2026-09-07 13:24:00,Medium,3,Large outbound transfer,Network,T1041,WS-057,Analyst B,Closed,True Positive,120,335,1077,Breached,2026-10-01 00:00:00,Synthetic
ALT-01090,2026-09-07 17:00:00,2026-09-07,2026-09-07 20:10:00,2026-09-07 20:36:00,Medium,3,Suspicious email attachment,Email,T1566.001,WS-043,Analyst B,Closed,False Positive,120,190,216,Breached,2026-10-01 00:00:00,Synthetic
ALT-01091,2026-09-03 14:36:00,2026-09-03,2026-09-03 15:32:00,,High,2,Suspicious email attachment,Email,T1566.001,WS-023,Analyst B,In Progress,Pending,30,56,,Breached,2026-10-01 00:00:00,Synthetic
ALT-01092,2026-09-10 02:51:00,2026-09-10,2026-09-10 05:47:00,,Medium,3,Suspicious PowerShell,Endpoint,T1059.001,WS-013,Analyst D,In Progress,Pending,120,176,,Breached,2026-10-01 00:00:00,Synthetic
ALT-01093,2026-09-22 06:31:00,2026-09-22,2026-09-22 11:22:00,,Medium,3,Periodic outbound connection,Network,T1071.001,WS-022,Analyst C,In Progress,Pending,120,291,,Breached,2026-10-01 00:00:00,Synthetic
ALT-01094,2026-09-20 01:19:00,2026-09-20,2026-09-20 01:42:00,2026-09-20 18:47:00,Medium,3,Repeated authentication failures,Identity,T1110,WS-001,Analyst B,Closed,True Positive,120,23,1048,Met,2026-10-01 00:00:00,Synthetic
ALT-01095,2026-09-11 11:31:00,2026-09-11,2026-09-11 14:22:00,2026-09-12 03:21:00,Medium,3,Suspicious PowerShell,Endpoint,T1059.001,WS-012,Analyst A,Closed,True Positive,120,171,950,Breached,2026-10-01 00:00:00,Synthetic
ALT-01096,2026-09-17 12:17:00,2026-09-17,2026-09-17 12:26:00,2026-09-17 17:27:00,Critical,1,Periodic outbound connection,Network,T1071.001,WS-013,Analyst C,Closed,True Positive,15,9,310,Met,2026-10-01 00:00:00,Synthetic
ALT-01097,2026-09-02 23:57:00,2026-09-02,2026-09-03 02:57:00,2026-09-03 10:35:00,Low,4,Suspicious PowerShell,Endpoint,T1059.001,WS-047,Analyst B,Closed,Benign Positive,240,180,638,Met,2026-10-01 00:00:00,Synthetic
ALT-01098,2026-09-16 11:10:00,2026-09-16,2026-09-16 11:34:00,2026-09-16 17:44:00,Low,4,Suspicious PowerShell,Endpoint,T1059.001,WS-059,Analyst A,Closed,Benign Positive,240,24,394,Met,2026-10-01 00:00:00,Synthetic
ALT-01099,2026-09-01 22:55:00,2026-09-01,2026-09-02 00:50:00,2026-09-02 12:33:00,Low,4,Suspicious PowerShell,Endpoint,T1059.001,WS-020,Analyst D,Closed,Benign Positive,240,115,818,Met,2026-10-01 00:00:00,Synthetic
ALT-01100,2026-09-11 22:18:00,2026-09-11,2026-09-12 02:49:00,2026-09-13 00:15:00,Medium,3,Periodic outbound connection,Network,T1071.001,WS-057,Analyst A,Closed,Benign Positive,120,271,1557,Breached,2026-10-01 00:00:00,Synthetic
ALT-01101,2026-09-06 09:25:00,2026-09-06,2026-09-06 09:51:00,,High,2,Suspicious PowerShell,Endpoint,T1059.001,WS-035,Analyst D,In Progress,Pending,30,26,,Met,2026-10-01 00:00:00,Synthetic
ALT-01102,2026-09-18 00:47:00,2026-09-18,,,Medium,3,Large outbound transfer,Network,T1041,WS-016,Unassigned,New,Pending,120,,,Breached,2026-10-01 00:00:00,Synthetic
ALT-01103,2026-09-03 02:27:00,2026-09-03,2026-09-03 11:37:00,2026-09-03 21:49:00,Low,4,Suspicious email attachment,Email,T1566.001,WS-021,Analyst B,Closed,False Positive,240,550,1162,Breached,2026-10-01 00:00:00,Synthetic
ALT-01104,2026-09-03 10:10:00,2026-09-03,2026-09-03 14:32:00,,Medium,3,Periodic outbound connection,Network,T1071.001,WS-038,Analyst D,In Progress,Pending,120,262,,Breached,2026-10-01 00:00:00,Synthetic
ALT-01105,2026-09-10 12:32:00,2026-09-10,2026-09-10 17:48:00,,Medium,3,Large outbound transfer,Network,T1041,WS-005,Analyst B,In Progress,Pending,120,316,,Breached,2026-10-01 00:00:00,Synthetic
ALT-01106,2026-09-24 03:32:00,2026-09-24,2026-09-24 06:45:00,,Medium,3,Unusual remote access,Identity,T1078,WS-032,Analyst D,In Progress,Pending,120,193,,Breached,2026-10-01 00:00:00,Synthetic
ALT-01107,2026-09-09 03:30:00,2026-09-09,2026-09-09 07:39:00,2026-09-10 00:42:00,Medium,3,Periodic outbound connection,Network,T1071.001,WS-038,Analyst D,Closed,False Positive,120,249,1272,Breached,2026-10-01 00:00:00,Synthetic
ALT-01108,2026-09-30 00:58:00,2026-09-30,2026-09-30 04:32:00,2026-09-30 12:11:00,Low,4,Suspicious email attachment,Email,T1566.001,WS-029,Analyst B,Closed,Benign Positive,240,214,673,Met,2026-10-01 00:00:00,Synthetic
ALT-01109,2026-09-19 00:25:00,2026-09-19,2026-09-19 01:40:00,,High,2,Large outbound transfer,Network,T1041,WS-011,Analyst C,In Progress,Pending,30,75,,Breached,2026-10-01 00:00:00,Synthetic
ALT-01110,2026-09-12 14:00:00,2026-09-12,2026-09-12 16:33:00,,Medium,3,Suspicious PowerShell,Endpoint,T1059.001,WS-029,Analyst C,In Progress,Pending,120,153,,Breached,2026-10-01 00:00:00,Synthetic
ALT-01111,2026-09-11 11:24:00,2026-09-11,2026-09-11 14:18:00,2026-09-12 05:00:00,Medium,3,Large outbound transfer,Network,T1041,WS-028,Analyst D,Closed,False Positive,120,174,1056,Breached,2026-10-01 00:00:00,Synthetic
ALT-01112,2026-09-17 17:25:00,2026-09-17,2026-09-17 17:52:00,2026-09-18 00:09:00,Low,4,Periodic outbound connection,Network,T1071.001,WS-017,Analyst A,Closed,False Positive,240,27,404,Met,2026-10-01 00:00:00,Synthetic
ALT-01113,2026-09-17 08:13:00,2026-09-17,2026-09-17 17:00:00,,Low,4,Periodic outbound connection,Network,T1071.001,WS-035,Analyst A,In Progress,Pending,240,527,,Breached,2026-10-01 00:00:00,Synthetic
ALT-01114,2026-09-13 13:55:00,2026-09-13,2026-09-13 20:05:00,2026-09-13 21:33:00,Low,4,Repeated authentication failures,Identity,T1110,WS-022,Analyst B,Closed,False Positive,240,370,458,Breached,2026-10-01 00:00:00,Synthetic
ALT-01115,2026-09-15 23:37:00,2026-09-15,2026-09-16 01:06:00,,High,2,Unusual remote access,Identity,T1078,WS-055,Analyst C,In Progress,Pending,30,89,,Breached,2026-10-01 00:00:00,Synthetic
ALT-01116,2026-09-09 16:13:00,2026-09-09,,,Medium,3,Suspicious PowerShell,Endpoint,T1059.001,WS-049,Unassigned,New,Pending,120,,,Breached,2026-10-01 00:00:00,Synthetic
ALT-01117,2026-09-25 17:14:00,2026-09-25,2026-09-25 22:04:00,,Low,4,Repeated authentication failures,Identity,T1110,WS-053,Analyst C,In Progress,Pending,240,290,,Breached,2026-10-01 00:00:00,Synthetic
ALT-01118,2026-09-19 09:04:00,2026-09-19,2026-09-19 09:18:00,,Low,4,Suspicious email attachment,Email,T1566.001,WS-031,Analyst B,In Progress,Pending,240,14,,Met,2026-10-01 00:00:00,Synthetic
ALT-01119,2026-09-19 02:10:00,2026-09-19,2026-09-19 03:12:00,,High,2,Unusual remote access,Identity,T1078,WS-015,Analyst D,In Progress,Pending,30,62,,Breached,2026-10-01 00:00:00,Synthetic
ALT-01120,2026-09-21 23:58:00,2026-09-21,2026-09-22 01:36:00,2026-09-22 16:24:00,Medium,3,Repeated authentication failures,Identity,T1110,WS-045,Analyst D,Closed,False Positive,120,98,986,Met,2026-10-01 00:00:00,Synthetic
ALT-01121,2026-09-10 12:55:00,2026-09-10,2026-09-10 14:08:00,2026-09-11 10:00:00,Medium,3,Suspicious email attachment,Email,T1566.001,WS-020,Analyst A,Closed,Benign Positive,120,73,1265,Met,2026-10-01 00:00:00,Synthetic
ALT-01122,2026-09-23 17:54:00,2026-09-23,2026-09-24 01:05:00,2026-09-24 15:46:00,Low,4,Periodic outbound connection,Network,T1071.001,WS-026,Analyst C,Closed,False Positive,240,431,1312,Breached,2026-10-01 00:00:00,Synthetic
ALT-01123,2026-09-15 20:09:00,2026-09-15,2026-09-15 21:22:00,,Medium,3,Suspicious email attachment,Email,T1566.001,WS-010,Analyst C,In Progress,Pending,120,73,,Met,2026-10-01 00:00:00,Synthetic
ALT-01124,2026-09-26 20:36:00,2026-09-26,,,Medium,3,Suspicious email attachment,Email,T1566.001,WS-037,Unassigned,New,Pending,120,,,Breached,2026-10-01 00:00:00,Synthetic
ALT-01125,2026-09-18 18:57:00,2026-09-18,,,Low,4,Suspicious PowerShell,Endpoint,T1059.001,WS-005,Unassigned,New,Pending,240,,,Breached,2026-10-01 00:00:00,Synthetic
ALT-01126,2026-09-25 07:48:00,2026-09-25,2026-09-25 12:41:00,2026-09-26 04:15:00,Medium,3,Large outbound transfer,Network,T1041,WS-020,Analyst A,Closed,False Positive,120,293,1227,Breached,2026-10-01 00:00:00,Synthetic
ALT-01127,2026-09-08 19:14:00,2026-09-08,2026-09-08 20:44:00,2026-09-09 17:29:00,High,2,Suspicious email attachment,Email,T1566.001,WS-012,Analyst B,Closed,False Positive,30,90,1335,Breached,2026-10-01 00:00:00,Synthetic
ALT-01128,2026-09-04 03:54:00,2026-09-04,2026-09-04 07:54:00,2026-09-04 18:00:00,Low,4,Large outbound transfer,Network,T1041,WS-005,Analyst D,Closed,False Positive,240,240,846,Met,2026-10-01 00:00:00,Synthetic
ALT-01129,2026-09-03 14:45:00,2026-09-03,2026-09-03 18:17:00,2026-09-04 07:47:00,Medium,3,Repeated authentication failures,Identity,T1110,WS-008,Analyst B,Closed,True Positive,120,212,1022,Breached,2026-10-01 00:00:00,Synthetic
ALT-01130,2026-09-25 09:56:00,2026-09-25,2026-09-25 11:43:00,2026-09-25 16:19:00,Medium,3,Unusual remote access,Identity,T1078,WS-020,Analyst D,Closed,Benign Positive,120,107,383,Met,2026-10-01 00:00:00,Synthetic
ALT-01131,2026-09-22 14:35:00,2026-09-22,,,High,2,Suspicious email attachment,Email,T1566.001,WS-038,Unassigned,New,Pending,30,,,Breached,2026-10-01 00:00:00,Synthetic
ALT-01132,2026-09-10 05:42:00,2026-09-10,2026-09-10 07:27:00,2026-09-10 07:52:00,Medium,3,Unusual remote access,Identity,T1078,WS-029,Analyst A,Closed,Benign Positive,120,105,130,Met,2026-10-01 00:00:00,Synthetic
ALT-01133,2026-09-19 04:04:00,2026-09-19,2026-09-19 08:57:00,2026-09-20 01:52:00,Medium,3,Suspicious PowerShell,Endpoint,T1059.001,WS-037,Analyst A,Closed,False Positive,120,293,1308,Breached,2026-10-01 00:00:00,Synthetic
ALT-01134,2026-09-05 03:30:00,2026-09-05,2026-09-05 04:10:00,2026-09-05 17:40:00,High,2,Large outbound transfer,Network,T1041,WS-052,Analyst B,Closed,False Positive,30,40,850,Breached,2026-10-01 00:00:00,Synthetic
ALT-01135,2026-09-19 21:20:00,2026-09-19,2026-09-19 22:20:00,,High,2,Suspicious email attachment,Email,T1566.001,WS-025,Analyst B,In Progress,Pending,30,60,,Breached,2026-10-01 00:00:00,Synthetic
ALT-01136,2026-09-26 21:04:00,2026-09-26,,,High,2,Unusual remote access,Identity,T1078,WS-016,Unassigned,New,Pending,30,,,Breached,2026-10-01 00:00:00,Synthetic
ALT-01137,2026-09-08 04:30:00,2026-09-08,2026-09-08 05:57:00,2026-09-08 08:23:00,High,2,Unusual remote access,Identity,T1078,WS-047,Analyst B,Closed,False Positive,30,87,233,Breached,2026-10-01 00:00:00,Synthetic
ALT-01138,2026-09-23 11:01:00,2026-09-23,2026-09-23 14:11:00,2026-09-23 16:57:00,Medium,3,Suspicious email attachment,Email,T1566.001,WS-033,Analyst C,Closed,False Positive,120,190,356,Breached,2026-10-01 00:00:00,Synthetic
ALT-01139,2026-09-19 15:56:00,2026-09-19,2026-09-19 16:20:00,2026-09-20 08:16:00,Medium,3,Periodic outbound connection,Network,T1071.001,WS-041,Analyst D,Closed,True Positive,120,24,980,Met,2026-10-01 00:00:00,Synthetic
ALT-01140,2026-09-18 08:19:00,2026-09-18,2026-09-18 11:44:00,,Medium,3,Large outbound transfer,Network,T1041,WS-003,Analyst A,In Progress,Pending,120,205,,Breached,2026-10-01 00:00:00,Synthetic
ALT-01141,2026-09-12 09:43:00,2026-09-12,2026-09-12 10:44:00,2026-09-13 03:26:00,High,2,Suspicious PowerShell,Endpoint,T1059.001,WS-006,Analyst B,Closed,False Positive,30,61,1063,Breached,2026-10-01 00:00:00,Synthetic
ALT-01142,2026-09-20 22:06:00,2026-09-20,2026-09-20 22:29:00,,High,2,Periodic outbound connection,Network,T1071.001,WS-054,Analyst A,In Progress,Pending,30,23,,Met,2026-10-01 00:00:00,Synthetic
ALT-01143,2026-09-28 14:59:00,2026-09-28,2026-09-28 15:51:00,2026-09-28 21:45:00,High,2,Periodic outbound connection,Network,T1071.001,WS-049,Analyst A,Closed,True Positive,30,52,406,Breached,2026-10-01 00:00:00,Synthetic
ALT-01144,2026-09-13 10:27:00,2026-09-13,2026-09-13 10:33:00,2026-09-14 09:45:00,High,2,Periodic outbound connection,Network,T1071.001,WS-029,Analyst A,Closed,False Positive,30,6,1398,Met,2026-10-01 00:00:00,Synthetic
ALT-01145,2026-09-29 21:21:00,2026-09-29,2026-09-30 08:38:00,2026-09-30 12:18:00,Low,4,Unusual remote access,Identity,T1078,WS-020,Analyst D,Closed,False Positive,240,677,897,Breached,2026-10-01 00:00:00,Synthetic
ALT-01146,2026-09-03 09:15:00,2026-09-03,2026-09-03 11:00:00,,Medium,3,Repeated authentication failures,Identity,T1110,WS-060,Analyst B,In Progress,Pending,120,105,,Met,2026-10-01 00:00:00,Synthetic
ALT-01147,2026-09-18 01:12:00,2026-09-18,2026-09-18 08:25:00,2026-09-18 09:32:00,Low,4,Suspicious PowerShell,Endpoint,T1059.001,WS-022,Analyst B,Closed,Benign Positive,240,433,500,Breached,2026-10-01 00:00:00,Synthetic
ALT-01148,2026-09-03 21:00:00,2026-09-03,2026-09-03 22:27:00,,High,2,Repeated authentication failures,Identity,T1110,WS-011,Analyst B,In Progress,Pending,30,87,,Breached,2026-10-01 00:00:00,Synthetic
ALT-01149,2026-09-03 00:04:00,2026-09-03,2026-09-03 02:51:00,,Medium,3,Repeated authentication failures,Identity,T1110,WS-036,Analyst B,In Progress,Pending,120,167,,Breached,2026-10-01 00:00:00,Synthetic
ALT-01150,2026-09-29 10:18:00,2026-09-29,2026-09-29 11:14:00,2026-09-29 15:31:00,High,2,Suspicious email attachment,Email,T1566.001,WS-007,Analyst C,Closed,True Positive,30,56,313,Breached,2026-10-01 00:00:00,Synthetic
ALT-01151,2026-09-15 17:12:00,2026-09-15,2026-09-15 17:15:00,2026-09-16 06:42:00,High,2,Large outbound transfer,Network,T1041,WS-015,Analyst A,Closed,True Positive,30,3,810,Met,2026-10-01 00:00:00,Synthetic
ALT-01152,2026-09-30 22:40:00,2026-09-30,2026-09-30 23:26:00,,Low,4,Unusual remote access,Identity,T1078,WS-057,Analyst B,In Progress,Pending,240,46,,Met,2026-10-01 00:00:00,Synthetic
ALT-01153,2026-09-19 17:01:00,2026-09-19,2026-09-19 17:55:00,2026-09-20 12:23:00,Medium,3,Suspicious email attachment,Email,T1566.001,WS-060,Analyst B,Closed,False Positive,120,54,1162,Met,2026-10-01 00:00:00,Synthetic
ALT-01154,2026-09-12 11:11:00,2026-09-12,2026-09-12 21:59:00,2026-09-13 21:55:00,Low,4,Suspicious email attachment,Email,T1566.001,WS-060,Analyst B,Closed,False Positive,240,648,2084,Breached,2026-10-01 00:00:00,Synthetic
ALT-01155,2026-09-16 02:41:00,2026-09-16,2026-09-16 04:08:00,2026-09-16 20:45:00,High,2,Unusual remote access,Identity,T1078,WS-002,Analyst D,Closed,True Positive,30,87,1084,Breached,2026-10-01 00:00:00,Synthetic
ALT-01156,2026-09-18 09:39:00,2026-09-18,2026-09-18 14:41:00,2026-09-18 15:18:00,Medium,3,Unusual remote access,Identity,T1078,WS-040,Analyst A,Closed,True Positive,120,302,339,Breached,2026-10-01 00:00:00,Synthetic
ALT-01157,2026-09-15 01:20:00,2026-09-15,2026-09-15 02:41:00,,High,2,Large outbound transfer,Network,T1041,WS-006,Analyst A,In Progress,Pending,30,81,,Breached,2026-10-01 00:00:00,Synthetic
ALT-01158,2026-09-07 06:14:00,2026-09-07,2026-09-07 09:28:00,2026-09-07 16:36:00,Medium,3,Periodic outbound connection,Network,T1071.001,WS-016,Analyst D,Closed,False Positive,120,194,622,Breached,2026-10-01 00:00:00,Synthetic
ALT-01159,2026-09-15 23:01:00,2026-09-15,2026-09-15 23:08:00,2026-09-16 17:04:00,High,2,Periodic outbound connection,Network,T1071.001,WS-027,Analyst C,Closed,False Positive,30,7,1083,Met,2026-10-01 00:00:00,Synthetic
ALT-01160,2026-09-02 01:52:00,2026-09-02,2026-09-02 02:25:00,2026-09-02 09:36:00,High,2,Unusual remote access,Identity,T1078,WS-059,Analyst B,Closed,False Positive,30,33,464,Breached,2026-10-01 00:00:00,Synthetic
ALT-01161,2026-09-11 02:58:00,2026-09-11,2026-09-11 04:33:00,2026-09-11 19:48:00,Medium,3,Large outbound transfer,Network,T1041,WS-005,Analyst D,Closed,False Positive,120,95,1010,Met,2026-10-01 00:00:00,Synthetic
ALT-01162,2026-09-04 04:26:00,2026-09-04,2026-09-04 06:52:00,2026-09-04 14:00:00,Low,4,Repeated authentication failures,Identity,T1110,WS-012,Analyst B,Closed,True Positive,240,146,574,Met,2026-10-01 00:00:00,Synthetic
ALT-01163,2026-09-11 18:06:00,2026-09-11,2026-09-11 20:47:00,,Medium,3,Large outbound transfer,Network,T1041,WS-011,Analyst B,In Progress,Pending,120,161,,Breached,2026-10-01 00:00:00,Synthetic
ALT-01164,2026-09-12 03:31:00,2026-09-12,2026-09-12 05:59:00,2026-09-13 01:49:00,Medium,3,Suspicious email attachment,Email,T1566.001,WS-041,Analyst B,Closed,False Positive,120,148,1338,Breached,2026-10-01 00:00:00,Synthetic
ALT-01165,2026-09-13 08:56:00,2026-09-13,2026-09-13 15:06:00,2026-09-14 04:51:00,Low,4,Large outbound transfer,Network,T1041,WS-031,Analyst D,Closed,False Positive,240,370,1195,Breached,2026-10-01 00:00:00,Synthetic
ALT-01166,2026-09-20 05:41:00,2026-09-20,2026-09-20 07:02:00,2026-09-20 23:39:00,Medium,3,Unusual remote access,Identity,T1078,WS-025,Analyst D,Closed,True Positive,120,81,1078,Met,2026-10-01 00:00:00,Synthetic
ALT-01167,2026-09-04 18:54:00,2026-09-04,2026-09-04 21:32:00,2026-09-05 16:34:00,Low,4,Periodic outbound connection,Network,T1071.001,WS-017,Analyst D,Closed,False Positive,240,158,1300,Met,2026-10-01 00:00:00,Synthetic
ALT-01168,2026-09-22 02:25:00,2026-09-22,2026-09-22 07:37:00,2026-09-23 00:11:00,Medium,3,Periodic outbound connection,Network,T1071.001,WS-009,Analyst D,Closed,True Positive,120,312,1306,Breached,2026-10-01 00:00:00,Synthetic
ALT-01169,2026-09-09 21:46:00,2026-09-09,2026-09-09 22:52:00,2026-09-10 11:48:00,High,2,Suspicious PowerShell,Endpoint,T1059.001,WS-060,Analyst D,Closed,False Positive,30,66,842,Breached,2026-10-01 00:00:00,Synthetic
ALT-01170,2026-09-18 23:03:00,2026-09-18,2026-09-19 04:20:00,2026-09-20 02:22:00,Low,4,Periodic outbound connection,Network,T1071.001,WS-005,Analyst D,Closed,Benign Positive,240,317,1639,Breached,2026-10-01 00:00:00,Synthetic
ALT-01171,2026-09-02 18:24:00,2026-09-02,2026-09-03 04:05:00,2026-09-03 09:47:00,Low,4,Repeated authentication failures,Identity,T1110,WS-028,Analyst C,Closed,True Positive,240,581,923,Breached,2026-10-01 00:00:00,Synthetic
ALT-01172,2026-09-16 20:44:00,2026-09-16,2026-09-16 23:54:00,2026-09-17 23:50:00,Medium,3,Large outbound transfer,Network,T1041,WS-025,Analyst D,Closed,True Positive,120,190,1626,Breached,2026-10-01 00:00:00,Synthetic
ALT-01173,2026-09-12 05:33:00,2026-09-12,,,High,2,Repeated authentication failures,Identity,T1110,WS-024,Unassigned,New,Pending,30,,,Breached,2026-10-01 00:00:00,Synthetic
ALT-01174,2026-09-29 17:10:00,2026-09-29,2026-09-29 22:42:00,2026-09-30 03:54:00,Medium,3,Repeated authentication failures,Identity,T1110,WS-030,Analyst B,Closed,True Positive,120,332,644,Breached,2026-10-01 00:00:00,Synthetic
ALT-01175,2026-09-12 13:45:00,2026-09-12,,,High,2,Suspicious email attachment,Email,T1566.001,WS-054,Unassigned,New,Pending,30,,,Breached,2026-10-01 00:00:00,Synthetic
ALT-01176,2026-09-08 08:19:00,2026-09-08,2026-09-08 08:45:00,2026-09-08 22:29:00,Critical,1,Repeated authentication failures,Identity,T1110,WS-058,Analyst A,Closed,False Positive,15,26,850,Breached,2026-10-01 00:00:00,Synthetic
ALT-01177,2026-09-24 14:22:00,2026-09-24,2026-09-24 21:41:00,2026-09-25 06:28:00,Low,4,Large outbound transfer,Network,T1041,WS-033,Analyst D,Closed,False Positive,240,439,966,Breached,2026-10-01 00:00:00,Synthetic
ALT-01178,2026-09-27 16:09:00,2026-09-27,2026-09-27 16:56:00,,Medium,3,Large outbound transfer,Network,T1041,WS-007,Analyst C,In Progress,Pending,120,47,,Met,2026-10-01 00:00:00,Synthetic
ALT-01179,2026-09-07 11:52:00,2026-09-07,,,High,2,Suspicious PowerShell,Endpoint,T1059.001,WS-026,Unassigned,New,Pending,30,,,Breached,2026-10-01 00:00:00,Synthetic
ALT-01180,2026-09-15 00:31:00,2026-09-15,2026-09-15 00:33:00,,Critical,1,Suspicious PowerShell,Endpoint,T1059.001,WS-007,Analyst A,In Progress,Pending,15,2,,Met,2026-10-01 00:00:00,Synthetic
ALT-01181,2026-09-20 00:23:00,2026-09-20,2026-09-20 04:05:00,2026-09-20 10:04:00,Medium,3,Unusual remote access,Identity,T1078,WS-012,Analyst B,Closed,True Positive,120,222,581,Breached,2026-10-01 00:00:00,Synthetic
ALT-01182,2026-09-10 00:17:00,2026-09-10,,,Medium,3,Suspicious email attachment,Email,T1566.001,WS-029,Unassigned,New,Pending,120,,,Breached,2026-10-01 00:00:00,Synthetic
ALT-01183,2026-09-26 19:24:00,2026-09-26,2026-09-26 22:33:00,2026-09-27 05:15:00,Low,4,Suspicious PowerShell,Endpoint,T1059.001,WS-058,Analyst D,Closed,True Positive,240,189,591,Met,2026-10-01 00:00:00,Synthetic
ALT-01184,2026-09-21 01:23:00,2026-09-21,2026-09-21 06:50:00,2026-09-21 12:40:00,Medium,3,Suspicious email attachment,Email,T1566.001,WS-006,Analyst D,Closed,True Positive,120,327,677,Breached,2026-10-01 00:00:00,Synthetic
ALT-01185,2026-09-06 16:11:00,2026-09-06,2026-09-06 16:43:00,2026-09-07 09:11:00,High,2,Periodic outbound connection,Network,T1071.001,WS-049,Analyst A,Closed,False Positive,30,32,1020,Breached,2026-10-01 00:00:00,Synthetic
ALT-01186,2026-09-01 10:23:00,2026-09-01,2026-09-01 10:27:00,2026-09-01 13:55:00,Critical,1,Repeated authentication failures,Identity,T1110,WS-051,Analyst A,Closed,True Positive,15,4,212,Met,2026-10-01 00:00:00,Synthetic
ALT-01187,2026-09-18 02:19:00,2026-09-18,,,Medium,3,Periodic outbound connection,Network,T1071.001,WS-031,Unassigned,New,Pending,120,,,Breached,2026-10-01 00:00:00,Synthetic
ALT-01188,2026-09-16 08:07:00,2026-09-16,2026-09-16 11:04:00,2026-09-16 21:59:00,Medium,3,Periodic outbound connection,Network,T1071.001,WS-024,Analyst D,Closed,Benign Positive,120,177,832,Breached,2026-10-01 00:00:00,Synthetic
ALT-01189,2026-09-18 05:21:00,2026-09-18,2026-09-18 06:14:00,,Medium,3,Periodic outbound connection,Network,T1071.001,WS-001,Analyst D,In Progress,Pending,120,53,,Met,2026-10-01 00:00:00,Synthetic
ALT-01190,2026-09-19 06:52:00,2026-09-19,2026-09-19 07:56:00,2026-09-20 02:12:00,Medium,3,Suspicious PowerShell,Endpoint,T1059.001,WS-045,Analyst B,Closed,True Positive,120,64,1160,Met,2026-10-01 00:00:00,Synthetic
ALT-01191,2026-09-17 18:25:00,2026-09-17,2026-09-17 22:30:00,2026-09-18 16:14:00,Medium,3,Unusual remote access,Identity,T1078,WS-013,Analyst A,Closed,False Positive,120,245,1309,Breached,2026-10-01 00:00:00,Synthetic
ALT-01192,2026-09-30 00:56:00,2026-09-30,2026-09-30 07:06:00,2026-09-30 08:49:00,Low,4,Periodic outbound connection,Network,T1071.001,WS-048,Analyst C,Closed,Benign Positive,240,370,473,Breached,2026-10-01 00:00:00,Synthetic
ALT-01193,2026-09-21 05:18:00,2026-09-21,2026-09-21 06:38:00,2026-09-21 09:34:00,High,2,Large outbound transfer,Network,T1041,WS-060,Analyst D,Closed,False Positive,30,80,256,Breached,2026-10-01 00:00:00,Synthetic
ALT-01194,2026-09-30 23:04:00,2026-09-30,,,Low,4,Repeated authentication failures,Identity,T1110,WS-039,Unassigned,New,Pending,240,,,Pending,2026-10-01 00:00:00,Synthetic
ALT-01195,2026-09-09 21:04:00,2026-09-09,2026-09-10 01:24:00,,Medium,3,Suspicious email attachment,Email,T1566.001,WS-003,Analyst B,In Progress,Pending,120,260,,Breached,2026-10-01 00:00:00,Synthetic
ALT-01196,2026-09-23 15:52:00,2026-09-23,2026-09-24 01:15:00,,Low,4,Periodic outbound connection,Network,T1071.001,WS-056,Analyst D,In Progress,Pending,240,563,,Breached,2026-10-01 00:00:00,Synthetic
ALT-01197,2026-09-08 15:33:00,2026-09-08,2026-09-09 00:48:00,2026-09-09 09:11:00,Low,4,Repeated authentication failures,Identity,T1110,WS-011,Analyst A,Closed,True Positive,240,555,1058,Breached,2026-10-01 00:00:00,Synthetic
ALT-01198,2026-09-05 19:12:00,2026-09-05,2026-09-05 22:01:00,2026-09-06 11:16:00,Medium,3,Unusual remote access,Identity,T1078,WS-015,Analyst C,Closed,False Positive,120,169,964,Breached,2026-10-01 00:00:00,Synthetic
ALT-01199,2026-09-22 16:14:00,2026-09-22,2026-09-22 18:35:00,2026-09-23 12:59:00,Low,4,Unusual remote access,Identity,T1078,WS-032,Analyst A,Closed,False Positive,240,141,1245,Met,2026-10-01 00:00:00,Synthetic
ALT-01200,2026-09-16 03:30:00,2026-09-16,2026-09-16 13:47:00,,Low,4,Suspicious email attachment,Email,T1566.001,WS-005,Analyst C,In Progress,Pending,240,617,,Breached,2026-10-01 00:00:00,Synthetic
ALT-01201,2026-09-18 03:47:00,2026-09-18,2026-09-18 10:19:00,,Low,4,Unusual remote access,Identity,T1078,WS-042,Analyst D,In Progress,Pending,240,392,,Breached,2026-10-01 00:00:00,Synthetic
ALT-01202,2026-09-11 14:53:00,2026-09-11,2026-09-11 15:09:00,2026-09-11 18:21:00,High,2,Repeated authentication failures,Identity,T1110,WS-038,Analyst B,Closed,False Positive,30,16,208,Met,2026-10-01 00:00:00,Synthetic
ALT-01203,2026-09-06 06:49:00,2026-09-06,2026-09-06 10:05:00,,Medium,3,Suspicious PowerShell,Endpoint,T1059.001,WS-037,Analyst A,In Progress,Pending,120,196,,Breached,2026-10-01 00:00:00,Synthetic
ALT-01204,2026-09-15 03:28:00,2026-09-15,2026-09-15 03:54:00,2026-09-15 18:31:00,Critical,1,Suspicious email attachment,Email,T1566.001,WS-024,Analyst B,Closed,True Positive,15,26,903,Breached,2026-10-01 00:00:00,Synthetic
ALT-01205,2026-09-24 15:42:00,2026-09-24,2026-09-24 19:06:00,2026-09-24 19:34:00,Medium,3,Suspicious email attachment,Email,T1566.001,WS-030,Analyst C,Closed,False Positive,120,204,232,Breached,2026-10-01 00:00:00,Synthetic
ALT-01206,2026-09-07 14:03:00,2026-09-07,2026-09-07 22:36:00,,Low,4,Periodic outbound connection,Network,T1071.001,WS-044,Analyst D,In Progress,Pending,240,513,,Breached,2026-10-01 00:00:00,Synthetic
ALT-01207,2026-09-07 17:01:00,2026-09-07,2026-09-07 17:20:00,,Medium,3,Suspicious PowerShell,Endpoint,T1059.001,WS-039,Analyst C,In Progress,Pending,120,19,,Met,2026-10-01 00:00:00,Synthetic
ALT-01208,2026-09-15 01:23:00,2026-09-15,2026-09-15 06:18:00,2026-09-15 22:47:00,Medium,3,Unusual remote access,Identity,T1078,WS-014,Analyst D,Closed,False Positive,120,295,1284,Breached,2026-10-01 00:00:00,Synthetic
ALT-01209,2026-09-14 06:23:00,2026-09-14,2026-09-14 09:15:00,2026-09-14 14:37:00,Medium,3,Large outbound transfer,Network,T1041,WS-014,Analyst B,Closed,Benign Positive,120,172,494,Breached,2026-10-01 00:00:00,Synthetic
ALT-01210,2026-09-03 09:24:00,2026-09-03,2026-09-03 16:07:00,,Low,4,Suspicious PowerShell,Endpoint,T1059.001,WS-020,Analyst B,In Progress,Pending,240,403,,Breached,2026-10-01 00:00:00,Synthetic
ALT-01211,2026-09-01 23:33:00,2026-09-01,2026-09-02 03:37:00,2026-09-02 15:40:00,Medium,3,Periodic outbound connection,Network,T1071.001,WS-026,Analyst A,Closed,False Positive,120,244,967,Breached,2026-10-01 00:00:00,Synthetic
ALT-01212,2026-09-25 00:32:00,2026-09-25,2026-09-25 02:13:00,2026-09-25 21:05:00,Medium,3,Periodic outbound connection,Network,T1071.001,WS-009,Analyst C,Closed,False Positive,120,101,1233,Met,2026-10-01 00:00:00,Synthetic
ALT-01213,2026-09-27 09:56:00,2026-09-27,2026-09-27 15:09:00,,Low,4,Repeated authentication failures,Identity,T1110,WS-030,Analyst B,In Progress,Pending,240,313,,Breached,2026-10-01 00:00:00,Synthetic
ALT-01214,2026-09-27 06:24:00,2026-09-27,2026-09-27 06:44:00,2026-09-27 14:03:00,High,2,Unusual remote access,Identity,T1078,WS-048,Analyst B,Closed,True Positive,30,20,459,Met,2026-10-01 00:00:00,Synthetic
ALT-01215,2026-09-30 15:19:00,2026-09-30,2026-09-30 15:27:00,,Critical,1,Unusual remote access,Identity,T1078,WS-044,Analyst B,In Progress,Pending,15,8,,Met,2026-10-01 00:00:00,Synthetic
ALT-01216,2026-09-18 03:17:00,2026-09-18,2026-09-18 06:11:00,2026-09-18 08:16:00,Low,4,Large outbound transfer,Network,T1041,WS-031,Analyst B,Closed,True Positive,240,174,299,Met,2026-10-01 00:00:00,Synthetic
ALT-01217,2026-09-03 09:18:00,2026-09-03,2026-09-03 10:35:00,2026-09-04 01:33:00,High,2,Suspicious email attachment,Email,T1566.001,WS-041,Analyst D,Closed,Benign Positive,30,77,975,Breached,2026-10-01 00:00:00,Synthetic
ALT-01218,2026-09-12 03:36:00,2026-09-12,2026-09-12 03:57:00,2026-09-13 03:35:00,Critical,1,Suspicious PowerShell,Endpoint,T1059.001,WS-012,Analyst D,Closed,False Positive,15,21,1439,Breached,2026-10-01 00:00:00,Synthetic
ALT-01219,2026-09-30 23:16:00,2026-09-30,,,High,2,Large outbound transfer,Network,T1041,WS-025,Unassigned,New,Pending,30,,,Breached,2026-10-01 00:00:00,Synthetic
ALT-01220,2026-09-13 12:36:00,2026-09-13,2026-09-13 13:39:00,2026-09-13 17:47:00,Medium,3,Large outbound transfer,Network,T1041,WS-032,Analyst B,Closed,True Positive,120,63,311,Met,2026-10-01 00:00:00,Synthetic
ALT-01221,2026-09-02 01:09:00,2026-09-02,2026-09-02 07:06:00,2026-09-02 10:29:00,Medium,3,Suspicious email attachment,Email,T1566.001,WS-012,Analyst D,Closed,False Positive,120,357,560,Breached,2026-10-01 00:00:00,Synthetic
ALT-01222,2026-09-23 00:51:00,2026-09-23,2026-09-23 10:38:00,2026-09-23 15:04:00,Low,4,Unusual remote access,Identity,T1078,WS-005,Analyst B,Closed,True Positive,240,587,853,Breached,2026-10-01 00:00:00,Synthetic
ALT-01223,2026-09-19 10:43:00,2026-09-19,2026-09-19 19:54:00,2026-09-20 14:09:00,Low,4,Repeated authentication failures,Identity,T1110,WS-034,Analyst A,Closed,False Positive,240,551,1646,Breached,2026-10-01 00:00:00,Synthetic
ALT-01224,2026-09-10 10:36:00,2026-09-10,2026-09-10 20:51:00,2026-09-11 20:44:00,Low,4,Repeated authentication failures,Identity,T1110,WS-036,Analyst D,Closed,True Positive,240,615,2048,Breached,2026-10-01 00:00:00,Synthetic
ALT-01225,2026-09-15 07:17:00,2026-09-15,2026-09-15 08:42:00,2026-09-15 14:22:00,High,2,Suspicious PowerShell,Endpoint,T1059.001,WS-017,Analyst A,Closed,True Positive,30,85,425,Breached,2026-10-01 00:00:00,Synthetic
ALT-01226,2026-09-04 20:25:00,2026-09-04,2026-09-05 05:44:00,2026-09-05 11:45:00,Low,4,Suspicious email attachment,Email,T1566.001,WS-043,Analyst A,Closed,False Positive,240,559,920,Breached,2026-10-01 00:00:00,Synthetic
ALT-01227,2026-09-12 07:15:00,2026-09-12,,,Medium,3,Suspicious email attachment,Email,T1566.001,WS-019,Unassigned,New,Pending,120,,,Breached,2026-10-01 00:00:00,Synthetic
ALT-01228,2026-09-30 23:58:00,2026-09-30,,,Medium,3,Suspicious PowerShell,Endpoint,T1059.001,WS-034,Unassigned,New,Pending,120,,,Pending,2026-10-01 00:00:00,Synthetic
ALT-01229,2026-09-17 00:36:00,2026-09-17,2026-09-17 01:28:00,2026-09-18 00:15:00,Medium,3,Suspicious email attachment,Email,T1566.001,WS-016,Analyst A,Closed,Benign Positive,120,52,1419,Met,2026-10-01 00:00:00,Synthetic
ALT-01230,2026-09-09 13:25:00,2026-09-09,,,High,2,Suspicious PowerShell,Endpoint,T1059.001,WS-039,Unassigned,New,Pending,30,,,Breached,2026-10-01 00:00:00,Synthetic
ALT-01231,2026-09-26 03:00:00,2026-09-26,2026-09-26 04:21:00,2026-09-26 18:55:00,High,2,Periodic outbound connection,Network,T1071.001,WS-017,Analyst C,Closed,True Positive,30,81,955,Breached,2026-10-01 00:00:00,Synthetic
ALT-01232,2026-09-18 09:00:00,2026-09-18,2026-09-18 09:44:00,2026-09-18 18:34:00,Medium,3,Suspicious PowerShell,Endpoint,T1059.001,WS-045,Analyst B,Closed,False Positive,120,44,574,Met,2026-10-01 00:00:00,Synthetic
ALT-01233,2026-09-25 09:21:00,2026-09-25,2026-09-25 10:44:00,,High,2,Unusual remote access,Identity,T1078,WS-045,Analyst B,In Progress,Pending,30,83,,Breached,2026-10-01 00:00:00,Synthetic
ALT-01234,2026-09-17 22:28:00,2026-09-17,2026-09-18 03:39:00,,Medium,3,Unusual remote access,Identity,T1078,WS-011,Analyst D,In Progress,Pending,120,311,,Breached,2026-10-01 00:00:00,Synthetic
ALT-01235,2026-09-07 23:39:00,2026-09-07,2026-09-08 04:50:00,2026-09-08 13:26:00,Medium,3,Large outbound transfer,Network,T1041,WS-008,Analyst A,Closed,True Positive,120,311,827,Breached,2026-10-01 00:00:00,Synthetic
ALT-01236,2026-09-25 22:57:00,2026-09-25,2026-09-26 02:04:00,2026-09-26 13:37:00,Medium,3,Periodic outbound connection,Network,T1071.001,WS-010,Analyst B,Closed,False Positive,120,187,880,Breached,2026-10-01 00:00:00,Synthetic
ALT-01237,2026-09-13 10:53:00,2026-09-13,,,Critical,1,Large outbound transfer,Network,T1041,WS-015,Unassigned,New,Pending,15,,,Breached,2026-10-01 00:00:00,Synthetic
ALT-01238,2026-09-18 05:34:00,2026-09-18,2026-09-18 10:49:00,2026-09-19 07:04:00,Low,4,Repeated authentication failures,Identity,T1110,WS-032,Analyst A,Closed,Benign Positive,240,315,1530,Breached,2026-10-01 00:00:00,Synthetic
ALT-01239,2026-09-25 01:45:00,2026-09-25,2026-09-25 06:29:00,,Medium,3,Suspicious email attachment,Email,T1566.001,WS-018,Analyst A,In Progress,Pending,120,284,,Breached,2026-10-01 00:00:00,Synthetic
ALT-01240,2026-09-03 04:23:00,2026-09-03,2026-09-03 05:51:00,2026-09-04 00:09:00,High,2,Large outbound transfer,Network,T1041,WS-057,Analyst D,Closed,False Positive,30,88,1186,Breached,2026-10-01 00:00:00,Synthetic
ALT-01241,2026-09-22 16:51:00,2026-09-22,2026-09-22 21:15:00,2026-09-23 02:43:00,Medium,3,Periodic outbound connection,Network,T1071.001,WS-010,Analyst D,Closed,False Positive,120,264,592,Breached,2026-10-01 00:00:00,Synthetic
ALT-01242,2026-09-26 19:55:00,2026-09-26,,,Medium,3,Repeated authentication failures,Identity,T1110,WS-041,Unassigned,New,Pending,120,,,Breached,2026-10-01 00:00:00,Synthetic
ALT-01243,2026-09-17 20:18:00,2026-09-17,2026-09-17 23:54:00,2026-09-18 15:41:00,Medium,3,Suspicious PowerShell,Endpoint,T1059.001,WS-023,Analyst D,Closed,True Positive,120,216,1163,Breached,2026-10-01 00:00:00,Synthetic
ALT-01244,2026-09-23 20:34:00,2026-09-23,2026-09-23 21:05:00,2026-09-24 07:40:00,High,2,Large outbound transfer,Network,T1041,WS-006,Analyst C,Closed,False Positive,30,31,666,Breached,2026-10-01 00:00:00,Synthetic
ALT-01245,2026-09-19 12:01:00,2026-09-19,2026-09-19 13:21:00,2026-09-19 21:42:00,Low,4,Repeated authentication failures,Identity,T1110,WS-011,Analyst A,Closed,Benign Positive,240,80,581,Met,2026-10-01 00:00:00,Synthetic
ALT-01246,2026-09-04 20:23:00,2026-09-04,,,Medium,3,Suspicious email attachment,Email,T1566.001,WS-052,Unassigned,New,Pending,120,,,Breached,2026-10-01 00:00:00,Synthetic
ALT-01247,2026-09-01 11:40:00,2026-09-01,2026-09-01 14:01:00,2026-09-02 06:33:00,Low,4,Large outbound transfer,Network,T1041,WS-044,Analyst A,Closed,False Positive,240,141,1133,Met,2026-10-01 00:00:00,Synthetic
ALT-01248,2026-09-19 10:52:00,2026-09-19,,,Critical,1,Suspicious PowerShell,Endpoint,T1059.001,WS-048,Unassigned,New,Pending,15,,,Breached,2026-10-01 00:00:00,Synthetic
ALT-01249,2026-09-01 07:57:00,2026-09-01,2026-09-01 10:55:00,2026-09-01 19:25:00,Medium,3,Unusual remote access,Identity,T1078,WS-043,Analyst A,Closed,Benign Positive,120,178,688,Breached,2026-10-01 00:00:00,Synthetic
ALT-01250,2026-09-28 15:24:00,2026-09-28,2026-09-28 19:54:00,2026-09-29 03:44:00,Medium,3,Suspicious PowerShell,Endpoint,T1059.001,WS-024,Analyst B,Closed,True Positive,120,270,740,Breached,2026-10-01 00:00:00,Synthetic
ALT-01251,2026-09-24 09:04:00,2026-09-24,2026-09-24 12:20:00,2026-09-24 18:19:00,Medium,3,Repeated authentication failures,Identity,T1110,WS-008,Analyst C,Closed,False Positive,120,196,555,Breached,2026-10-01 00:00:00,Synthetic
ALT-01252,2026-09-12 08:48:00,2026-09-12,2026-09-12 17:04:00,2026-09-13 03:15:00,Low,4,Repeated authentication failures,Identity,T1110,WS-001,Analyst D,Closed,True Positive,240,496,1107,Breached,2026-10-01 00:00:00,Synthetic
ALT-01253,2026-09-10 21:31:00,2026-09-10,2026-09-10 22:09:00,2026-09-11 14:07:00,Low,4,Unusual remote access,Identity,T1078,WS-055,Analyst D,Closed,Benign Positive,240,38,996,Met,2026-10-01 00:00:00,Synthetic
ALT-01254,2026-09-03 14:48:00,2026-09-03,2026-09-03 17:22:00,2026-09-04 05:36:00,Medium,3,Suspicious email attachment,Email,T1566.001,WS-023,Analyst B,Closed,True Positive,120,154,888,Breached,2026-10-01 00:00:00,Synthetic
ALT-01255,2026-09-19 07:09:00,2026-09-19,2026-09-19 08:52:00,2026-09-19 11:55:00,Medium,3,Repeated authentication failures,Identity,T1110,WS-058,Analyst B,Closed,False Positive,120,103,286,Met,2026-10-01 00:00:00,Synthetic
ALT-01256,2026-09-19 16:36:00,2026-09-19,2026-09-19 18:02:00,2026-09-20 02:44:00,High,2,Large outbound transfer,Network,T1041,WS-026,Analyst C,Closed,True Positive,30,86,608,Breached,2026-10-01 00:00:00,Synthetic
ALT-01257,2026-09-14 14:53:00,2026-09-14,2026-09-14 17:12:00,2026-09-14 21:04:00,Medium,3,Suspicious PowerShell,Endpoint,T1059.001,WS-043,Analyst D,Closed,Benign Positive,120,139,371,Breached,2026-10-01 00:00:00,Synthetic
ALT-01258,2026-09-08 08:45:00,2026-09-08,2026-09-08 09:32:00,2026-09-08 16:28:00,High,2,Unusual remote access,Identity,T1078,WS-019,Analyst A,Closed,True Positive,30,47,463,Breached,2026-10-01 00:00:00,Synthetic
ALT-01259,2026-09-07 02:00:00,2026-09-07,2026-09-07 02:18:00,2026-09-07 07:56:00,Medium,3,Unusual remote access,Identity,T1078,WS-031,Analyst C,Closed,False Positive,120,18,356,Met,2026-10-01 00:00:00,Synthetic
ALT-01260,2026-09-06 09:45:00,2026-09-06,2026-09-06 15:36:00,2026-09-06 20:06:00,Medium,3,Suspicious email attachment,Email,T1566.001,WS-049,Analyst D,Closed,False Positive,120,351,621,Breached,2026-10-01 00:00:00,Synthetic
ALT-01261,2026-09-23 20:09:00,2026-09-23,2026-09-23 23:30:00,,Medium,3,Unusual remote access,Identity,T1078,WS-009,Analyst A,In Progress,Pending,120,201,,Breached,2026-10-01 00:00:00,Synthetic
ALT-01262,2026-09-05 21:49:00,2026-09-05,2026-09-06 06:23:00,2026-09-06 07:00:00,Low,4,Suspicious PowerShell,Endpoint,T1059.001,WS-016,Analyst A,Closed,False Positive,240,514,551,Breached,2026-10-01 00:00:00,Synthetic
ALT-01263,2026-09-16 13:42:00,2026-09-16,2026-09-16 17:26:00,,Medium,3,Suspicious email attachment,Email,T1566.001,WS-031,Analyst C,In Progress,Pending,120,224,,Breached,2026-10-01 00:00:00,Synthetic
ALT-01264,2026-09-13 20:15:00,2026-09-13,2026-09-13 21:35:00,2026-09-14 15:12:00,Medium,3,Large outbound transfer,Network,T1041,WS-018,Analyst A,Closed,True Positive,120,80,1137,Met,2026-10-01 00:00:00,Synthetic
ALT-01265,2026-09-12 23:50:00,2026-09-12,2026-09-13 07:11:00,2026-09-13 14:07:00,Low,4,Suspicious PowerShell,Endpoint,T1059.001,WS-051,Analyst A,Closed,False Positive,240,441,857,Breached,2026-10-01 00:00:00,Synthetic
ALT-01266,2026-09-23 20:40:00,2026-09-23,,,Medium,3,Suspicious PowerShell,Endpoint,T1059.001,WS-038,Unassigned,New,Pending,120,,,Breached,2026-10-01 00:00:00,Synthetic
ALT-01267,2026-09-29 14:56:00,2026-09-29,2026-09-29 18:23:00,2026-09-29 19:51:00,Medium,3,Suspicious PowerShell,Endpoint,T1059.001,WS-013,Analyst B,Closed,True Positive,120,207,295,Breached,2026-10-01 00:00:00,Synthetic
ALT-01268,2026-09-20 09:38:00,2026-09-20,2026-09-20 09:43:00,2026-09-20 22:51:00,Critical,1,Suspicious PowerShell,Endpoint,T1059.001,WS-020,Analyst B,Closed,False Positive,15,5,793,Met,2026-10-01 00:00:00,Synthetic
ALT-01269,2026-09-11 02:14:00,2026-09-11,2026-09-11 05:54:00,2026-09-12 04:02:00,Medium,3,Large outbound transfer,Network,T1041,WS-008,Analyst C,Closed,True Positive,120,220,1548,Breached,2026-10-01 00:00:00,Synthetic
ALT-01270,2026-09-17 13:07:00,2026-09-17,2026-09-17 13:40:00,2026-09-18 00:45:00,High,2,Periodic outbound connection,Network,T1071.001,WS-012,Analyst A,Closed,Benign Positive,30,33,698,Breached,2026-10-01 00:00:00,Synthetic
ALT-01271,2026-09-01 00:35:00,2026-09-01,2026-09-01 00:55:00,2026-09-01 17:11:00,Critical,1,Unusual remote access,Identity,T1078,WS-039,Analyst A,Closed,True Positive,15,20,996,Breached,2026-10-01 00:00:00,Synthetic
ALT-01272,2026-09-20 14:39:00,2026-09-20,2026-09-20 15:19:00,2026-09-20 19:17:00,High,2,Large outbound transfer,Network,T1041,WS-001,Analyst B,Closed,True Positive,30,40,278,Breached,2026-10-01 00:00:00,Synthetic
ALT-01273,2026-09-16 01:46:00,2026-09-16,2026-09-16 06:49:00,,Medium,3,Periodic outbound connection,Network,T1071.001,WS-034,Analyst C,In Progress,Pending,120,303,,Breached,2026-10-01 00:00:00,Synthetic
ALT-01274,2026-09-11 20:14:00,2026-09-11,2026-09-11 21:00:00,2026-09-12 00:47:00,Medium,3,Suspicious PowerShell,Endpoint,T1059.001,WS-048,Analyst A,Closed,True Positive,120,46,273,Met,2026-10-01 00:00:00,Synthetic
ALT-01275,2026-09-02 20:49:00,2026-09-02,2026-09-02 22:29:00,,Medium,3,Unusual remote access,Identity,T1078,WS-046,Analyst D,In Progress,Pending,120,100,,Met,2026-10-01 00:00:00,Synthetic
ALT-01276,2026-09-05 11:44:00,2026-09-05,2026-09-05 12:05:00,2026-09-06 04:26:00,Critical,1,Suspicious email attachment,Email,T1566.001,WS-013,Analyst B,Closed,Benign Positive,15,21,1002,Breached,2026-10-01 00:00:00,Synthetic
ALT-01277,2026-09-02 23:51:00,2026-09-02,2026-09-03 00:25:00,2026-09-03 19:42:00,High,2,Large outbound transfer,Network,T1041,WS-058,Analyst C,Closed,Benign Positive,30,34,1191,Breached,2026-10-01 00:00:00,Synthetic
ALT-01278,2026-09-21 09:51:00,2026-09-21,,,Medium,3,Repeated authentication failures,Identity,T1110,WS-005,Unassigned,New,Pending,120,,,Breached,2026-10-01 00:00:00,Synthetic
ALT-01279,2026-09-22 23:22:00,2026-09-22,2026-09-23 00:49:00,,Medium,3,Suspicious email attachment,Email,T1566.001,WS-039,Analyst C,In Progress,Pending,120,87,,Met,2026-10-01 00:00:00,Synthetic
ALT-01280,2026-09-06 20:49:00,2026-09-06,2026-09-06 22:19:00,2026-09-07 04:58:00,High,2,Suspicious email attachment,Email,T1566.001,WS-026,Analyst D,Closed,False Positive,30,90,489,Breached,2026-10-01 00:00:00,Synthetic
ALT-01281,2026-09-25 05:35:00,2026-09-25,2026-09-25 14:18:00,2026-09-26 03:34:00,Low,4,Repeated authentication failures,Identity,T1110,WS-025,Analyst D,Closed,False Positive,240,523,1319,Breached,2026-10-01 00:00:00,Synthetic
ALT-01282,2026-09-28 15:14:00,2026-09-28,2026-09-28 16:29:00,2026-09-29 00:05:00,High,2,Suspicious PowerShell,Endpoint,T1059.001,WS-001,Analyst D,Closed,False Positive,30,75,531,Breached,2026-10-01 00:00:00,Synthetic
ALT-01283,2026-09-23 22:18:00,2026-09-23,2026-09-24 00:12:00,2026-09-24 10:28:00,Medium,3,Suspicious email attachment,Email,T1566.001,WS-036,Analyst A,Closed,False Positive,120,114,730,Met,2026-10-01 00:00:00,Synthetic
ALT-01284,2026-09-08 18:53:00,2026-09-08,2026-09-08 19:00:00,2026-09-09 16:59:00,High,2,Suspicious email attachment,Email,T1566.001,WS-057,Analyst C,Closed,True Positive,30,7,1326,Met,2026-10-01 00:00:00,Synthetic
ALT-01285,2026-09-07 01:14:00,2026-09-07,2026-09-07 01:47:00,2026-09-07 09:07:00,High,2,Repeated authentication failures,Identity,T1110,WS-001,Analyst C,Closed,False Positive,30,33,473,Breached,2026-10-01 00:00:00,Synthetic
ALT-01286,2026-09-29 19:03:00,2026-09-29,2026-09-29 23:46:00,2026-09-30 08:56:00,Medium,3,Periodic outbound connection,Network,T1071.001,WS-027,Analyst C,Closed,False Positive,120,283,833,Breached,2026-10-01 00:00:00,Synthetic
ALT-01287,2026-09-15 18:35:00,2026-09-15,2026-09-16 00:41:00,,Low,4,Unusual remote access,Identity,T1078,WS-015,Analyst C,In Progress,Pending,240,366,,Breached,2026-10-01 00:00:00,Synthetic
ALT-01288,2026-09-09 01:02:00,2026-09-09,2026-09-09 02:18:00,2026-09-09 06:05:00,High,2,Repeated authentication failures,Identity,T1110,WS-045,Analyst D,Closed,False Positive,30,76,303,Breached,2026-10-01 00:00:00,Synthetic
ALT-01289,2026-09-30 18:09:00,2026-09-30,2026-09-30 19:21:00,,High,2,Unusual remote access,Identity,T1078,WS-053,Analyst D,In Progress,Pending,30,72,,Breached,2026-10-01 00:00:00,Synthetic
ALT-01290,2026-09-11 00:59:00,2026-09-11,2026-09-11 04:23:00,2026-09-11 09:51:00,Medium,3,Suspicious PowerShell,Endpoint,T1059.001,WS-047,Analyst D,Closed,False Positive,120,204,532,Breached,2026-10-01 00:00:00,Synthetic
ALT-01291,2026-09-17 18:39:00,2026-09-17,2026-09-17 19:04:00,2026-09-18 10:54:00,High,2,Large outbound transfer,Network,T1041,WS-056,Analyst B,Closed,True Positive,30,25,975,Met,2026-10-01 00:00:00,Synthetic
ALT-01292,2026-09-09 14:17:00,2026-09-09,2026-09-09 16:43:00,2026-09-09 17:36:00,Medium,3,Unusual remote access,Identity,T1078,WS-057,Analyst B,Closed,True Positive,120,146,199,Breached,2026-10-01 00:00:00,Synthetic
ALT-01293,2026-09-18 22:34:00,2026-09-18,2026-09-18 23:12:00,2026-09-19 13:55:00,Medium,3,Suspicious PowerShell,Endpoint,T1059.001,WS-059,Analyst D,Closed,True Positive,120,38,921,Met,2026-10-01 00:00:00,Synthetic
ALT-01294,2026-09-05 13:28:00,2026-09-05,2026-09-05 13:36:00,,Medium,3,Suspicious PowerShell,Endpoint,T1059.001,WS-039,Analyst A,In Progress,Pending,120,8,,Met,2026-10-01 00:00:00,Synthetic
ALT-01295,2026-09-18 04:44:00,2026-09-18,2026-09-18 10:15:00,,Medium,3,Repeated authentication failures,Identity,T1110,WS-060,Analyst A,In Progress,Pending,120,331,,Breached,2026-10-01 00:00:00,Synthetic
ALT-01296,2026-09-07 00:22:00,2026-09-07,2026-09-07 01:44:00,2026-09-07 22:22:00,High,2,Repeated authentication failures,Identity,T1110,WS-001,Analyst A,Closed,True Positive,30,82,1320,Breached,2026-10-01 00:00:00,Synthetic
ALT-01297,2026-09-25 16:24:00,2026-09-25,2026-09-25 17:09:00,,Medium,3,Periodic outbound connection,Network,T1071.001,WS-013,Analyst B,In Progress,Pending,120,45,,Met,2026-10-01 00:00:00,Synthetic
ALT-01298,2026-09-22 20:45:00,2026-09-22,2026-09-23 02:01:00,,Low,4,Large outbound transfer,Network,T1041,WS-022,Analyst D,In Progress,Pending,240,316,,Breached,2026-10-01 00:00:00,Synthetic
ALT-01299,2026-09-08 00:46:00,2026-09-08,2026-09-08 02:08:00,2026-09-08 20:51:00,High,2,Suspicious email attachment,Email,T1566.001,WS-053,Analyst A,Closed,True Positive,30,82,1205,Breached,2026-10-01 00:00:00,Synthetic
ALT-01300,2026-09-05 16:18:00,2026-09-05,2026-09-05 19:52:00,2026-09-06 00:52:00,Medium,3,Repeated authentication failures,Identity,T1110,WS-015,Analyst A,Closed,True Positive,120,214,514,Breached,2026-10-01 00:00:00,Synthetic
ALT-01301,2026-09-11 07:35:00,2026-09-11,2026-09-11 10:03:00,2026-09-11 17:55:00,Medium,3,Suspicious PowerShell,Endpoint,T1059.001,WS-044,Analyst D,Closed,Benign Positive,120,148,620,Breached,2026-10-01 00:00:00,Synthetic
ALT-01302,2026-09-06 02:46:00,2026-09-06,2026-09-06 05:12:00,2026-09-06 17:33:00,Medium,3,Repeated authentication failures,Identity,T1110,WS-022,Analyst A,Closed,True Positive,120,146,887,Breached,2026-10-01 00:00:00,Synthetic
ALT-01303,2026-09-17 09:45:00,2026-09-17,2026-09-17 20:06:00,,Low,4,Repeated authentication failures,Identity,T1110,WS-010,Analyst B,In Progress,Pending,240,621,,Breached,2026-10-01 00:00:00,Synthetic
ALT-01304,2026-09-20 12:10:00,2026-09-20,2026-09-20 15:49:00,2026-09-20 21:06:00,Medium,3,Suspicious email attachment,Email,T1566.001,WS-044,Analyst C,Closed,Benign Positive,120,219,536,Breached,2026-10-01 00:00:00,Synthetic
ALT-01305,2026-09-29 10:24:00,2026-09-29,2026-09-29 15:03:00,,Low,4,Periodic outbound connection,Network,T1071.001,WS-059,Analyst D,In Progress,Pending,240,279,,Breached,2026-10-01 00:00:00,Synthetic
ALT-01306,2026-09-17 19:10:00,2026-09-17,2026-09-17 19:14:00,,Low,4,Unusual remote access,Identity,T1078,WS-056,Analyst B,In Progress,Pending,240,4,,Met,2026-10-01 00:00:00,Synthetic
ALT-01307,2026-09-30 20:22:00,2026-09-30,2026-09-30 21:25:00,2026-09-30 23:52:00,High,2,Suspicious PowerShell,Endpoint,T1059.001,WS-028,Analyst C,Closed,True Positive,30,63,210,Breached,2026-10-01 00:00:00,Synthetic
ALT-01308,2026-09-07 14:00:00,2026-09-07,2026-09-07 14:51:00,2026-09-08 03:03:00,High,2,Suspicious PowerShell,Endpoint,T1059.001,WS-028,Analyst D,Closed,True Positive,30,51,783,Breached,2026-10-01 00:00:00,Synthetic
ALT-01309,2026-09-19 20:08:00,2026-09-19,2026-09-20 01:44:00,2026-09-20 10:17:00,Medium,3,Unusual remote access,Identity,T1078,WS-036,Analyst D,Closed,False Positive,120,336,849,Breached,2026-10-01 00:00:00,Synthetic
ALT-01310,2026-09-25 12:27:00,2026-09-25,2026-09-25 14:26:00,2026-09-26 03:43:00,Medium,3,Suspicious email attachment,Email,T1566.001,WS-046,Analyst D,Closed,True Positive,120,119,916,Met,2026-10-01 00:00:00,Synthetic
ALT-01311,2026-09-24 23:33:00,2026-09-24,2026-09-25 01:27:00,,Medium,3,Unusual remote access,Identity,T1078,WS-045,Analyst A,In Progress,Pending,120,114,,Met,2026-10-01 00:00:00,Synthetic
ALT-01312,2026-09-11 16:53:00,2026-09-11,,,Medium,3,Suspicious PowerShell,Endpoint,T1059.001,WS-002,Unassigned,New,Pending,120,,,Breached,2026-10-01 00:00:00,Synthetic
ALT-01313,2026-09-17 11:50:00,2026-09-17,,,Medium,3,Suspicious PowerShell,Endpoint,T1059.001,WS-004,Unassigned,New,Pending,120,,,Breached,2026-10-01 00:00:00,Synthetic
ALT-01314,2026-09-16 21:34:00,2026-09-16,2026-09-16 22:49:00,2026-09-17 17:48:00,Medium,3,Suspicious PowerShell,Endpoint,T1059.001,WS-059,Analyst D,Closed,Benign Positive,120,75,1214,Met,2026-10-01 00:00:00,Synthetic
ALT-01315,2026-09-12 00:52:00,2026-09-12,2026-09-12 01:11:00,2026-09-12 05:21:00,High,2,Suspicious PowerShell,Endpoint,T1059.001,WS-046,Analyst B,Closed,Benign Positive,30,19,269,Met,2026-10-01 00:00:00,Synthetic
ALT-01316,2026-09-18 04:17:00,2026-09-18,,,Medium,3,Unusual remote access,Identity,T1078,WS-024,Unassigned,New,Pending,120,,,Breached,2026-10-01 00:00:00,Synthetic
ALT-01317,2026-09-03 11:04:00,2026-09-03,2026-09-03 15:10:00,2026-09-04 11:36:00,Medium,3,Unusual remote access,Identity,T1078,WS-002,Analyst B,Closed,Benign Positive,120,246,1472,Breached,2026-10-01 00:00:00,Synthetic
ALT-01318,2026-09-17 14:56:00,2026-09-17,2026-09-17 16:10:00,2026-09-18 06:32:00,High,2,Suspicious PowerShell,Endpoint,T1059.001,WS-012,Analyst D,Closed,True Positive,30,74,936,Breached,2026-10-01 00:00:00,Synthetic
ALT-01319,2026-09-07 09:02:00,2026-09-07,,,Medium,3,Unusual remote access,Identity,T1078,WS-031,Unassigned,New,Pending,120,,,Breached,2026-10-01 00:00:00,Synthetic
ALT-01320,2026-09-19 17:29:00,2026-09-19,2026-09-19 23:26:00,,Medium,3,Large outbound transfer,Network,T1041,WS-001,Analyst C,In Progress,Pending,120,357,,Breached,2026-10-01 00:00:00,Synthetic
ALT-01321,2026-09-06 01:31:00,2026-09-06,2026-09-06 01:55:00,2026-09-06 19:15:00,High,2,Unusual remote access,Identity,T1078,WS-026,Analyst D,Closed,True Positive,30,24,1064,Met,2026-10-01 00:00:00,Synthetic
ALT-01322,2026-09-21 16:12:00,2026-09-21,,,Medium,3,Periodic outbound connection,Network,T1071.001,WS-033,Unassigned,New,Pending,120,,,Breached,2026-10-01 00:00:00,Synthetic
ALT-01323,2026-09-14 22:16:00,2026-09-14,,,Medium,3,Large outbound transfer,Network,T1041,WS-018,Unassigned,New,Pending,120,,,Breached,2026-10-01 00:00:00,Synthetic
ALT-01324,2026-09-05 04:25:00,2026-09-05,2026-09-05 07:52:00,,Medium,3,Suspicious PowerShell,Endpoint,T1059.001,WS-040,Analyst A,In Progress,Pending,120,207,,Breached,2026-10-01 00:00:00,Synthetic
ALT-01325,2026-09-10 23:06:00,2026-09-10,,,Medium,3,Unusual remote access,Identity,T1078,WS-039,Unassigned,New,Pending,120,,,Breached,2026-10-01 00:00:00,Synthetic
ALT-01326,2026-09-04 12:19:00,2026-09-04,2026-09-04 23:29:00,2026-09-05 21:33:00,Low,4,Large outbound transfer,Network,T1041,WS-025,Analyst B,Closed,False Positive,240,670,1994,Breached,2026-10-01 00:00:00,Synthetic
ALT-01327,2026-09-03 11:42:00,2026-09-03,2026-09-03 16:20:00,2026-09-03 20:12:00,Low,4,Unusual remote access,Identity,T1078,WS-024,Analyst C,Closed,True Positive,240,278,510,Breached,2026-10-01 00:00:00,Synthetic
ALT-01328,2026-09-02 06:38:00,2026-09-02,2026-09-02 06:48:00,2026-09-02 14:11:00,High,2,Suspicious PowerShell,Endpoint,T1059.001,WS-049,Analyst C,Closed,False Positive,30,10,453,Met,2026-10-01 00:00:00,Synthetic
ALT-01329,2026-09-09 13:03:00,2026-09-09,,,Medium,3,Unusual remote access,Identity,T1078,WS-016,Unassigned,New,Pending,120,,,Breached,2026-10-01 00:00:00,Synthetic
ALT-01330,2026-09-13 06:00:00,2026-09-13,2026-09-13 07:14:00,2026-09-13 23:54:00,High,2,Suspicious email attachment,Email,T1566.001,WS-021,Analyst A,Closed,True Positive,30,74,1074,Breached,2026-10-01 00:00:00,Synthetic
ALT-01331,2026-09-15 01:04:00,2026-09-15,2026-09-15 01:31:00,,Critical,1,Periodic outbound connection,Network,T1071.001,WS-033,Analyst B,In Progress,Pending,15,27,,Breached,2026-10-01 00:00:00,Synthetic
ALT-01332,2026-09-15 07:29:00,2026-09-15,2026-09-15 09:43:00,2026-09-16 08:54:00,Low,4,Unusual remote access,Identity,T1078,WS-027,Analyst A,Closed,True Positive,240,134,1525,Met,2026-10-01 00:00:00,Synthetic
ALT-01333,2026-09-23 20:30:00,2026-09-23,2026-09-24 03:03:00,2026-09-24 19:29:00,Low,4,Suspicious PowerShell,Endpoint,T1059.001,WS-055,Analyst A,Closed,False Positive,240,393,1379,Breached,2026-10-01 00:00:00,Synthetic
ALT-01334,2026-09-14 04:53:00,2026-09-14,2026-09-14 06:15:00,2026-09-14 09:36:00,High,2,Unusual remote access,Identity,T1078,WS-015,Analyst B,Closed,Benign Positive,30,82,283,Breached,2026-10-01 00:00:00,Synthetic
ALT-01335,2026-09-30 18:34:00,2026-09-30,2026-09-30 19:40:00,,High,2,Unusual remote access,Identity,T1078,WS-047,Analyst C,In Progress,Pending,30,66,,Breached,2026-10-01 00:00:00,Synthetic
ALT-01336,2026-09-21 08:46:00,2026-09-21,2026-09-21 19:26:00,2026-09-22 10:18:00,Low,4,Periodic outbound connection,Network,T1071.001,WS-046,Analyst D,Closed,True Positive,240,640,1532,Breached,2026-10-01 00:00:00,Synthetic
ALT-01337,2026-09-11 21:10:00,2026-09-11,2026-09-11 21:31:00,2026-09-12 17:02:00,High,2,Suspicious email attachment,Email,T1566.001,WS-032,Analyst A,Closed,False Positive,30,21,1192,Met,2026-10-01 00:00:00,Synthetic
ALT-01338,2026-09-01 16:19:00,2026-09-01,2026-09-01 16:32:00,2026-09-02 09:43:00,High,2,Periodic outbound connection,Network,T1071.001,WS-021,Analyst B,Closed,True Positive,30,13,1044,Met,2026-10-01 00:00:00,Synthetic
ALT-01339,2026-09-14 10:52:00,2026-09-14,2026-09-14 11:39:00,2026-09-14 14:51:00,High,2,Periodic outbound connection,Network,T1071.001,WS-046,Analyst D,Closed,True Positive,30,47,239,Breached,2026-10-01 00:00:00,Synthetic
ALT-01340,2026-09-12 17:44:00,2026-09-12,2026-09-13 01:18:00,,Low,4,Periodic outbound connection,Network,T1071.001,WS-042,Analyst B,In Progress,Pending,240,454,,Breached,2026-10-01 00:00:00,Synthetic
ALT-01341,2026-09-06 15:24:00,2026-09-06,2026-09-06 20:19:00,2026-09-07 10:10:00,Low,4,Large outbound transfer,Network,T1041,WS-040,Analyst B,Closed,False Positive,240,295,1126,Breached,2026-10-01 00:00:00,Synthetic
ALT-01342,2026-09-21 01:30:00,2026-09-21,,,Medium,3,Suspicious email attachment,Email,T1566.001,WS-024,Unassigned,New,Pending,120,,,Breached,2026-10-01 00:00:00,Synthetic
ALT-01343,2026-09-04 19:11:00,2026-09-04,2026-09-05 01:02:00,2026-09-05 02:39:00,Medium,3,Suspicious email attachment,Email,T1566.001,WS-042,Analyst A,Closed,False Positive,120,351,448,Breached,2026-10-01 00:00:00,Synthetic
ALT-01344,2026-09-12 03:24:00,2026-09-12,2026-09-12 04:19:00,2026-09-12 14:24:00,Medium,3,Suspicious email attachment,Email,T1566.001,WS-037,Analyst D,Closed,False Positive,120,55,660,Met,2026-10-01 00:00:00,Synthetic
ALT-01345,2026-09-04 07:42:00,2026-09-04,2026-09-04 08:28:00,2026-09-05 00:32:00,High,2,Large outbound transfer,Network,T1041,WS-035,Analyst D,Closed,False Positive,30,46,1010,Breached,2026-10-01 00:00:00,Synthetic
ALT-01346,2026-09-05 23:11:00,2026-09-05,2026-09-06 00:03:00,2026-09-06 15:00:00,High,2,Unusual remote access,Identity,T1078,WS-022,Analyst A,Closed,True Positive,30,52,949,Breached,2026-10-01 00:00:00,Synthetic
ALT-01347,2026-09-15 10:33:00,2026-09-15,2026-09-15 14:38:00,2026-09-15 18:42:00,Medium,3,Suspicious email attachment,Email,T1566.001,WS-003,Analyst B,Closed,True Positive,120,245,489,Breached,2026-10-01 00:00:00,Synthetic
ALT-01348,2026-09-22 09:19:00,2026-09-22,2026-09-22 09:25:00,2026-09-23 06:06:00,High,2,Suspicious PowerShell,Endpoint,T1059.001,WS-004,Analyst C,Closed,False Positive,30,6,1247,Met,2026-10-01 00:00:00,Synthetic
ALT-01349,2026-09-20 13:47:00,2026-09-20,2026-09-20 14:12:00,2026-09-21 13:42:00,Low,4,Suspicious PowerShell,Endpoint,T1059.001,WS-017,Analyst B,Closed,False Positive,240,25,1435,Met,2026-10-01 00:00:00,Synthetic
ALT-01350,2026-09-04 19:18:00,2026-09-04,2026-09-04 19:58:00,2026-09-05 11:32:00,High,2,Periodic outbound connection,Network,T1071.001,WS-034,Analyst B,Closed,Benign Positive,30,40,974,Breached,2026-10-01 00:00:00,Synthetic
ALT-01351,2026-09-12 19:23:00,2026-09-12,2026-09-12 20:19:00,2026-09-13 08:09:00,High,2,Repeated authentication failures,Identity,T1110,WS-020,Analyst B,Closed,Benign Positive,30,56,766,Breached,2026-10-01 00:00:00,Synthetic
ALT-01352,2026-09-10 00:55:00,2026-09-10,2026-09-10 05:31:00,2026-09-11 05:11:00,Medium,3,Large outbound transfer,Network,T1041,WS-045,Analyst D,Closed,False Positive,120,276,1696,Breached,2026-10-01 00:00:00,Synthetic
ALT-01353,2026-09-17 03:25:00,2026-09-17,2026-09-17 03:37:00,2026-09-17 22:55:00,Low,4,Suspicious email attachment,Email,T1566.001,WS-039,Analyst B,Closed,False Positive,240,12,1170,Met,2026-10-01 00:00:00,Synthetic
ALT-01354,2026-09-04 12:59:00,2026-09-04,2026-09-04 15:46:00,2026-09-05 14:36:00,Medium,3,Suspicious email attachment,Email,T1566.001,WS-047,Analyst C,Closed,Benign Positive,120,167,1537,Breached,2026-10-01 00:00:00,Synthetic
ALT-01355,2026-09-01 15:29:00,2026-09-01,,,High,2,Large outbound transfer,Network,T1041,WS-032,Unassigned,New,Pending,30,,,Breached,2026-10-01 00:00:00,Synthetic
ALT-01356,2026-09-15 09:36:00,2026-09-15,2026-09-15 10:44:00,2026-09-15 11:01:00,High,2,Unusual remote access,Identity,T1078,WS-054,Analyst B,Closed,Benign Positive,30,68,85,Breached,2026-10-01 00:00:00,Synthetic
ALT-01357,2026-09-29 20:49:00,2026-09-29,2026-09-29 22:42:00,2026-09-30 05:16:00,Medium,3,Suspicious email attachment,Email,T1566.001,WS-035,Analyst B,Closed,False Positive,120,113,507,Met,2026-10-01 00:00:00,Synthetic
ALT-01358,2026-09-28 08:23:00,2026-09-28,2026-09-28 10:02:00,2026-09-29 09:23:00,Medium,3,Periodic outbound connection,Network,T1071.001,WS-001,Analyst C,Closed,False Positive,120,99,1500,Met,2026-10-01 00:00:00,Synthetic
ALT-01359,2026-09-17 13:21:00,2026-09-17,2026-09-17 13:30:00,2026-09-18 06:42:00,Critical,1,Periodic outbound connection,Network,T1071.001,WS-030,Analyst D,Closed,False Positive,15,9,1041,Met,2026-10-01 00:00:00,Synthetic
ALT-01360,2026-09-19 16:15:00,2026-09-19,2026-09-19 19:08:00,2026-09-19 23:10:00,Medium,3,Suspicious email attachment,Email,T1566.001,WS-030,Analyst D,Closed,Benign Positive,120,173,415,Breached,2026-10-01 00:00:00,Synthetic
ALT-01361,2026-09-17 23:32:00,2026-09-17,2026-09-18 00:29:00,2026-09-18 13:40:00,High,2,Suspicious email attachment,Email,T1566.001,WS-043,Analyst D,Closed,True Positive,30,57,848,Breached,2026-10-01 00:00:00,Synthetic
ALT-01362,2026-09-29 20:36:00,2026-09-29,,,High,2,Suspicious email attachment,Email,T1566.001,WS-058,Unassigned,New,Pending,30,,,Breached,2026-10-01 00:00:00,Synthetic
ALT-01363,2026-09-05 12:22:00,2026-09-05,2026-09-05 12:40:00,2026-09-06 09:52:00,Low,4,Repeated authentication failures,Identity,T1110,WS-007,Analyst D,Closed,Benign Positive,240,18,1290,Met,2026-10-01 00:00:00,Synthetic
ALT-01364,2026-09-29 09:23:00,2026-09-29,2026-09-29 18:00:00,2026-09-30 14:00:00,Low,4,Repeated authentication failures,Identity,T1110,WS-043,Analyst C,Closed,Benign Positive,240,517,1717,Breached,2026-10-01 00:00:00,Synthetic
ALT-01365,2026-09-20 03:27:00,2026-09-20,2026-09-20 03:43:00,2026-09-20 10:33:00,High,2,Large outbound transfer,Network,T1041,WS-008,Analyst C,Closed,Benign Positive,30,16,426,Met,2026-10-01 00:00:00,Synthetic
ALT-01366,2026-09-22 02:45:00,2026-09-22,2026-09-22 06:09:00,2026-09-22 06:34:00,Medium,3,Unusual remote access,Identity,T1078,WS-051,Analyst B,Closed,Benign Positive,120,204,229,Breached,2026-10-01 00:00:00,Synthetic
ALT-01367,2026-09-24 02:23:00,2026-09-24,2026-09-24 03:18:00,2026-09-25 02:26:00,High,2,Unusual remote access,Identity,T1078,WS-058,Analyst D,Closed,True Positive,30,55,1443,Breached,2026-10-01 00:00:00,Synthetic
ALT-01368,2026-09-02 11:41:00,2026-09-02,2026-09-02 12:16:00,,Critical,1,Suspicious PowerShell,Endpoint,T1059.001,WS-053,Analyst C,In Progress,Pending,15,35,,Breached,2026-10-01 00:00:00,Synthetic
ALT-01369,2026-09-16 06:00:00,2026-09-16,,,High,2,Suspicious email attachment,Email,T1566.001,WS-016,Unassigned,New,Pending,30,,,Breached,2026-10-01 00:00:00,Synthetic
ALT-01370,2026-09-26 07:00:00,2026-09-26,2026-09-26 13:44:00,2026-09-26 15:39:00,Low,4,Suspicious PowerShell,Endpoint,T1059.001,WS-037,Analyst D,Closed,Benign Positive,240,404,519,Breached,2026-10-01 00:00:00,Synthetic
ALT-01371,2026-09-06 20:45:00,2026-09-06,,,Low,4,Large outbound transfer,Network,T1041,WS-012,Unassigned,New,Pending,240,,,Breached,2026-10-01 00:00:00,Synthetic
ALT-01372,2026-09-19 08:18:00,2026-09-19,2026-09-19 12:16:00,2026-09-19 15:49:00,Low,4,Suspicious email attachment,Email,T1566.001,WS-009,Analyst A,Closed,False Positive,240,238,451,Met,2026-10-01 00:00:00,Synthetic
ALT-01373,2026-09-29 17:42:00,2026-09-29,2026-09-29 23:05:00,,Medium,3,Large outbound transfer,Network,T1041,WS-059,Analyst C,In Progress,Pending,120,323,,Breached,2026-10-01 00:00:00,Synthetic
ALT-01374,2026-09-26 03:55:00,2026-09-26,2026-09-26 04:08:00,2026-09-26 05:10:00,High,2,Periodic outbound connection,Network,T1071.001,WS-041,Analyst B,Closed,False Positive,30,13,75,Met,2026-10-01 00:00:00,Synthetic
ALT-01375,2026-09-02 06:23:00,2026-09-02,,,Medium,3,Suspicious email attachment,Email,T1566.001,WS-006,Unassigned,New,Pending,120,,,Breached,2026-10-01 00:00:00,Synthetic
ALT-01376,2026-09-27 00:33:00,2026-09-27,2026-09-27 04:27:00,,Medium,3,Unusual remote access,Identity,T1078,WS-041,Analyst C,In Progress,Pending,120,234,,Breached,2026-10-01 00:00:00,Synthetic
ALT-01377,2026-09-09 11:46:00,2026-09-09,2026-09-09 12:56:00,2026-09-09 21:28:00,High,2,Suspicious PowerShell,Endpoint,T1059.001,WS-052,Analyst D,Closed,False Positive,30,70,582,Breached,2026-10-01 00:00:00,Synthetic
ALT-01378,2026-09-12 20:30:00,2026-09-12,2026-09-12 21:45:00,2026-09-13 19:19:00,Medium,3,Periodic outbound connection,Network,T1071.001,WS-038,Analyst A,Closed,True Positive,120,75,1369,Met,2026-10-01 00:00:00,Synthetic
ALT-01379,2026-09-06 01:10:00,2026-09-06,2026-09-06 02:24:00,2026-09-06 12:12:00,Medium,3,Suspicious email attachment,Email,T1566.001,WS-012,Analyst A,Closed,True Positive,120,74,662,Met,2026-10-01 00:00:00,Synthetic
ALT-01380,2026-09-04 12:31:00,2026-09-04,,,Medium,3,Periodic outbound connection,Network,T1071.001,WS-014,Unassigned,New,Pending,120,,,Breached,2026-10-01 00:00:00,Synthetic
ALT-01381,2026-09-18 18:51:00,2026-09-18,2026-09-18 19:55:00,2026-09-19 17:26:00,High,2,Repeated authentication failures,Identity,T1110,WS-044,Analyst D,Closed,True Positive,30,64,1355,Breached,2026-10-01 00:00:00,Synthetic
ALT-01382,2026-09-18 01:52:00,2026-09-18,,,Low,4,Unusual remote access,Identity,T1078,WS-052,Unassigned,New,Pending,240,,,Breached,2026-10-01 00:00:00,Synthetic
ALT-01383,2026-09-08 07:58:00,2026-09-08,,,High,2,Repeated authentication failures,Identity,T1110,WS-043,Unassigned,New,Pending,30,,,Breached,2026-10-01 00:00:00,Synthetic
ALT-01384,2026-09-26 19:38:00,2026-09-26,2026-09-26 22:35:00,2026-09-27 10:35:00,Medium,3,Repeated authentication failures,Identity,T1110,WS-040,Analyst A,Closed,False Positive,120,177,897,Breached,2026-10-01 00:00:00,Synthetic
ALT-01385,2026-09-08 05:00:00,2026-09-08,,,Medium,3,Periodic outbound connection,Network,T1071.001,WS-013,Unassigned,New,Pending,120,,,Breached,2026-10-01 00:00:00,Synthetic
ALT-01386,2026-09-28 14:02:00,2026-09-28,2026-09-28 14:13:00,2026-09-28 21:45:00,Critical,1,Repeated authentication failures,Identity,T1110,WS-008,Analyst B,Closed,Benign Positive,15,11,463,Met,2026-10-01 00:00:00,Synthetic
ALT-01387,2026-09-02 08:13:00,2026-09-02,2026-09-02 14:09:00,2026-09-02 18:38:00,Medium,3,Suspicious PowerShell,Endpoint,T1059.001,WS-031,Analyst B,Closed,True Positive,120,356,625,Breached,2026-10-01 00:00:00,Synthetic
ALT-01388,2026-09-05 04:27:00,2026-09-05,2026-09-05 08:28:00,2026-09-06 01:33:00,Medium,3,Suspicious email attachment,Email,T1566.001,WS-026,Analyst B,Closed,False Positive,120,241,1266,Breached,2026-10-01 00:00:00,Synthetic
ALT-01389,2026-09-12 09:10:00,2026-09-12,2026-09-12 09:47:00,,High,2,Unusual remote access,Identity,T1078,WS-026,Analyst A,In Progress,Pending,30,37,,Breached,2026-10-01 00:00:00,Synthetic
ALT-01390,2026-09-27 13:29:00,2026-09-27,2026-09-27 17:01:00,2026-09-28 09:50:00,Low,4,Suspicious email attachment,Email,T1566.001,WS-029,Analyst D,Closed,False Positive,240,212,1221,Met,2026-10-01 00:00:00,Synthetic
ALT-01391,2026-09-28 03:21:00,2026-09-28,2026-09-28 08:33:00,2026-09-28 21:47:00,Medium,3,Periodic outbound connection,Network,T1071.001,WS-037,Analyst C,Closed,False Positive,120,312,1106,Breached,2026-10-01 00:00:00,Synthetic
ALT-01392,2026-09-18 00:27:00,2026-09-18,2026-09-18 01:03:00,2026-09-18 18:40:00,Low,4,Repeated authentication failures,Identity,T1110,WS-027,Analyst C,Closed,True Positive,240,36,1093,Met,2026-10-01 00:00:00,Synthetic
ALT-01393,2026-09-28 11:36:00,2026-09-28,,,Low,4,Unusual remote access,Identity,T1078,WS-034,Unassigned,New,Pending,240,,,Breached,2026-10-01 00:00:00,Synthetic
ALT-01394,2026-09-17 00:45:00,2026-09-17,2026-09-17 03:32:00,2026-09-17 18:21:00,Medium,3,Repeated authentication failures,Identity,T1110,WS-023,Analyst B,Closed,False Positive,120,167,1056,Breached,2026-10-01 00:00:00,Synthetic
ALT-01395,2026-09-04 07:20:00,2026-09-04,2026-09-04 08:02:00,2026-09-04 12:22:00,High,2,Periodic outbound connection,Network,T1071.001,WS-045,Analyst A,Closed,True Positive,30,42,302,Breached,2026-10-01 00:00:00,Synthetic
ALT-01396,2026-09-15 23:12:00,2026-09-15,2026-09-15 23:43:00,,High,2,Suspicious email attachment,Email,T1566.001,WS-036,Analyst A,In Progress,Pending,30,31,,Breached,2026-10-01 00:00:00,Synthetic
ALT-01397,2026-09-18 13:10:00,2026-09-18,2026-09-18 13:25:00,2026-09-19 08:43:00,High,2,Suspicious PowerShell,Endpoint,T1059.001,WS-039,Analyst A,Closed,True Positive,30,15,1173,Met,2026-10-01 00:00:00,Synthetic
ALT-01398,2026-09-27 02:54:00,2026-09-27,2026-09-27 10:21:00,2026-09-27 21:21:00,Low,4,Large outbound transfer,Network,T1041,WS-013,Analyst B,Closed,Benign Positive,240,447,1107,Breached,2026-10-01 00:00:00,Synthetic
ALT-01399,2026-09-03 06:14:00,2026-09-03,2026-09-03 10:57:00,2026-09-04 01:29:00,Low,4,Large outbound transfer,Network,T1041,WS-029,Analyst B,Closed,True Positive,240,283,1155,Breached,2026-10-01 00:00:00,Synthetic
ALT-01400,2026-09-28 08:55:00,2026-09-28,2026-09-28 09:07:00,2026-09-28 19:00:00,Medium,3,Large outbound transfer,Network,T1041,WS-051,Analyst A,Closed,True Positive,120,12,605,Met,2026-10-01 00:00:00,Synthetic
ALT-01401,2026-09-22 00:22:00,2026-09-22,2026-09-22 01:32:00,2026-09-22 19:42:00,High,2,Large outbound transfer,Network,T1041,WS-042,Analyst A,Closed,True Positive,30,70,1160,Breached,2026-10-01 00:00:00,Synthetic
ALT-01402,2026-09-04 03:51:00,2026-09-04,2026-09-04 06:13:00,,Medium,3,Large outbound transfer,Network,T1041,WS-021,Analyst C,In Progress,Pending,120,142,,Breached,2026-10-01 00:00:00,Synthetic
ALT-01403,2026-09-19 05:16:00,2026-09-19,2026-09-19 05:21:00,2026-09-19 18:56:00,Critical,1,Periodic outbound connection,Network,T1071.001,WS-030,Analyst D,Closed,True Positive,15,5,820,Met,2026-10-01 00:00:00,Synthetic
ALT-01404,2026-09-30 04:14:00,2026-09-30,2026-09-30 14:48:00,,Low,4,Repeated authentication failures,Identity,T1110,WS-007,Analyst A,In Progress,Pending,240,634,,Breached,2026-10-01 00:00:00,Synthetic
ALT-01405,2026-09-11 04:41:00,2026-09-11,2026-09-11 05:03:00,2026-09-12 04:41:00,Critical,1,Repeated authentication failures,Identity,T1110,WS-015,Analyst B,Closed,False Positive,15,22,1440,Breached,2026-10-01 00:00:00,Synthetic
ALT-01406,2026-09-05 00:08:00,2026-09-05,2026-09-05 01:18:00,,High,2,Periodic outbound connection,Network,T1071.001,WS-001,Analyst A,In Progress,Pending,30,70,,Breached,2026-10-01 00:00:00,Synthetic
ALT-01407,2026-09-12 19:38:00,2026-09-12,2026-09-13 00:51:00,2026-09-13 03:34:00,Low,4,Repeated authentication failures,Identity,T1110,WS-045,Analyst D,Closed,True Positive,240,313,476,Breached,2026-10-01 00:00:00,Synthetic
ALT-01408,2026-09-13 06:48:00,2026-09-13,2026-09-13 07:51:00,2026-09-13 12:19:00,Medium,3,Suspicious PowerShell,Endpoint,T1059.001,WS-010,Analyst D,Closed,True Positive,120,63,331,Met,2026-10-01 00:00:00,Synthetic
ALT-01409,2026-09-29 23:40:00,2026-09-29,2026-09-30 01:45:00,2026-09-30 21:38:00,Medium,3,Repeated authentication failures,Identity,T1110,WS-032,Analyst C,Closed,False Positive,120,125,1318,Breached,2026-10-01 00:00:00,Synthetic
ALT-01410,2026-09-15 15:36:00,2026-09-15,2026-09-15 20:08:00,2026-09-16 06:24:00,Low,4,Large outbound transfer,Network,T1041,WS-023,Analyst B,Closed,False Positive,240,272,888,Breached,2026-10-01 00:00:00,Synthetic
ALT-01411,2026-09-30 10:50:00,2026-09-30,2026-09-30 11:30:00,,Medium,3,Suspicious PowerShell,Endpoint,T1059.001,WS-004,Analyst B,In Progress,Pending,120,40,,Met,2026-10-01 00:00:00,Synthetic
ALT-01412,2026-09-01 14:20:00,2026-09-01,2026-09-01 15:58:00,,Medium,3,Large outbound transfer,Network,T1041,WS-032,Analyst A,In Progress,Pending,120,98,,Met,2026-10-01 00:00:00,Synthetic
ALT-01413,2026-09-16 11:51:00,2026-09-16,2026-09-16 12:58:00,,High,2,Suspicious email attachment,Email,T1566.001,WS-055,Analyst C,In Progress,Pending,30,67,,Breached,2026-10-01 00:00:00,Synthetic
ALT-01414,2026-09-15 04:35:00,2026-09-15,2026-09-15 08:55:00,2026-09-15 12:41:00,Medium,3,Unusual remote access,Identity,T1078,WS-015,Analyst C,Closed,Benign Positive,120,260,486,Breached,2026-10-01 00:00:00,Synthetic
ALT-01415,2026-09-18 13:09:00,2026-09-18,2026-09-18 20:00:00,2026-09-19 02:34:00,Low,4,Suspicious email attachment,Email,T1566.001,WS-028,Analyst B,Closed,True Positive,240,411,805,Breached,2026-10-01 00:00:00,Synthetic
ALT-01416,2026-09-14 23:29:00,2026-09-14,2026-09-15 02:01:00,2026-09-15 17:55:00,Low,4,Suspicious email attachment,Email,T1566.001,WS-048,Analyst A,Closed,Benign Positive,240,152,1106,Met,2026-10-01 00:00:00,Synthetic
ALT-01417,2026-09-11 22:45:00,2026-09-11,2026-09-11 22:48:00,2026-09-12 15:13:00,Critical,1,Large outbound transfer,Network,T1041,WS-029,Analyst C,Closed,False Positive,15,3,988,Met,2026-10-01 00:00:00,Synthetic
ALT-01418,2026-09-13 02:04:00,2026-09-13,2026-09-13 03:01:00,2026-09-13 10:25:00,High,2,Suspicious email attachment,Email,T1566.001,WS-033,Analyst D,Closed,True Positive,30,57,501,Breached,2026-10-01 00:00:00,Synthetic
ALT-01419,2026-09-24 02:47:00,2026-09-24,2026-09-24 03:39:00,2026-09-24 05:29:00,Medium,3,Large outbound transfer,Network,T1041,WS-047,Analyst D,Closed,False Positive,120,52,162,Met,2026-10-01 00:00:00,Synthetic
ALT-01420,2026-09-09 19:49:00,2026-09-09,2026-09-09 20:26:00,2026-09-10 14:40:00,High,2,Large outbound transfer,Network,T1041,WS-034,Analyst D,Closed,False Positive,30,37,1131,Breached,2026-10-01 00:00:00,Synthetic
ALT-01421,2026-09-05 23:15:00,2026-09-05,2026-09-06 00:13:00,2026-09-06 07:52:00,Medium,3,Unusual remote access,Identity,T1078,WS-058,Analyst A,Closed,True Positive,120,58,517,Met,2026-10-01 00:00:00,Synthetic
ALT-01422,2026-09-27 04:18:00,2026-09-27,2026-09-27 04:55:00,2026-09-27 12:48:00,High,2,Repeated authentication failures,Identity,T1110,WS-045,Analyst D,Closed,Benign Positive,30,37,510,Breached,2026-10-01 00:00:00,Synthetic
ALT-01423,2026-09-18 20:04:00,2026-09-18,2026-09-19 02:00:00,,Medium,3,Suspicious PowerShell,Endpoint,T1059.001,WS-018,Analyst D,In Progress,Pending,120,356,,Breached,2026-10-01 00:00:00,Synthetic
ALT-01424,2026-09-10 08:41:00,2026-09-10,2026-09-10 09:19:00,2026-09-11 05:50:00,High,2,Suspicious PowerShell,Endpoint,T1059.001,WS-001,Analyst A,Closed,True Positive,30,38,1269,Breached,2026-10-01 00:00:00,Synthetic
ALT-01425,2026-09-09 10:09:00,2026-09-09,2026-09-09 12:47:00,2026-09-10 12:25:00,Medium,3,Unusual remote access,Identity,T1078,WS-021,Analyst A,Closed,True Positive,120,158,1576,Breached,2026-10-01 00:00:00,Synthetic
ALT-01426,2026-09-08 14:01:00,2026-09-08,2026-09-08 14:04:00,2026-09-09 12:58:00,High,2,Large outbound transfer,Network,T1041,WS-022,Analyst A,Closed,False Positive,30,3,1377,Met,2026-10-01 00:00:00,Synthetic
ALT-01427,2026-09-09 01:53:00,2026-09-09,2026-09-09 02:04:00,2026-09-09 22:30:00,Low,4,Repeated authentication failures,Identity,T1110,WS-031,Analyst A,Closed,False Positive,240,11,1237,Met,2026-10-01 00:00:00,Synthetic
ALT-01428,2026-09-23 05:21:00,2026-09-23,2026-09-23 05:40:00,2026-09-24 01:11:00,Low,4,Large outbound transfer,Network,T1041,WS-019,Analyst B,Closed,False Positive,240,19,1190,Met,2026-10-01 00:00:00,Synthetic
ALT-01429,2026-09-24 21:44:00,2026-09-24,2026-09-24 22:37:00,,Medium,3,Suspicious PowerShell,Endpoint,T1059.001,WS-020,Analyst C,In Progress,Pending,120,53,,Met,2026-10-01 00:00:00,Synthetic
ALT-01430,2026-09-21 14:22:00,2026-09-21,,,Medium,3,Periodic outbound connection,Network,T1071.001,WS-017,Unassigned,New,Pending,120,,,Breached,2026-10-01 00:00:00,Synthetic
ALT-01431,2026-09-23 03:22:00,2026-09-23,2026-09-23 04:09:00,2026-09-23 14:35:00,High,2,Large outbound transfer,Network,T1041,WS-058,Analyst D,Closed,False Positive,30,47,673,Breached,2026-10-01 00:00:00,Synthetic
ALT-01432,2026-09-06 03:09:00,2026-09-06,2026-09-06 03:13:00,,High,2,Suspicious email attachment,Email,T1566.001,WS-010,Analyst D,In Progress,Pending,30,4,,Met,2026-10-01 00:00:00,Synthetic
ALT-01433,2026-09-11 00:34:00,2026-09-11,2026-09-11 00:51:00,2026-09-11 09:21:00,Medium,3,Suspicious PowerShell,Endpoint,T1059.001,WS-045,Analyst D,Closed,False Positive,120,17,527,Met,2026-10-01 00:00:00,Synthetic
ALT-01434,2026-09-17 08:34:00,2026-09-17,2026-09-17 09:24:00,2026-09-18 07:22:00,High,2,Repeated authentication failures,Identity,T1110,WS-018,Analyst D,Closed,True Positive,30,50,1368,Breached,2026-10-01 00:00:00,Synthetic
ALT-01435,2026-09-24 23:31:00,2026-09-24,2026-09-25 00:15:00,2026-09-25 13:45:00,High,2,Unusual remote access,Identity,T1078,WS-018,Analyst C,Closed,False Positive,30,44,854,Breached,2026-10-01 00:00:00,Synthetic
ALT-01436,2026-09-09 16:09:00,2026-09-09,2026-09-09 16:50:00,2026-09-09 21:11:00,Critical,1,Suspicious email attachment,Email,T1566.001,WS-030,Analyst C,Closed,False Positive,15,41,302,Breached,2026-10-01 00:00:00,Synthetic
ALT-01437,2026-09-14 03:01:00,2026-09-14,2026-09-14 04:30:00,2026-09-14 09:41:00,High,2,Repeated authentication failures,Identity,T1110,WS-010,Analyst C,Closed,False Positive,30,89,400,Breached,2026-10-01 00:00:00,Synthetic
ALT-01438,2026-09-29 09:21:00,2026-09-29,2026-09-29 11:50:00,2026-09-29 14:12:00,Medium,3,Suspicious PowerShell,Endpoint,T1059.001,WS-001,Analyst D,Closed,False Positive,120,149,291,Breached,2026-10-01 00:00:00,Synthetic
ALT-01439,2026-09-02 20:43:00,2026-09-02,2026-09-02 21:47:00,2026-09-03 08:23:00,High,2,Suspicious email attachment,Email,T1566.001,WS-023,Analyst A,Closed,True Positive,30,64,700,Breached,2026-10-01 00:00:00,Synthetic
ALT-01440,2026-09-03 06:30:00,2026-09-03,2026-09-03 07:36:00,,High,2,Periodic outbound connection,Network,T1071.001,WS-043,Analyst B,In Progress,Pending,30,66,,Breached,2026-10-01 00:00:00,Synthetic
ALT-01441,2026-09-04 21:56:00,2026-09-04,,,Medium,3,Suspicious PowerShell,Endpoint,T1059.001,WS-013,Unassigned,New,Pending,120,,,Breached,2026-10-01 00:00:00,Synthetic
ALT-01442,2026-09-20 15:54:00,2026-09-20,2026-09-20 16:12:00,2026-09-21 08:31:00,Medium,3,Repeated authentication failures,Identity,T1110,WS-016,Analyst D,Closed,Benign Positive,120,18,997,Met,2026-10-01 00:00:00,Synthetic
ALT-01443,2026-09-20 05:33:00,2026-09-20,2026-09-20 08:09:00,,Medium,3,Repeated authentication failures,Identity,T1110,WS-039,Analyst C,In Progress,Pending,120,156,,Breached,2026-10-01 00:00:00,Synthetic
ALT-01444,2026-09-08 21:17:00,2026-09-08,2026-09-09 02:15:00,,Medium,3,Unusual remote access,Identity,T1078,WS-009,Analyst B,In Progress,Pending,120,298,,Breached,2026-10-01 00:00:00,Synthetic
ALT-01445,2026-09-12 09:05:00,2026-09-12,2026-09-12 09:46:00,2026-09-12 12:51:00,High,2,Suspicious email attachment,Email,T1566.001,WS-060,Analyst D,Closed,True Positive,30,41,226,Breached,2026-10-01 00:00:00,Synthetic
ALT-01446,2026-09-25 20:11:00,2026-09-25,2026-09-25 21:20:00,2026-09-26 12:35:00,High,2,Large outbound transfer,Network,T1041,WS-033,Analyst C,Closed,False Positive,30,69,984,Breached,2026-10-01 00:00:00,Synthetic
ALT-01447,2026-09-22 07:35:00,2026-09-22,2026-09-22 11:07:00,2026-09-23 03:01:00,Medium,3,Large outbound transfer,Network,T1041,WS-036,Analyst A,Closed,True Positive,120,212,1166,Breached,2026-10-01 00:00:00,Synthetic
ALT-01448,2026-09-20 03:45:00,2026-09-20,2026-09-20 04:25:00,2026-09-20 12:51:00,High,2,Suspicious PowerShell,Endpoint,T1059.001,WS-024,Analyst B,Closed,False Positive,30,40,546,Breached,2026-10-01 00:00:00,Synthetic
ALT-01449,2026-09-29 06:10:00,2026-09-29,2026-09-29 06:39:00,,Medium,3,Suspicious email attachment,Email,T1566.001,WS-049,Analyst D,In Progress,Pending,120,29,,Met,2026-10-01 00:00:00,Synthetic
ALT-01450,2026-09-06 17:33:00,2026-09-06,2026-09-06 22:00:00,2026-09-07 13:52:00,Medium,3,Repeated authentication failures,Identity,T1110,WS-006,Analyst A,Closed,Benign Positive,120,267,1219,Breached,2026-10-01 00:00:00,Synthetic
ALT-01451,2026-09-13 07:06:00,2026-09-13,2026-09-13 17:16:00,2026-09-13 20:45:00,Low,4,Unusual remote access,Identity,T1078,WS-037,Analyst D,Closed,Benign Positive,240,610,819,Breached,2026-10-01 00:00:00,Synthetic
ALT-01452,2026-09-16 01:52:00,2026-09-16,2026-09-16 13:24:00,,Low,4,Repeated authentication failures,Identity,T1110,WS-033,Analyst A,In Progress,Pending,240,692,,Breached,2026-10-01 00:00:00,Synthetic
ALT-01453,2026-09-10 07:59:00,2026-09-10,2026-09-10 12:14:00,,Medium,3,Suspicious email attachment,Email,T1566.001,WS-009,Analyst B,In Progress,Pending,120,255,,Breached,2026-10-01 00:00:00,Synthetic
ALT-01454,2026-09-30 02:41:00,2026-09-30,2026-09-30 02:49:00,2026-09-30 19:32:00,Low,4,Periodic outbound connection,Network,T1071.001,WS-013,Analyst A,Closed,False Positive,240,8,1011,Met,2026-10-01 00:00:00,Synthetic
ALT-01455,2026-09-04 01:20:00,2026-09-04,2026-09-04 01:55:00,,Critical,1,Suspicious email attachment,Email,T1566.001,WS-007,Analyst B,In Progress,Pending,15,35,,Breached,2026-10-01 00:00:00,Synthetic
ALT-01456,2026-09-10 07:08:00,2026-09-10,2026-09-10 08:06:00,,High,2,Repeated authentication failures,Identity,T1110,WS-026,Analyst A,In Progress,Pending,30,58,,Breached,2026-10-01 00:00:00,Synthetic
ALT-01457,2026-09-06 13:03:00,2026-09-06,,,High,2,Large outbound transfer,Network,T1041,WS-053,Unassigned,New,Pending,30,,,Breached,2026-10-01 00:00:00,Synthetic
ALT-01458,2026-09-11 16:36:00,2026-09-11,2026-09-12 03:05:00,2026-09-13 02:30:00,Low,4,Suspicious email attachment,Email,T1566.001,WS-043,Analyst A,Closed,False Positive,240,629,2034,Breached,2026-10-01 00:00:00,Synthetic
ALT-01459,2026-09-20 16:14:00,2026-09-20,2026-09-20 17:40:00,2026-09-21 02:02:00,High,2,Repeated authentication failures,Identity,T1110,WS-048,Analyst B,Closed,True Positive,30,86,588,Breached,2026-10-01 00:00:00,Synthetic
ALT-01460,2026-09-22 16:05:00,2026-09-22,2026-09-22 21:08:00,2026-09-23 14:07:00,Medium,3,Periodic outbound connection,Network,T1071.001,WS-018,Analyst D,Closed,False Positive,120,303,1322,Breached,2026-10-01 00:00:00,Synthetic
ALT-01461,2026-09-18 13:25:00,2026-09-18,2026-09-18 17:04:00,2026-09-18 22:17:00,Medium,3,Repeated authentication failures,Identity,T1110,WS-030,Analyst A,Closed,True Positive,120,219,532,Breached,2026-10-01 00:00:00,Synthetic
ALT-01462,2026-09-26 16:16:00,2026-09-26,2026-09-26 21:48:00,2026-09-27 20:10:00,Medium,3,Suspicious email attachment,Email,T1566.001,WS-040,Analyst D,Closed,Benign Positive,120,332,1674,Breached,2026-10-01 00:00:00,Synthetic
ALT-01463,2026-09-02 22:33:00,2026-09-02,,,Low,4,Periodic outbound connection,Network,T1071.001,WS-030,Unassigned,New,Pending,240,,,Breached,2026-10-01 00:00:00,Synthetic
ALT-01464,2026-09-21 20:38:00,2026-09-21,2026-09-21 21:44:00,2026-09-22 05:05:00,High,2,Suspicious PowerShell,Endpoint,T1059.001,WS-046,Analyst D,Closed,False Positive,30,66,507,Breached,2026-10-01 00:00:00,Synthetic
ALT-01465,2026-09-24 08:22:00,2026-09-24,2026-09-24 09:05:00,2026-09-25 04:28:00,Critical,1,Unusual remote access,Identity,T1078,WS-046,Analyst B,Closed,False Positive,15,43,1206,Breached,2026-10-01 00:00:00,Synthetic
ALT-01466,2026-09-13 16:01:00,2026-09-13,2026-09-13 22:46:00,2026-09-14 01:15:00,Low,4,Unusual remote access,Identity,T1078,WS-042,Analyst D,Closed,Benign Positive,240,405,554,Breached,2026-10-01 00:00:00,Synthetic
ALT-01467,2026-09-18 03:15:00,2026-09-18,2026-09-18 13:06:00,2026-09-19 06:34:00,Low,4,Suspicious email attachment,Email,T1566.001,WS-034,Analyst C,Closed,False Positive,240,591,1639,Breached,2026-10-01 00:00:00,Synthetic
ALT-01468,2026-09-06 21:21:00,2026-09-06,,,Medium,3,Suspicious email attachment,Email,T1566.001,WS-023,Unassigned,New,Pending,120,,,Breached,2026-10-01 00:00:00,Synthetic
ALT-01469,2026-09-27 14:25:00,2026-09-27,2026-09-27 14:42:00,2026-09-27 20:17:00,Medium,3,Large outbound transfer,Network,T1041,WS-043,Analyst A,Closed,True Positive,120,17,352,Met,2026-10-01 00:00:00,Synthetic
ALT-01470,2026-09-23 17:30:00,2026-09-23,2026-09-23 21:29:00,2026-09-24 05:43:00,Low,4,Large outbound transfer,Network,T1041,WS-057,Analyst B,Closed,True Positive,240,239,733,Met,2026-10-01 00:00:00,Synthetic
ALT-01471,2026-09-18 11:31:00,2026-09-18,,,Low,4,Large outbound transfer,Network,T1041,WS-004,Unassigned,New,Pending,240,,,Breached,2026-10-01 00:00:00,Synthetic
ALT-01472,2026-09-28 20:21:00,2026-09-28,2026-09-28 20:32:00,,High,2,Repeated authentication failures,Identity,T1110,WS-029,Analyst C,In Progress,Pending,30,11,,Met,2026-10-01 00:00:00,Synthetic
ALT-01473,2026-09-28 14:29:00,2026-09-28,,,Medium,3,Repeated authentication failures,Identity,T1110,WS-021,Unassigned,New,Pending,120,,,Breached,2026-10-01 00:00:00,Synthetic
ALT-01474,2026-09-05 21:35:00,2026-09-05,2026-09-06 03:03:00,2026-09-06 22:48:00,Medium,3,Large outbound transfer,Network,T1041,WS-013,Analyst C,Closed,False Positive,120,328,1513,Breached,2026-10-01 00:00:00,Synthetic
ALT-01475,2026-09-23 08:24:00,2026-09-23,2026-09-23 09:48:00,2026-09-24 00:46:00,Medium,3,Periodic outbound connection,Network,T1071.001,WS-052,Analyst B,Closed,Benign Positive,120,84,982,Met,2026-10-01 00:00:00,Synthetic
ALT-01476,2026-09-04 21:57:00,2026-09-04,,,Medium,3,Unusual remote access,Identity,T1078,WS-007,Unassigned,New,Pending,120,,,Breached,2026-10-01 00:00:00,Synthetic
ALT-01477,2026-09-10 06:19:00,2026-09-10,2026-09-10 06:44:00,,Critical,1,Suspicious PowerShell,Endpoint,T1059.001,WS-050,Analyst D,In Progress,Pending,15,25,,Breached,2026-10-01 00:00:00,Synthetic
ALT-01478,2026-09-26 20:43:00,2026-09-26,2026-09-27 02:34:00,2026-09-28 00:39:00,Medium,3,Repeated authentication failures,Identity,T1110,WS-013,Analyst B,Closed,False Positive,120,351,1676,Breached,2026-10-01 00:00:00,Synthetic
ALT-01479,2026-09-26 22:59:00,2026-09-26,2026-09-27 09:34:00,2026-09-28 04:48:00,Low,4,Suspicious email attachment,Email,T1566.001,WS-052,Analyst A,Closed,Benign Positive,240,635,1789,Breached,2026-10-01 00:00:00,Synthetic
ALT-01480,2026-09-20 23:22:00,2026-09-20,2026-09-21 04:15:00,,Medium,3,Large outbound transfer,Network,T1041,WS-006,Analyst B,In Progress,Pending,120,293,,Breached,2026-10-01 00:00:00,Synthetic
ALT-01481,2026-09-24 12:58:00,2026-09-24,2026-09-24 13:06:00,2026-09-25 09:47:00,High,2,Repeated authentication failures,Identity,T1110,WS-002,Analyst B,Closed,False Positive,30,8,1249,Met,2026-10-01 00:00:00,Synthetic
ALT-01482,2026-09-14 04:38:00,2026-09-14,2026-09-14 10:46:00,2026-09-14 13:15:00,Low,4,Periodic outbound connection,Network,T1071.001,WS-011,Analyst C,Closed,Benign Positive,240,368,517,Breached,2026-10-01 00:00:00,Synthetic
ALT-01483,2026-09-04 09:40:00,2026-09-04,2026-09-04 14:54:00,,Medium,3,Suspicious PowerShell,Endpoint,T1059.001,WS-033,Analyst C,In Progress,Pending,120,314,,Breached,2026-10-01 00:00:00,Synthetic
ALT-01484,2026-09-19 04:03:00,2026-09-19,2026-09-19 05:01:00,2026-09-20 01:04:00,Medium,3,Suspicious email attachment,Email,T1566.001,WS-059,Analyst C,Closed,False Positive,120,58,1261,Met,2026-10-01 00:00:00,Synthetic
ALT-01485,2026-09-30 17:30:00,2026-09-30,2026-09-30 17:44:00,,Critical,1,Periodic outbound connection,Network,T1071.001,WS-057,Analyst A,In Progress,Pending,15,14,,Met,2026-10-01 00:00:00,Synthetic
ALT-01486,2026-09-07 08:08:00,2026-09-07,2026-09-07 09:34:00,2026-09-07 11:51:00,High,2,Unusual remote access,Identity,T1078,WS-005,Analyst A,Closed,True Positive,30,86,223,Breached,2026-10-01 00:00:00,Synthetic
ALT-01487,2026-09-16 17:45:00,2026-09-16,2026-09-17 04:14:00,2026-09-17 07:09:00,Low,4,Large outbound transfer,Network,T1041,WS-031,Analyst B,Closed,Benign Positive,240,629,804,Breached,2026-10-01 00:00:00,Synthetic
ALT-01488,2026-09-13 07:28:00,2026-09-13,2026-09-13 11:49:00,2026-09-13 19:40:00,Medium,3,Repeated authentication failures,Identity,T1110,WS-028,Analyst D,Closed,False Positive,120,261,732,Breached,2026-10-01 00:00:00,Synthetic
ALT-01489,2026-09-14 19:24:00,2026-09-14,2026-09-14 20:22:00,2026-09-14 21:25:00,Low,4,Suspicious PowerShell,Endpoint,T1059.001,WS-052,Analyst B,Closed,False Positive,240,58,121,Met,2026-10-01 00:00:00,Synthetic
ALT-01490,2026-09-25 07:28:00,2026-09-25,2026-09-25 07:39:00,2026-09-26 02:40:00,Medium,3,Large outbound transfer,Network,T1041,WS-025,Analyst D,Closed,False Positive,120,11,1152,Met,2026-10-01 00:00:00,Synthetic
ALT-01491,2026-09-06 16:47:00,2026-09-06,2026-09-06 17:48:00,2026-09-07 08:54:00,Medium,3,Large outbound transfer,Network,T1041,WS-040,Analyst C,Closed,True Positive,120,61,967,Met,2026-10-01 00:00:00,Synthetic
ALT-01492,2026-09-17 00:14:00,2026-09-17,,,High,2,Large outbound transfer,Network,T1041,WS-016,Unassigned,New,Pending,30,,,Breached,2026-10-01 00:00:00,Synthetic
ALT-01493,2026-09-11 13:26:00,2026-09-11,2026-09-11 14:36:00,2026-09-12 10:09:00,High,2,Repeated authentication failures,Identity,T1110,WS-052,Analyst A,Closed,True Positive,30,70,1243,Breached,2026-10-01 00:00:00,Synthetic
ALT-01494,2026-09-12 08:58:00,2026-09-12,2026-09-12 16:29:00,2026-09-12 22:48:00,Low,4,Repeated authentication failures,Identity,T1110,WS-021,Analyst C,Closed,True Positive,240,451,830,Breached,2026-10-01 00:00:00,Synthetic
ALT-01495,2026-09-28 09:59:00,2026-09-28,,,Medium,3,Suspicious PowerShell,Endpoint,T1059.001,WS-009,Unassigned,New,Pending,120,,,Breached,2026-10-01 00:00:00,Synthetic
ALT-01496,2026-09-28 14:02:00,2026-09-28,2026-09-28 14:43:00,2026-09-28 17:29:00,Medium,3,Unusual remote access,Identity,T1078,WS-035,Analyst B,Closed,True Positive,120,41,207,Met,2026-10-01 00:00:00,Synthetic
ALT-01497,2026-09-23 12:35:00,2026-09-23,2026-09-23 14:29:00,,Medium,3,Periodic outbound connection,Network,T1071.001,WS-029,Analyst C,In Progress,Pending,120,114,,Met,2026-10-01 00:00:00,Synthetic
ALT-01498,2026-09-17 16:47:00,2026-09-17,2026-09-17 20:59:00,,Low,4,Periodic outbound connection,Network,T1071.001,WS-034,Analyst C,In Progress,Pending,240,252,,Breached,2026-10-01 00:00:00,Synthetic
ALT-01499,2026-09-15 12:16:00,2026-09-15,2026-09-15 15:15:00,2026-09-16 05:26:00,Medium,3,Suspicious email attachment,Email,T1566.001,WS-040,Analyst D,Closed,False Positive,120,179,1030,Breached,2026-10-01 00:00:00,Synthetic
ALT-01500,2026-09-13 17:35:00,2026-09-13,2026-09-13 18:10:00,,Critical,1,Suspicious PowerShell,Endpoint,T1059.001,WS-015,Analyst C,In Progress,Pending,15,35,,Breached,2026-10-01 00:00:00,Synthetic
